id,text,processed,clean_text,emojis,hashtags,source,timestamp,engagement
TI-afd555f3c7,Panagbenga #jeuxtotmo #festival #bulaklak,jeuxtotmo festival bulaklak,panagbenga jeuxtotmo festival bulaklak,[],"['HASHTAG_jeuxtotmo', 'HASHTAG_festival', 'HASHTAG_bulaklak']",https://www.tiktok.com/@jeuxtotmo/video/7634797360828271892,2026-05-01T05:53:13+00:00,10000
TI-e54c3563f5,Koreans attended the Panagbenga Festival 2024 #panagbenga #panagbengafestival #touristattraction #baguio #baguiocity #mustvisit #kimbulan #parade #travel2024,koreans festival touristattraction baguio_baguiocity mustvisit kimbul travel baguio baguiocity parade travel2024,koreans attended the panagbenga festival panagbenga panagbengafestival touristattraction baguio baguiocity mustvisit kimbulan parade travel,[],"['HASHTAG_touristattraction', 'HASHTAG_baguio', 'HASHTAG_baguiocity', 'HASHTAG_mustvisit', 'HASHTAG_kimbulan', 'HASHTAG_parade', 'HASHTAG_travel2024']",https://www.tiktok.com/@kim_bulan4/video/7340163882230566150,2024-02-27T06:24:45+00:00,56300
TI-562962d67d,"Nothing beats the energy of Panagbenga Opening Parade 🌸

The city comes alive with vibrant costumes, powerful performances, and the sound of cheers echoing through Session Road. This isn’t just a parade—it’s Baguio sharing its heart, history, and artistry with everyone. 

#Panagbenga #BaguioCity #Panagbenga2026",nothi beats energy rade city alive vibrant costumes powerful performances sound cheers session_road baguio shari heart history artistry everyone baguiocity panagbenga2026 🌸,nothing beats the energy of panagbenga opening parade the city comes alive with vibrant costumes powerful performances and the sound of cheers echoing through session road this isn t just a parade it s baguio sharing its heart history and artistry with everyone panagbenga baguiocity panagbenga,['🌸'],"['HASHTAG_baguiocity', 'HASHTAG_panagbenga2026']",https://www.tiktok.com/@metropinesinn/video/7601709837650513173,2026-02-01T01:56:44+00:00,15800
TI-a63250e369,"PANAGBENGA FESTIVAL 1ST PLACE🏆
2 days practice gusto lagi rush🧐🤣 

#panagbenga2024 #festival #1stplace 
#bped #bcp",festival place days practice rush bcp 1stplace bped 🏆 🧐 🤣,panagbenga festival st place days practice gusto lagi rush panagbenga festival stplace bped bcp,"['🏆', '🧐', '🤣']","['HASHTAG_festival', 'HASHTAG_1stplace', 'HASHTAG_bped', 'HASHTAG_bcp']",https://www.tiktok.com/@its.kthln31/video/7350962227656068357,2024-03-27T08:47:51+00:00,862
TI-7fdc02c288,Panagbenga 2026 #panagbenga2026 #fypシ゚viral #highlights #baguiocity,highlights baguiocity panagbenga2026,panagbenga panagbenga fypシ viral highlights baguiocity,[],"['HASHTAG_panagbenga2026', 'HASHTAG_fypシ', 'HASHTAG_highlights', 'HASHTAG_baguiocity']",https://www.tiktok.com/@brey_0826/video/7611779785085177106,2026-02-28T05:13:11+00:00,1806
TI-e3ecac1905,"FULL PERFORMANCE of Baryo Kamaisan from Lawig, Ifugao during the Grand Street Dance parade of #Panagbenga2026 
 
#baguio  
#panagbenga",full performance baryo kamais lawig ifugao grand_street dance_baguio panagbenga2026 baguio,full performance of baryo kamaisan from lawig ifugao during the grand street dance parade of panagbenga baguio panagbenga,[],"['HASHTAG_panagbenga2026', 'HASHTAG_baguio']",https://www.tiktok.com/@kwentoninicko/video/7612938375598705940,2026-03-03T08:09:09+00:00,1157
TI-d42c8b9566,"SELFIE MUNA AT CELLPHONE SILA IVAN, LEANARD, DENVER & FRIENDS!🥰 DURING GRAND FLOAT PARADE | PANAGBENGA FESTIVAL 2026!🔥💪🌲

#PageantManila #panagbenga2026 #SaBaguio   #trendingvideo #foryoupageシ",selfie muna cellphone ivan leanard denver friends grand_float rade festival sabaguio trendingvideo pageantmanila panagbenga2026 🥰 🔥 💪 🌲,selfie muna at cellphone sila ivan leanard denver friends during grand float parade panagbenga festival pageantmanila panagbenga sabaguio trendingvideo foryoupageシ,"['🥰', '🔥', '💪', '🌲']","['HASHTAG_pageantmanila', 'HASHTAG_panagbenga2026', 'HASHTAG_sabaguio', 'HASHTAG_trendingvideo', 'HASHTAG_foryoupageシ']",https://www.tiktok.com/@pageantmanila/video/7612639919722237204,2026-03-02T12:50:59+00:00,1333
TI-dd4cdbbbd8,Talented Igorot cultural performer proudly showcases Kalinga culture at the Panagbenga Festival 2026 Opening Parade #Panagbenga2026 #followers➕ #baguiocountryfair2026,igorot cultural performer kalinga culture festival openi rade followers panagbenga2026 ➕,talented igorot cultural performer proudly showcases kalinga culture at the panagbenga festival opening parade panagbenga followers baguiocountryfair,['➕'],"['HASHTAG_panagbenga2026', 'HASHTAG_followers', 'HASHTAG_baguiocountryfair2026']",https://www.tiktok.com/@sgbunzo/video/7606690529711082759,2026-02-14T12:04:16+00:00,1060
TI-cabb437f4c,"Let’s goooooo 9-Diamond
#festival #festivaldance #panagbenga #fypシ",gooo diamond festival festivaldance,let s gooo diamond festival festivaldance panagbenga fypシ,[],"['HASHTAG_festival', 'HASHTAG_festivaldance', 'HASHTAG_fypシ']",https://www.tiktok.com/@9diamownd/video/7599953539745500417,2026-01-27T08:22:16+00:00,5726
TI-c67e4788b2,Baguio Fits + Places we visited👣 #baguio #panagbenga #travel #fyp,baguio fits places travel fyp 👣,baguio fits places we visited baguio panagbenga travel fyp,['👣'],"['HASHTAG_baguio', 'HASHTAG_travel', 'HASHTAG_fyp']",https://www.tiktok.com/@pamedly_/video/7614761431652666632,2026-03-08T06:03:33+00:00,31100
TI-94272b130a,Who wants to see the full dance?!🇵🇭 #philippines #bisaya #panagbenga #dance #filipino,full dance philippines filipino bisaya,who wants to see the full dance philippines bisaya panagbenga dance filipino,[],"['HASHTAG_philippines', 'HASHTAG_bisaya', 'HASHTAG_dance', 'HASHTAG_filipino']",https://www.tiktok.com/@katong.kano/video/7618832080092269838,2026-03-19T05:20:16+00:00,664900
TI-db94d728c6,"Panagbenga Festival 2026

Igorot Hottie ❤️ 

#baguiocity #Panagbenga2026 #IgorotBoys #Panagbenga #takido",festival igorot hottie baguiocity takido panagbenga2026 igorotboys ❤,panagbenga festival igorot hottie baguiocity panagbenga igorotboys panagbenga takido,['❤'],"['HASHTAG_baguiocity', 'HASHTAG_panagbenga2026', 'HASHTAG_igorotboys', 'HASHTAG_takido']",https://www.tiktok.com/@takido/video/7612298529591004436,2026-03-01T14:46:14+00:00,1560
TI-e7ef2915ae,Ang galante nila sa mga drinks and premyo. Thank you🥰#panagbenga2026 #baguiocity #melvinjonesbaguiocity #fyp #panagbengafestival2026,galante thank baguiocity fyp panagbenga2026 🥰,ang galante nila sa mga drinks and premyo thank you panagbenga baguiocity melvinjonesbaguiocity fyp panagbengafestival,['🥰'],"['HASHTAG_panagbenga2026', 'HASHTAG_baguiocity', 'HASHTAG_melvinjonesbaguiocity', 'HASHTAG_fyp', 'HASHTAG_panagbengafestival2026']",https://www.tiktok.com/@yuzu.eclair/video/7612275555358035221,2026-03-01T13:17:05+00:00,42
TI-964544d9e9,"Panagbenga 2026 Session Road in Bloom
#panagbenga2026 #baguio #sessionroad #food",session_road bloom baguio food panagbenga2026,panagbenga session road in bloom panagbenga baguio sessionroad food,[],"['HASHTAG_panagbenga2026', 'HASHTAG_baguio', 'HASHTAG_sessionroad', 'HASHTAG_food']",https://www.tiktok.com/@jeff_ersonnnnn/video/7613396066205027605,2026-03-04T13:45:15+00:00,1471
TI-1023f8b028,"#Pikachu mascot at #PanagbengaFestival2024 faints!!! 

🎥: @MKristelRLS #fyp #flowerparade #float",pikachu mascot faints flowerparade float fyp 🎥,pikachu mascot at panagbengafestival faints fyp flowerparade float,['🎥'],"['HASHTAG_pikachu', 'HASHTAG_fyp', 'HASHTAG_flowerparade', 'HASHTAG_float']",https://www.tiktok.com/@starmometer/video/7339867078263885061,2024-02-26T11:13:00+00:00,1006
TI-5d7c63cd16,Explosive energy at the #Panagbenga Grand Street Dance! 🌼 Definitely brought Baguio’s color and energy to the streets. #Baguio #FlowerFestival #StreetDance #FYP #ForYou #sessionroad #panagbenga2025,explosive energy grand_street dance_baguio color streets flowerfestival streetdance fyp_foryou sessionroad baguio fyp foryou panagbenga2025 🌼,explosive energy at the panagbenga grand street dance definitely brought baguio s color and energy to the streets baguio flowerfestival streetdance fyp foryou sessionroad panagbenga,['🌼'],"['HASHTAG_baguio', 'HASHTAG_flowerfestival', 'HASHTAG_streetdance', 'HASHTAG_fyp', 'HASHTAG_foryou', 'HASHTAG_sessionroad', 'HASHTAG_panagbenga2025']",https://www.tiktok.com/@gdclavel10/video/7474184659400789253,2025-02-22T10:13:53+00:00,529
TI-5aa13ffd35,3rd Place during the Panagbenga Street Dancing Parade #Baguio #panagbenga #parade,place street_danci baguio parade,rd place during the panagbenga street dancing parade baguio panagbenga parade,[],"['HASHTAG_baguio', 'HASHTAG_parade']",https://www.tiktok.com/@wen.ngarud7/video/7636243643136757000,2026-05-05T03:25:29+00:00,3
TI-c50b00839b,"FULL PERFORMANCE of Tribu Eulogiano from Bauang, La Union with their Baggak Festival during the Grabd Street Dance parade of #panagbenga2026 
 
#panagbenga #baguio",full performance tribu eulogiano baua union baggak festival grabd street_dance baguio panagbenga2026,full performance of tribu eulogiano from bauang la union with their baggak festival during the grabd street dance parade of panagbenga panagbenga baguio,[],"['HASHTAG_panagbenga2026', 'HASHTAG_baguio']",https://www.tiktok.com/@kwentoninicko/video/7613595357716483348,2026-03-05T02:38:44+00:00,454
TI-e099fbf5a6,"Baguio, you really did that! Panagbenga with GameZone was next level. 🌺
#GamePanagbenga #RealGameRealPlayer #Panagbenga2026",baguio gamezone next level gamepanagbenga realgamerealplayer panagbenga2026 🌺,baguio you really did that panagbenga with gamezone was next level gamepanagbenga realgamerealplayer panagbenga,['🌺'],"['HASHTAG_gamepanagbenga', 'HASHTAG_realgamerealplayer', 'HASHTAG_panagbenga2026']",https://www.tiktok.com/@awrabriguela/video/7612275027894963464,2026-03-01T13:14:59+00:00,124200
TI-b96a7ced1b,"If you're traveling to Baguio this month until March 8, catch some of the events for the Panagbenga Flower Festival celebration! 🌼🌸🍓
P.S. Expect heavy traffic especially on parade days 🥲
.
.
#Baguio #fyp #Panagbenga #travel #festivals",traveli baguio month march catch events festival celebration heavy traffic rade days fyp 🌼 🌸 🍓 🥲,if you re traveling to baguio this month until march catch some of the events for the panagbenga flower festival celebration p s expect heavy traffic especially on parade days baguio fyp panagbenga travel festivals,"['🌼', '🌸', '🍓', '🥲']","['HASHTAG_baguio', 'HASHTAG_fyp', 'HASHTAG_travel', 'HASHTAG_festivals']",https://www.tiktok.com/@angelbeee_/video/7604489341334785300,2026-02-08T13:42:35+00:00,31
TI-518924dda6,panagbenga,,panagbenga,[],[],https://www.tiktok.com/@cherclaire_00/video/7293713224145341701,2023-10-25T02:12:29+00:00,3344
TI-ebddcf5f67,"Check you itinerary accordingly! ✅

If you like crowds & big events, follow the Official Panagbenga Calendar of Activities 📆

If you like to experience something local — go to a flea market! Bonus: unique pasalubongs! 

Only at the Komyuniti Flea Market 🤩
📆 February 20-21 ⏰ 11AM to 8PM
📍 4F ECCO One Bldg. Assumption Road

#baguio #fleamarket #fyp #panagbenga",check itinerary big events official calendar activities experience somethi local flea market bonus unique salubongs february ecco bldg assumption road baguio fleamarket fyp ✅ 📆 🤩 📆 ⏰ 📍,check you itinerary accordingly if you like crowds big events follow the official panagbenga calendar of activities if you like to experience something local go to a flea market bonus unique pasalubongs only at the komyuniti flea market february am to pm f ecco one bldg assumption road baguio fleamarket fyp panagbenga,"['✅', '📆', '🤩', '📆', '⏰', '📍']","['HASHTAG_baguio', 'HASHTAG_fleamarket', 'HASHTAG_fyp']",https://www.tiktok.com/@bythepeople___/video/7608150952285048084,2026-02-18T10:31:31+00:00,272
TI-8821d844da,#baguio #baguiocity #panagbenga #fyp #fleamarket,baguio_baguiocity fleamarket baguio baguiocity fyp,baguio baguiocity panagbenga fyp fleamarket,[],"['HASHTAG_baguio', 'HASHTAG_baguiocity', 'HASHTAG_fyp', 'HASHTAG_fleamarket']",https://www.tiktok.com/@thecityoffindss/video/7603981233600646408,2026-02-07T04:50:51+00:00,1503
TI-2ad4840c14,"As Panagbenga Festival paints Baguio City in full bloom, expect vibrant parades, heavier traffic, and thousands of happy festival goers filling the streets. 🌼✨

Here’s your quick guide before heading out:

🚧 Road Closures
Major roads like Session Road, Harrison Road, and Magsaysay Road will have early morning closures during parade days. Plan ahead and leave early.

🚶 Best Way Around the CBD
Once you’re in the city center, walking is your best friend. Wear comfy shoes, stay hydrated, and enjoy the street energy.

🧭 Pro Tip for Foodies
When the crowd gets overwhelming and your feet need a break, step away from the noise and recharge with a feast that’s just as festive.

At Myeongdong Jjigae, the flavors are blooming too. 🌸🔥 From unlimited samgyup (with unlimited cheese!) to comforting buffet options or hotpot, it’s the perfect pause between parades. Refuel, cool down, and get back to the celebration energized.

📍 2F City Hub, 92 Gen. Luna Rd (Corner Leonard Wood), Baguio City
🕥 10:30 AM – 9:00 PM

Celebrate the colors outside. Taste the bloom inside.
See you at Myeongdong Jjigae. 💛

#Panagbenga2026 #BaguioFlowerFestival #MyeongdongJjigae #BaguioEats #BaguioCity",festival ints city full bloom vibrant rades traffic thousands happy goers streets quick guide headi road major session_road harrison early morni closures days best way cbd center friend wear comfy shoes enjoy energy pro tip foodies overwhelmi feet break noise recharge feast festive myeongdo jjigae flavors unlimited samgyup cheese comforti buffet options perfect use cool celebration hub gen luna corner baguio_city celebrate colors taste side baguioflowerfestival myeongdongjjigae baguioeats panagbenga2026 🌼 ✨ 🚧 🚶 🧭 🌸 🔥 📍 🕥 💛,as panagbenga festival paints baguio city in full bloom expect vibrant parades heavier traffic and thousands of happy festival goers filling the streets here s your quick guide before heading out road closures major roads like session road harrison road and magsaysay road will have early morning closures during parade days plan ahead and leave early best way around the cbd once you re in the city center walking is your best friend wear comfy shoes stay hydrated and enjoy the street energy pro tip for foodies when the crowd gets overwhelming and your feet need a break step away from the noise and recharge with a feast that s just as festive at myeongdong jjigae the flavors are blooming too from unlimited samgyup with unlimited cheese to comforting buffet options or hotpot it s the perfect pause between parades refuel cool down and get back to the celebration energized f city hub gen luna rd corner leonard wood baguio city am pm celebrate the colors outside taste the bloom inside see you at myeongdong jjigae panagbenga baguioflowerfestival myeongdongjjigae baguioeats baguiocity,"['🌼', '✨', '🚧', '🚶', '🧭', '🌸', '🔥', '📍', '🕥', '💛']","['HASHTAG_panagbenga2026', 'HASHTAG_baguioflowerfestival', 'HASHTAG_myeongdongjjigae', 'HASHTAG_baguioeats', 'HASHTAG_baguiocity']",https://www.tiktok.com/@myeongdongjjigae_baguio/video/7611806175386029333,2026-02-28T06:55:47+00:00,1762
TI-6d3634be64,"Ating alamin ang makasaysayang istorya ng Panagbenga Festival! 

#culture #panagbenga #festival #facts #philippines",alam saysaya istorya festival culture facts philippines,ating alamin ang makasaysayang istorya ng panagbenga festival culture panagbenga festival facts philippines,[],"['HASHTAG_culture', 'HASHTAG_festival', 'HASHTAG_facts', 'HASHTAG_philippines']",https://www.tiktok.com/@.jay.jay.16/video/7600200104703692052,2026-01-28T00:18:14+00:00,89
TI-c7f7732661,"It’s Panagbenga Season, and I know you’ve been waiting for this! 🌸

Here’s a sneak peek of Market Encounter 2026 at Burnham Park – Part 1! Explore a variety of stalls offering not just shawarma (iykyk 😋), but also delicious bites, refreshing drinks to quench your thirst after all the walking, and even dry goods like clothes, bed sheets, curtains, and more. 💫

You’ll also find beautiful jewelry and, of course, the classic Baguio pasalubongs! 🎁

Swipe right to see more! ➡️

#tourista #panagbenga #baguio #fyp #baguiocity",season sneak peek market_encounter burnham park part variety shawarma iykyk delicious bites quench walki dry goods clothes sheets curtains beautiful jewelry course classic baguio salubongs swipe tourista fyp baguiocity 🌸 😋 💫 🎁 ➡,it s panagbenga season and i know you ve been waiting for this here s a sneak peek of market encounter at burnham park part explore a variety of stalls offering not just shawarma iykyk but also delicious bites refreshing drinks to quench your thirst after all the walking and even dry goods like clothes bed sheets curtains and more you ll also find beautiful jewelry and of course the classic baguio pasalubongs swipe right to see more tourista panagbenga baguio fyp baguiocity,"['🌸', '😋', '💫', '🎁', '➡']","['HASHTAG_tourista', 'HASHTAG_baguio', 'HASHTAG_fyp', 'HASHTAG_baguiocity']",https://www.tiktok.com/@touristaph/video/7606215610929794311,2026-02-13T05:21:21+00:00,118
TI-22b6041421,"You wouldn’t want to miss these finds 😉

📍The Cozy Cove, Leonard Wood Rd
🗓️February 26-27 
⏰9AM-9PM
🎟️FREE ENTRANCE

#panagbenga #baguio #baguiocity #wheninbaguio #fleamarket",want miss cozy wood february free entrance baguio_baguiocity fleamarket baguio baguiocity wheninbaguio 😉 📍 🗓 ⏰ 🎟,you wouldn t want to miss these finds the cozy cove leonard wood rd february am pm free entrance panagbenga baguio baguiocity wheninbaguio fleamarket,"['😉', '📍', '🗓', '⏰', '🎟']","['HASHTAG_baguio', 'HASHTAG_baguiocity', 'HASHTAG_wheninbaguio', 'HASHTAG_fleamarket']",https://www.tiktok.com/@thecityoffindss/video/7609325127758531858,2026-02-21T14:27:51+00:00,737
TI-87838a7a92,"Here are some things you could do in Baguio if you’re aiming for a chill & very-local-like experience 🌲 

Komyuniti Flea Market by By the People ☺️
📆 February 6-7 & 20-21 ⏰ 11AM to 8PM
📍 4F ECCO One Bldg. Assumption Road 
#baguio #tourist #fyp #fleamarket",local experience flea market people february bldg assumption road tourist fyp fleamarket baguio 🌲 ☺ 📆 ⏰ 📍,here are some things you could do in baguio if you re aiming for a chill very local like experience komyuniti flea market by by the people february am to pm f ecco one bldg assumption road baguio tourist fyp fleamarket,"['🌲', '☺', '📆', '⏰', '📍']","['HASHTAG_baguio', 'HASHTAG_tourist', 'HASHTAG_fyp', 'HASHTAG_fleamarket']",https://www.tiktok.com/@bythepeople___/video/7602244779954425108,2026-02-02T12:32:30+00:00,1406
TI-0c9f9db7e8,"‼️ SAVE THIS BEFORE YOU MISS THE BEST EVENTS ‼️

📍Cozy Cove, Leonard Wood Rd.
🗓️February 26-27 
⏰9AM-9PM

#panagbenga #baguio #baguiocity #cupofjoe #baguiofeels",miss best events wood february baguio_baguiocity cupofjoe baguiofeels baguio baguiocity ‼ ‼ 📍 🗓 ⏰,save this before you miss the best events cozy cove leonard wood rd february am pm panagbenga baguio baguiocity cupofjoe baguiofeels,"['‼', '‼', '📍', '🗓', '⏰']","['HASHTAG_baguio', 'HASHTAG_baguiocity', 'HASHTAG_cupofjoe', 'HASHTAG_baguiofeels']",https://www.tiktok.com/@thecityoffindss/video/7607435412176489736,2026-02-16T12:14:51+00:00,7095
TI-2b542c3c1a,"Baguio, are you ready to sing your heart out? 🎤💥 I’m hitting the Panagbenga stage! Catch me live on BingoPlus Panagbenga: Bloom Ti Saya!

📅 February 28 | 6:00 PM
📍 Melvin Jones Grandstand, Baguio City
🎟️ FREE Admission 

Kita-kits tayo. Promise, masaya ‘to! ✨

#BPxPanagbenga2026 #PanagbengaBP2026 #BPBloomTiSaya",baguio ready heart hitti stage live bingoplus bloom saya february melv_jones baguio_city free admission kits masaya bpxpanagbenga bengabp bpbloomtisaya panagbengabp2026 🎤 💥 📅 📍 🎟 ✨,baguio are you ready to sing your heart out i m hitting the panagbenga stage catch me live on bingoplus panagbenga bloom ti saya february pm melvin jones grandstand baguio city free admission kita kits tayo promise masaya to bpxpanagbenga panagbengabp bpbloomtisaya,"['🎤', '💥', '📅', '📍', '🎟', '✨']","['HASHTAG_bpxpanagbenga2026', 'HASHTAG_panagbengabp2026', 'HASHTAG_bpbloomtisaya']",https://www.tiktok.com/@patrickquiroz2/video/7610735997000764693,2026-02-25T09:42:53+00:00,713
TI-8dedb6b420,"Panagbenga Festival Schedule is out! 🌸🎉 Baguio is blooming with parades, flowers, and nonstop vibes. Plan your trip and don’t miss a single moment of the Flower Festival!

Follow for updated Baguio events, travel tips, and festival highlights 🌼

#PanagbengaFestival
#Panagbenga2026
#BaguioEvents
#FlowerFestivalPH
#BaguioTravel",festival schedule baguio bloomi flowers nonstop vibes trip single moment flower_festival events tips highlights baguioevents baguiotravel panagbenga2026 🌸 🎉 🌼,panagbenga festival schedule is out baguio is blooming with parades flowers and nonstop vibes plan your trip and don t miss a single moment of the flower festival follow for updated baguio events travel tips and festival highlights panagbengafestival panagbenga baguioevents flowerfestivalph baguiotravel,"['🌸', '🎉', '🌼']","['HASHTAG_panagbenga2026', 'HASHTAG_baguioevents', 'HASHTAG_flowerfestivalph', 'HASHTAG_baguiotravel']",https://www.tiktok.com/@maia.rodriguez1919/video/7602131513601215752,2026-02-02T05:12:58+00:00,61
TI-da1b9d50e8,#baguiocity #michaelsager #awrabriguela #kylinealcantara #heavenperalejo,baguiocity michaelsager awrabriguela kylinealcantara heavenperalejo,baguiocity michaelsager awrabriguela kylinealcantara heavenperalejo,[],"['HASHTAG_baguiocity', 'HASHTAG_michaelsager', 'HASHTAG_awrabriguela', 'HASHTAG_kylinealcantara', 'HASHTAG_heavenperalejo']",https://www.tiktok.com/@nicoleeoodeonn/video/7612541322418752776,2026-03-02T06:28:24+00:00,261600
TI-49cb788c8c,"Newest Attraction in Baguio City malapit na magopen

Baguio City is about to witness the rise of an extraordinary landmark—the Dragon Treasure Castle! 🐉🐲

🐉SOFT OPENING: February 10, 2025 at 6 oclock am- 6 oclock pm

REGISTRATION & PARKING sa GATE 1. 
📍 Location: DRAGON'S LAIR , BLOCK 8, JADE STREET, Irisville Subdivision Phase 2,  PUROK 20, Upper Irisan, Baguio City

Regular Ticket : Php 165.00
PWD/Seniors/Students : Php 132.00
Parking Fee: For Buses Php 100.00
Php 50.00 all types of vehicles except buses
For motorcycle: Php 30.00

#baguiocity #panagbenga #sabaguio #baguiofeels #baguio #seaofclouds #stonekingdom #newattraction #fyp #foryou",newest attraction baguio_city malapit open witness rise extraordinary landmark dragon treasure castle soft february oclock registration rki gate location lair block jade street irisville subdivision phase purok upper iris regular ticket php pwd seniors students fee buses types vehicles sabaguio baguiofeels seaofclouds stonekingdom fyp_foryou fyp foryou 🐉 🐲 🐉 📍,newest attraction in baguio city malapit na magopen baguio city is about to witness the rise of an extraordinary landmark the dragon treasure castle soft opening february at oclock am oclock pm registration parking sa gate location dragon s lair block jade street irisville subdivision phase purok upper irisan baguio city regular ticket php pwd seniors students php parking fee for buses php php all types of vehicles except buses for motorcycle php baguiocity panagbenga sabaguio baguiofeels baguio seaofclouds stonekingdom newattraction fyp foryou,"['🐉', '🐲', '🐉', '📍']","['HASHTAG_baguiocity', 'HASHTAG_sabaguio', 'HASHTAG_baguiofeels', 'HASHTAG_baguio', 'HASHTAG_seaofclouds', 'HASHTAG_stonekingdom', 'HASHTAG_newattraction', 'HASHTAG_fyp', 'HASHTAG_foryou']",https://www.tiktok.com/@octagongaminghub/video/7467453497307434256,2025-02-04T06:53:58+00:00,10500
TI-bc1a2df57b,"here’s everything you can buy at market encounter! 👗🧸🛍️🎏🍓

#panagbenga #panagbengafestival #baguiocity #burnhampark #fyp #foryou #foryoupage #baguiomarketencounter #whattobuy #shopping #cardigan #fleece #plushies #pasalubong #luckycharms #abaccaslippers",everythi buy market_encounter baguiocity burnhampark fyp_foryou foryoupage shoppi cardig fleece plushies luckycharms abaccaslippers fyp foryou whattobuy pasalubong 👗 🧸 🛍 🎏 🍓,here s everything you can buy at market encounter panagbenga panagbengafestival baguiocity burnhampark fyp foryou foryoupage baguiomarketencounter whattobuy shopping cardigan fleece plushies pasalubong luckycharms abaccaslippers,"['👗', '🧸', '🛍', '🎏', '🍓']","['HASHTAG_baguiocity', 'HASHTAG_burnhampark', 'HASHTAG_fyp', 'HASHTAG_foryou', 'HASHTAG_foryoupage', 'HASHTAG_baguiomarketencounter', 'HASHTAG_whattobuy', 'HASHTAG_shopping', 'HASHTAG_cardigan', 'HASHTAG_fleece', 'HASHTAG_plushies', 'HASHTAG_pasalubong', 'HASHTAG_luckycharms', 'HASHTAG_abaccaslippers']",https://www.tiktok.com/@hernameisvinia/video/7334137922951597318,2024-02-11T00:40:59+00:00,687
TI-b518b7df7e,"Saan aabot ang ₱6,000 mo?

Tip: Mas makakatipid kayo pag naglakad kayo🤣 
#baguiocity #baguio #baguiofeels #panagbenga #viraltiktok",aabot tip mas katipid lakad baguiocity_baguio baguiofeels baguiocity baguio viraltiktok 🤣,saan aabot ang mo tip mas makakatipid kayo pag naglakad kayo baguiocity baguio baguiofeels panagbenga viraltiktok,['🤣'],"['HASHTAG_baguiocity', 'HASHTAG_baguio', 'HASHTAG_baguiofeels', 'HASHTAG_viraltiktok']",https://www.tiktok.com/@ad0b0ngta0/video/7605862080037571861,2026-02-12T06:29:30+00:00,19900
TI-45edcb8422,"here’s everything I ate at the market encounter food court !! 🌯🥡🍨🍓

#panagbenga #panagbengafestival #foodcourt #baguiocity #baguiofoodtrip #foodtiktok #foodtrip #shawarma #friedicecream #crablets #wheretoeat #streetfood #burnhampark #fyp #foryou #foryoupage",everythi ate market_encounter food court foodcourt baguiocity baguiofoodtrip foodtiktok foodtrip shawarma friedicecream crablets streetfood burnhampark fyp_foryou foryoupage wheretoeat fyp foryou 🌯 🥡 🍨 🍓,here s everything i ate at the market encounter food court panagbenga panagbengafestival foodcourt baguiocity baguiofoodtrip foodtiktok foodtrip shawarma friedicecream crablets wheretoeat streetfood burnhampark fyp foryou foryoupage,"['🌯', '🥡', '🍨', '🍓']","['HASHTAG_foodcourt', 'HASHTAG_baguiocity', 'HASHTAG_baguiofoodtrip', 'HASHTAG_foodtiktok', 'HASHTAG_foodtrip', 'HASHTAG_shawarma', 'HASHTAG_friedicecream', 'HASHTAG_crablets', 'HASHTAG_wheretoeat', 'HASHTAG_streetfood', 'HASHTAG_burnhampark', 'HASHTAG_fyp', 'HASHTAG_foryou', 'HASHTAG_foryoupage']",https://www.tiktok.com/@hernameisvinia/video/7333848903453854982,2024-02-10T05:59:25+00:00,176
TI-0a5ee2a9cd,#fyp #fypシ #tiktok #panagbenga2024 #baguiocity #baguio #foryoupage,tiktok baguiocity_baguio foryoupage fyp baguiocity baguio,fyp fypシ tiktok panagbenga baguiocity baguio foryoupage,[],"['HASHTAG_fyp', 'HASHTAG_fypシ', 'HASHTAG_tiktok', 'HASHTAG_baguiocity', 'HASHTAG_baguio', 'HASHTAG_foryoupage']",https://www.tiktok.com/@mrjbntll/video/7347698164834585861,2024-03-18T13:41:37+00:00,113
TI-48306959a2,"Foodtrip sa Session in Bloom!!! 
#baguiofoodtrip #baguiocity #panagbenga2024 #sessionroadbaguiocity #sessioninbloom",foodtrip session bloom baguiofoodtrip baguiocity sessioninbloom,foodtrip sa session in bloom baguiofoodtrip baguiocity panagbenga sessionroadbaguiocity sessioninbloom,[],"['HASHTAG_baguiofoodtrip', 'HASHTAG_baguiocity', 'HASHTAG_sessionroadbaguiocity', 'HASHTAG_sessioninbloom']",https://www.tiktok.com/@1tsyagirlcj/video/7341332058867813637,2024-03-01T09:57:52+00:00,256
TI-33abc2b3bd,"This is all FREE! 🌷🌷
#Panagbenga2026 #Panagbenga #baguiocity #flowerfestival #BPxPanagbenga2026",free bpxpanagbenga panagbenga2026 baguiocity flowerfestival 🌷 🌷,this is all free panagbenga panagbenga baguiocity flowerfestival bpxpanagbenga,"['🌷', '🌷']","['HASHTAG_panagbenga2026', 'HASHTAG_baguiocity', 'HASHTAG_flowerfestival', 'HASHTAG_bpxpanagbenga2026']",https://www.tiktok.com/@ryanmakipagay/video/7612307379408981256,2026-03-01T15:20:31+00:00,451
TI-65b1293563,"Take out foods from Session in bloom 😁
#panagbenga2023 #panagbengafestival2023 #panagbengafestival #sessionroadinbloom #sessionroadinbloom2023",foods session bloom sessionroadinbloom panagbenga2023 😁,take out foods from session in bloom panagbenga panagbengafestival panagbengafestival sessionroadinbloom sessionroadinbloom,['😁'],"['HASHTAG_panagbenga2023', 'HASHTAG_panagbengafestival2023', 'HASHTAG_sessionroadinbloom', 'HASHTAG_sessionroadinbloom2023']",https://www.tiktok.com/@blankjemini/video/7205230070795963674,2023-02-28T15:32:42+00:00,56
TI-7b817ef7cd,"Panagbenga 2025
Session in Bloom
#panagbenga2025 #sessioninbloom2025 #sessioninbloom #sessionroad #baguio #baguiocity #baguiofoodtrip #pagnagbenga #fyp #fypage #fy #fyppppppppppppppppppppppp #foryoupage #foryou",session bloom sessioninbloom sessionroad baguio_baguiocity baguiofoodtrip benga fyp fypage fyppp foryoupage foryou panagbenga2025 baguio baguiocity pagnagbenga fy,panagbenga session in bloom panagbenga sessioninbloom sessioninbloom sessionroad baguio baguiocity baguiofoodtrip pagnagbenga fyp fypage fy fyppp foryoupage foryou,[],"['HASHTAG_panagbenga2025', 'HASHTAG_sessioninbloom2025', 'HASHTAG_sessioninbloom', 'HASHTAG_sessionroad', 'HASHTAG_baguio', 'HASHTAG_baguiocity', 'HASHTAG_baguiofoodtrip', 'HASHTAG_pagnagbenga', 'HASHTAG_fyp', 'HASHTAG_fypage', 'HASHTAG_fy', 'HASHTAG_fyppppppppppppppppppppppp', 'HASHTAG_foryoupage', 'HASHTAG_foryou']",https://www.tiktok.com/@jessuhj/video/7475999638558887175,2025-02-27T07:36:52+00:00,562
TI-8961c18e91,"Plano niyo bang umakyat ngayong February? I-save mo na ‘to bes!! 
.
.
.
.
#baguio #baguiocity #foodtrip #saan #february #philippines #baguiosessionroad #panagbenga #goodtasterestaurant #burnhampark #cafebytheruins #marketencounter 
#fyppppppppppppppppppppppp #fyp",plano niyo akyat ngayo february save bes baguiocity foodtrip philippines baguiosessionroad goodtasterestaurant burnhampark cafebytheruins baguio saan marketencounter fyp,plano niyo bang umakyat ngayong february i save mo na to bes baguio baguiocity foodtrip saan february philippines baguiosessionroad panagbenga goodtasterestaurant burnhampark cafebytheruins marketencounter fyppp fyp,[],"['HASHTAG_baguio', 'HASHTAG_baguiocity', 'HASHTAG_foodtrip', 'HASHTAG_saan', 'HASHTAG_february', 'HASHTAG_philippines', 'HASHTAG_baguiosessionroad', 'HASHTAG_goodtasterestaurant', 'HASHTAG_burnhampark', 'HASHTAG_cafebytheruins', 'HASHTAG_marketencounter', 'HASHTAG_fyppppppppppppppppppppppp', 'HASHTAG_fyp']",https://www.tiktok.com/@mgndngkatipunera/video/7467889114952617221,2025-02-05T11:03:58+00:00,23200
TI-83f70c6aef,"Celebrity sightings during the Panagbenga 2024 Grand Float Parade.
#travel #baguiocity #baguio #flowers #floatparade #grandfloatparade #panagbenga #flowerfestival #panagbengagrandfloatparade #panagbenga2024 #batangquiapo #abscbn #gma",celebrity sightings grand_float travel baguiocity_baguio flowers grandfloatparade flowerfestival batangquiapo gma baguiocity baguio floatparade,celebrity sightings during the panagbenga grand float parade travel baguiocity baguio flowers floatparade grandfloatparade panagbenga flowerfestival panagbengagrandfloatparade panagbenga batangquiapo abscbn gma,[],"['HASHTAG_travel', 'HASHTAG_baguiocity', 'HASHTAG_baguio', 'HASHTAG_flowers', 'HASHTAG_floatparade', 'HASHTAG_grandfloatparade', 'HASHTAG_flowerfestival', 'HASHTAG_panagbengagrandfloatparade', 'HASHTAG_batangquiapo', 'HASHTAG_abscbn', 'HASHTAG_gma']",https://www.tiktok.com/@ralphmanalo18/video/7339348565442956550,2024-02-25T01:40:56+00:00,392
TI-0d41bda48a,"Only have one day in Baguio? Here’s how to make the most out of it! 🌲🍓

#panagbenga #panagbenga2025 #baguio #baguiocity #baguiofeels #baguiofoodtrip #baguiosessionroad #sabaguio #baguioitinerary #itinerary #baguionightmarket #nightmarket #baguiotransient #transienthouseinbaguio #transient #burnhampark #bencabmuseum #campjohnhay",day baguio_baguiocity baguiofeels baguiosessionroad sabaguio baguioitinerary itinerary baguionightmarket nightmarket baguiotransient transient burnhampark bencabmuseum campjohnhay panagbenga2025 baguiocity baguiofoodtrip 🌲 🍓,only have one day in baguio here s how to make the most out of it panagbenga panagbenga baguio baguiocity baguiofeels baguiofoodtrip baguiosessionroad sabaguio baguioitinerary itinerary baguionightmarket nightmarket baguiotransient transienthouseinbaguio transient burnhampark bencabmuseum campjohnhay,"['🌲', '🍓']","['HASHTAG_panagbenga2025', 'HASHTAG_baguio', 'HASHTAG_baguiocity', 'HASHTAG_baguiofeels', 'HASHTAG_baguiofoodtrip', 'HASHTAG_baguiosessionroad', 'HASHTAG_sabaguio', 'HASHTAG_baguioitinerary', 'HASHTAG_itinerary', 'HASHTAG_baguionightmarket', 'HASHTAG_nightmarket', 'HASHTAG_baguiotransient', 'HASHTAG_transienthouseinbaguio', 'HASHTAG_transient', 'HASHTAG_burnhampark', 'HASHTAG_bencabmuseum', 'HASHTAG_campjohnhay']",https://www.tiktok.com/@snooze.baguio/video/7476302621163146504,2025-02-28T03:12:38+00:00,17800
TI-150253d49d,#panagbengafestivaldance #champion #sped #ste #panagbengaqueen,bengafestivaldance champion ste bengaqueen sped panagbengaqueen,panagbengafestivaldance champion sped ste panagbengaqueen,[],"['HASHTAG_panagbengafestivaldance', 'HASHTAG_champion', 'HASHTAG_sped', 'HASHTAG_ste', 'HASHTAG_panagbengaqueen']",https://www.tiktok.com/@rich.alv_/video/7457558960703343879,2025-01-08T14:57:36+00:00,117900
TI-6ab1ae7ad1,#champion #festival #festivaldance #panagbenga #relate,champion festival festivaldance relate,champion festival festivaldance panagbenga relate,[],"['HASHTAG_champion', 'HASHTAG_festival', 'HASHTAG_festivaldance', 'HASHTAG_relate']",https://www.tiktok.com/@aia_ktyrh/video/7600916064230313236,2026-01-29T22:36:33+00:00,47800
TI-eec1e14b32,congraaatss guyss!!!! thankyouuu sa gown @DenrieLariba and sa makeup @mau 😚😚 #festival #panagbenga #grade9 #mapehfestival #queen #festivalqueen,congraaatss guyss gown makeup festival mapehfestival queen festivalqueen grade9 😚 😚,congraaatss guyss thankyouuu sa gown and sa makeup festival panagbenga grade mapehfestival queen festivalqueen,"['😚', '😚']","['HASHTAG_festival', 'HASHTAG_grade9', 'HASHTAG_mapehfestival', 'HASHTAG_queen', 'HASHTAG_festivalqueen']",https://www.tiktok.com/@shjhyo/video/7340619998857022725,2024-02-28T11:54:43+00:00,1915
TI-217fe56216,"OMYGOSH! ETO NA NGA!! Team Incognito for Panagbenga Festival Karavan this coming March 1, 2025 at Melvin Jones Grandstand Baguio City! 🫡🌻

Save the date and See you there, Kontraks!🫶🏻

#soliddjp #danielpadilla #djpupdates #DJPBestEra #SoliDsForever #INCOGNITO #WeSupportAsOne #fypage #fypシ゚viral",omygosh eto team cognito festival karav march melv_jones baguio_city save date kontraks danielpadilla djpupdates solidsforever wesupportasone fypage soliddjp djpbestera 🫡 🌻 🫶 🏻,omygosh eto na nga team incognito for panagbenga festival karavan this coming march at melvin jones grandstand baguio city save the date and see you there kontraks soliddjp danielpadilla djpupdates djpbestera solidsforever incognito wesupportasone fypage fypシ viral,"['🫡', '🌻', '🫶', '🏻']","['HASHTAG_soliddjp', 'HASHTAG_danielpadilla', 'HASHTAG_djpupdates', 'HASHTAG_djpbestera', 'HASHTAG_solidsforever', 'HASHTAG_incognito', 'HASHTAG_wesupportasone', 'HASHTAG_fypage', 'HASHTAG_fypシ']",https://www.tiktok.com/@solidsxkainiel/video/7472669710153223432,2025-02-18T08:15:04+00:00,308
TI-d2e3800a42,"With the Panagbenga Festival right around the corner, here’s a list of #Baguio restaurants worth trying. Check them out and tag your friends! 😋 #panagbengafestival #WindowSeatPH #BaguioFinds #BaguioCafes #baguioeats #fyp 

🎨 Ina Manto",festival right corner list baguio restaurants worth tag friends windowseatph baguiofinds baguiocafes baguioeats ina manto fyp 😋 🎨,with the panagbenga festival right around the corner here s a list of baguio restaurants worth trying check them out and tag your friends panagbengafestival windowseatph baguiofinds baguiocafes baguioeats fyp ina manto,"['😋', '🎨']","['HASHTAG_baguio', 'HASHTAG_windowseatph', 'HASHTAG_baguiofinds', 'HASHTAG_baguiocafes', 'HASHTAG_baguioeats', 'HASHTAG_fyp']",https://www.tiktok.com/@windowseat.ph/video/7326922268410498310,2024-01-22T14:00:33+00:00,946
TI-244be25f0f,"BATANG REGASCO SA BAGUIO!

Kita kits po tayo sa SM Rose Garden, Burnham Park for BATANG REGASCO MEET AND GREET on February 24, 2024 at makakasama niyo din kami sa Panagbenga Parade Float on February 25, 2024.

Tara na't mag-saya at makisaya sa Baguio City mga ka-REGASCO!",bata baguio kita kits garden burnham park regasco meet greet february kasama niyo rade float tara saya makisaya baguio_city,batang regasco sa baguio kita kits po tayo sa sm rose garden burnham park for batang regasco meet and greet on february at makakasama niyo din kami sa panagbenga parade float on february tara na t mag saya at makisaya sa baguio city mga ka regasco,[],[],https://www.tiktok.com/@whyhatemelvin/video/7337969965108153606,2024-02-21T08:31:15+00:00,44
TI-8635a8a4bc,#fyp #adddrrriiiiii #decemberavenue #illestmorena #reggaesetgo #panagbenga2025 #cokestudio,fyp adddrrriii decemberavenue illestmorena reggaesetgo cokestudio panagbenga2025,fyp adddrrriii decemberavenue illestmorena reggaesetgo panagbenga cokestudio,[],"['HASHTAG_fyp', 'HASHTAG_adddrrriiiiii', 'HASHTAG_decemberavenue', 'HASHTAG_illestmorena', 'HASHTAG_reggaesetgo', 'HASHTAG_panagbenga2025', 'HASHTAG_cokestudio']",https://www.tiktok.com/@adddrrriiiiii/video/7476773005582961938,2025-03-01T09:37:56+00:00,9299
TI-4bc0086847,"Here are some vibrant moments from the Panagbenga Festival Street Dance Parade 2025, held last February 22! 🌸💐🌼

#panagbenga2025 #streetdanceparade #baguiocity",vibrant moments festival street_dance last february streetdanceparade baguiocity panagbenga2025 🌸 💐 🌼,here are some vibrant moments from the panagbenga festival street dance parade held last february panagbenga streetdanceparade baguiocity,"['🌸', '💐', '🌼']","['HASHTAG_panagbenga2025', 'HASHTAG_streetdanceparade', 'HASHTAG_baguiocity']",https://www.tiktok.com/@imjpyow/video/7475111203791047943,2025-02-24T22:09:33+00:00,101
TI-80d2de80af,#baguiostaycation #baguioaccommodation #baguiotransient #baguio #baguiocity #baguiopanagbenga #fyp #fypage,baguiostaycation baguioaccommodation baguiotransient baguio_baguiocity baguiopanagbenga fyp fypage baguio baguiocity,baguiostaycation baguioaccommodation baguiotransient baguio baguiocity baguiopanagbenga fyp fypage,[],"['HASHTAG_baguiostaycation', 'HASHTAG_baguioaccommodation', 'HASHTAG_baguiotransient', 'HASHTAG_baguio', 'HASHTAG_baguiocity', 'HASHTAG_baguiopanagbenga', 'HASHTAG_fyp', 'HASHTAG_fypage']",https://www.tiktok.com/@highpinestays/video/7466070843727039751,2025-01-31T13:28:03+00:00,13800
TI-30978a57c7,#Benguet #panagbenga2024  #foryou,benguet foryou,benguet panagbenga foryou,[],"['HASHTAG_benguet', 'HASHTAG_foryou']",https://www.tiktok.com/@ouchdaddy555/video/7387796948926975250,2024-07-04T15:05:23+00:00,7421
TI-5d9a72297f,"1st PLACE IN FESTIVAL DANCE💛
ALL THE HARD WORK, ALL THE SACRIFICES, ALL THE SLEEPLESS NIGHTS, STRUGGLES, DOWNFALLS, IT ALL PAYS OFF.
#panagbenga2024 
#1stplacewinner 
#1stplacequeen 
#bestincustome",place festival_dance hard work sacrifices sleepless downfalls stplacewinner stplacequeen bestincustome 💛,st place in festival dance all the hard work all the sacrifices all the sleepless nights struggles downfalls it all pays off panagbenga stplacewinner stplacequeen bestincustome,['💛'],"['HASHTAG_1stplacewinner', 'HASHTAG_1stplacequeen', 'HASHTAG_bestincustome']",https://www.tiktok.com/@ryi_ana/video/7346892241165667589,2024-03-16T09:34:14+00:00,22300
TI-cf0c668bfd,"#BINI : #CokeStudioPanagbengaFestival Photo Series 

Watch our performance fancam here:
🎥 bit.ly/3OXtSfU

Keep listening to #BINI_Pantropiko:
🎧 http://spoti.fi/3SLjUky

 #CokeStudioPH #Panagbenga2024  #FebIbigWithBINI",bini photo series watch performance fancam bit oxtsfu listeni bini_pantropiko http spoti cokestudioph febibigwithbini 🎥 🎧,bini cokestudiopanagbengafestival photo series watch our performance fancam here bit ly oxtsfu keep listening to bini_pantropiko http spoti fi sljuky cokestudioph panagbenga febibigwithbini,"['🎥', '🎧']","['HASHTAG_bini', 'HASHTAG_cokestudiopanagbengafestival', 'HASHTAG_bini_pantropiko', 'HASHTAG_cokestudioph', 'HASHTAG_febibigwithbini']",https://www.tiktok.com/@bini_ph/video/7339439386066488581,2024-02-25T07:33:21+00:00,150500
TI-cd73ea048d,"The Baguio Blooms: A Market Encounter opens its doors today, February 1, at Burnham Park in Baguio City and will remain open until March 2, 2025. #Panagbenga2025 #BaguioCity #BaguioBlooms #BurnhamPark",baguio blooms market_encounter doors today february burnham park baguio_city rema open march baguioblooms burnhampark panagbenga2025,the baguio blooms a market encounter opens its doors today february at burnham park in baguio city and will remain open until march panagbenga baguiocity baguioblooms burnhampark,[],"['HASHTAG_panagbenga2025', 'HASHTAG_baguiocity', 'HASHTAG_baguioblooms', 'HASHTAG_burnhampark']",https://www.tiktok.com/@kar.g_/video/7466355235439545618,2025-02-01T07:51:41+00:00,44700
TI-d75695c95e,"Finally! May schedule na! The Panagbenga 2026 Calendar of Event is out! 
#Panagbenga2026 #BaguioFlowerFestival #PanagbengaFestival #BaguioCity #fyppppppppppppppppppp",schedule calendar event baguioflowerfestival baguiocity fyppp panagbenga2026,finally may schedule na the panagbenga calendar of event is out panagbenga baguioflowerfestival panagbengafestival baguiocity fyppp,[],"['HASHTAG_panagbenga2026', 'HASHTAG_baguioflowerfestival', 'HASHTAG_baguiocity', 'HASHTAG_fyppppppppppppppppppp']",https://www.tiktok.com/@baguiocityguide/video/7594280827765148946,2026-01-12T01:28:20+00:00,265
TI-34987d744f,"Some of the stalls in Session Rd during Panagbeng 🤗
#panagbenga #panagbengafestival #food #foodtok #sessionroad #baguiocity #fyp #foryourpage",session food foodtok sessionroad baguiocity fyp foryourpage 🤗,some of the stalls in session rd during panagbeng panagbenga panagbengafestival food foodtok sessionroad baguiocity fyp foryourpage,['🤗'],"['HASHTAG_food', 'HASHTAG_foodtok', 'HASHTAG_sessionroad', 'HASHTAG_baguiocity', 'HASHTAG_fyp', 'HASHTAG_foryourpage']",https://www.tiktok.com/@sunflowerr378/video/7459051505493085460,2025-01-12T15:29:33+00:00,329
TI-a0a8713317,"My gwenny😍😍
@bini_gwen #binigwen #gwenapuli #gwen 
@BINI PH #bini #biniph #bloom #fyp",binigwen gwenapuli gwen bini biniph bloom fyp 😍 😍,my gwenny binigwen gwenapuli gwen ph bini biniph bloom fyp,"['😍', '😍']","['HASHTAG_binigwen', 'HASHTAG_gwenapuli', 'HASHTAG_gwen', 'HASHTAG_bini', 'HASHTAG_biniph', 'HASHTAG_bloom', 'HASHTAG_fyp']",https://www.tiktok.com/@mikhaiah101/video/7395417346619362578,2024-07-25T03:56:26+00:00,24900
TI-e944fbd201,#panagbenga #panagbengafestival #2024 #flower #bloom #blooming #baguio #shawarma #traffic #tour #tourist #local #igorot #grand #festival  #fyp #foryoupage❤️❤️ #foryou,flower bloom baguio shawarma traffic tourist local igorot grand festival_fyp foryoupage foryou 2024 blooming tour festival fyp ❤ ❤,panagbenga panagbengafestival flower bloom blooming baguio shawarma traffic tour tourist local igorot grand festival fyp foryoupage foryou,"['❤', '❤']","['HASHTAG_2024', 'HASHTAG_flower', 'HASHTAG_bloom', 'HASHTAG_blooming', 'HASHTAG_baguio', 'HASHTAG_shawarma', 'HASHTAG_traffic', 'HASHTAG_tour', 'HASHTAG_tourist', 'HASHTAG_local', 'HASHTAG_igorot', 'HASHTAG_grand', 'HASHTAG_festival', 'HASHTAG_fyp', 'HASHTAG_foryoupage', 'HASHTAG_foryou']",https://www.tiktok.com/@lin_fengran/video/7330443058485447941,2024-02-01T01:42:59+00:00,273
TI-e05cb9e54f,"Ohh Wait Eyy KA Muna 🤙🤙
@bini_sheena #binisheena #sheenacatacutan #sheena 
@BINI PH #bini #biniph #bloom #fyp",ohh wait eyy muna binisheena sheena bini biniph bloom fyp sheenacatacutan 🤙 🤙,ohh wait eyy ka muna binisheena sheenacatacutan sheena ph bini biniph bloom fyp,"['🤙', '🤙']","['HASHTAG_binisheena', 'HASHTAG_sheenacatacutan', 'HASHTAG_sheena', 'HASHTAG_bini', 'HASHTAG_biniph', 'HASHTAG_bloom', 'HASHTAG_fyp']",https://www.tiktok.com/@mikhaiah101/video/7395472301875039495,2024-07-25T07:29:39+00:00,9484
TI-7554fd0e23,"#sinulog #kadayawanfestival 
#festivaldance #dinagyangfestival #panagbengafestival",sinulog kadayawanfestival festivaldance dinagyangfestival,sinulog kadayawanfestival festivaldance dinagyangfestival panagbengafestival,[],"['HASHTAG_sinulog', 'HASHTAG_kadayawanfestival', 'HASHTAG_festivaldance', 'HASHTAG_dinagyangfestival']",https://www.tiktok.com/@jysn_ampn/video/7589240146021633301,2025-12-29T11:27:55+00:00,8784
TI-53b65a9094,"AngGANDA MO @bini_stacey MY PRINCESS 😍😍 EYY KA MUNA 🤙 
#binistacey #stacey #binistaceysevilleja 
@BINI PH #bini #biniph #bloom #fyp",angganda princess eyy muna binistacey stacey binistaceysevilleja bini biniph bloom fyp 😍 😍 🤙,angganda mo my princess eyy ka muna binistacey stacey binistaceysevilleja ph bini biniph bloom fyp,"['😍', '😍', '🤙']","['HASHTAG_binistacey', 'HASHTAG_stacey', 'HASHTAG_binistaceysevilleja', 'HASHTAG_bini', 'HASHTAG_biniph', 'HASHTAG_bloom', 'HASHTAG_fyp']",https://www.tiktok.com/@mikhaiah101/video/7395121545674231048,2024-07-24T08:48:33+00:00,11700
TI-8b0960a24a,#newyear #fyppppppppppppppppppppppp #viral #fyp #famous #views #fypdongggggggg #Panagbenga #viewsproblem😭,newyear fyppp viral fyp famous views viewsproblem 😭,newyear fyppp viral fyp famous views fypdonggg panagbenga viewsproblem,['😭'],"['HASHTAG_newyear', 'HASHTAG_fyppppppppppppppppppppppp', 'HASHTAG_viral', 'HASHTAG_fyp', 'HASHTAG_famous', 'HASHTAG_views', 'HASHTAG_fypdongggggggg', 'HASHTAG_viewsproblem']",https://www.tiktok.com/@marzan.27/video/7332818916139339014,2024-02-07T11:22:31+00:00,15800
TI-630cb5f299,#baguiocity #panagbenga2025 #trip #travel #fyp #baguiosessionroad,baguiocity trip travel fyp baguiosessionroad panagbenga2025,baguiocity panagbenga trip travel fyp baguiosessionroad,[],"['HASHTAG_baguiocity', 'HASHTAG_panagbenga2025', 'HASHTAG_trip', 'HASHTAG_travel', 'HASHTAG_fyp', 'HASHTAG_baguiosessionroad']",https://www.tiktok.com/@iamalvn_mntl/video/7475350583390506248,2025-02-25T13:38:11+00:00,10900
TI-13f87377bd,Missing Baguio so much 😭 #baguiocity #baguiofeels #travel #fyp #cinematic,missi much baguiocity baguiofeels fyp cinematic travel 😭,missing baguio so much baguiocity baguiofeels travel fyp cinematic,['😭'],"['HASHTAG_baguiocity', 'HASHTAG_baguiofeels', 'HASHTAG_travel', 'HASHTAG_fyp', 'HASHTAG_cinematic']",https://www.tiktok.com/@manmanilyn/video/7598221562696830216,2026-01-22T16:20:22+00:00,16200
TI-4d9a0aa8e2,"Here are some of the stores you should check out when you visit Baguio Blooms! 🤍 There are a lot of choices, so you must visit it. It’s open until March 2, 2025, only.
#baguioblooms #panagbenga2025 #baguiocity #foodplacestovisit #baguiofeels #burnhampark #baguio #fyp #sessionroad #nightmarket",stores visit baguio blooms lot choices open march baguioblooms baguiocity foodplacestovisit baguiofeels fyp sessionroad nightmarket panagbenga2025 burnhampark 🤍,here are some of the stores you should check out when you visit baguio blooms there are a lot of choices so you must visit it it s open until march only baguioblooms panagbenga baguiocity foodplacestovisit baguiofeels burnhampark baguio fyp sessionroad nightmarket,['🤍'],"['HASHTAG_baguioblooms', 'HASHTAG_panagbenga2025', 'HASHTAG_baguiocity', 'HASHTAG_foodplacestovisit', 'HASHTAG_baguiofeels', 'HASHTAG_burnhampark', 'HASHTAG_baguio', 'HASHTAG_fyp', 'HASHTAG_sessionroad', 'HASHTAG_nightmarket']",https://www.tiktok.com/@joycecbtbt_/video/7469815069942091016,2025-02-10T15:37:35+00:00,25300
TI-9cb808572a,"since 2020, he has his eyes locked on her. #donbelle #thelookoflove #fupage #donnypangilinan #bellemariano #DONBELLEMAGJOWA #hihs1 #donbelleendgame #panagbengafestival",eyes donbelle thelookoflove fupage donnypangilin bellemariano donbellemagjowa hihs donbelleendgame,since he has his eyes locked on her donbelle thelookoflove fupage donnypangilinan bellemariano donbellemagjowa hihs donbelleendgame panagbengafestival,[],"['HASHTAG_donbelle', 'HASHTAG_thelookoflove', 'HASHTAG_fupage', 'HASHTAG_donnypangilinan', 'HASHTAG_bellemariano', 'HASHTAG_donbellemagjowa', 'HASHTAG_hihs1', 'HASHTAG_donbelleendgame']",https://www.tiktok.com/@doughnbil/video/7476841043200118024,2025-03-01T14:01:56+00:00,37200
TI-ed5db8515c,"Papi line na sila lahat 😩🖤 #bini #biniph #ppop #binimaloi #binicolet #biniaiah #binimikha #binistacey #binisheena #binijhoanna #binigwen #panagbenga2024 

crdt to kioku and hoshinofilm 🫶",papi line bini biniph ppop binimaloi binicolet biniaiah binimikha binistacey binisheena binijhoanna binigwen crdt kioku hoshinofilm 😩 🖤 🫶,papi line na sila lahat bini biniph ppop binimaloi binicolet biniaiah binimikha binistacey binisheena binijhoanna binigwen panagbenga crdt to kioku and hoshinofilm,"['😩', '🖤', '🫶']","['HASHTAG_bini', 'HASHTAG_biniph', 'HASHTAG_ppop', 'HASHTAG_binimaloi', 'HASHTAG_binicolet', 'HASHTAG_biniaiah', 'HASHTAG_binimikha', 'HASHTAG_binistacey', 'HASHTAG_binisheena', 'HASHTAG_binijhoanna', 'HASHTAG_binigwen']",https://www.tiktok.com/@dianeabinio15/video/7339062061193809158,2024-02-24T07:09:08+00:00,13400
TI-508fbbb84a,"non religious festivals 💛
#festival #fyp #foryou #fypシ゚viral #bangusfestival #masskarafestival #ibonibonfestival #panagbenga2024",religious festivals foryou bangusfestival masskarafestival ibonibonfestival fyp 💛,non religious festivals festival fyp foryou fypシ viral bangusfestival masskarafestival ibonibonfestival panagbenga,['💛'],"['HASHTAG_festival', 'HASHTAG_fyp', 'HASHTAG_foryou', 'HASHTAG_fypシ', 'HASHTAG_bangusfestival', 'HASHTAG_masskarafestival', 'HASHTAG_ibonibonfestival']",https://www.tiktok.com/@adrian1067937/video/7375172586847620358,2024-05-31T14:36:24+00:00,19200
TI-70dabc1000,#Pagaddut #Beautiful preserved #CulturalDance of #Ifugao presented during #Panagbenga2026,beautiful culturaldance ifugao pagaddut panagbenga2026,pagaddut beautiful preserved culturaldance of ifugao presented during panagbenga,[],"['HASHTAG_pagaddut', 'HASHTAG_beautiful', 'HASHTAG_culturaldance', 'HASHTAG_ifugao', 'HASHTAG_panagbenga2026']",https://www.tiktok.com/@ry.d.apprentice/video/7609107526050712853,2026-02-21T00:23:36+00:00,362
TI-3bdd440f1d,"PANAGBENGA 2026! 
 Sulit ang pagod at puyat🌼🌸✨

#panagbengafestival #panabenga2026 #panagbenga #baguio #floatparade",sulit pagod puyat nabenga baguio floatparade panabenga2026 🌼 🌸 ✨,panagbenga sulit ang pagod at puyat panagbengafestival panabenga panagbenga baguio floatparade,"['🌼', '🌸', '✨']","['HASHTAG_panabenga2026', 'HASHTAG_baguio', 'HASHTAG_floatparade']",https://www.tiktok.com/@liezella8/video/7612896434202938645,2026-03-03T05:26:26+00:00,1328
TI-75b1317b4b,Panagbenga Festival 2026 🌼,festival 🌼,panagbenga festival,['🌼'],[],https://www.tiktok.com/@iamlloydgarcia/video/7613728011715890453,2026-03-05T11:13:32+00:00,16500
TI-af8ec8f86d,#sakuting part of the #CulturalDance presented by the #IyamanCulturalGroup Feb 8 2026 rhythm of the Highland - Panagbenga Festival #BaguioCity Cordillera #Philippines,sakuti part culturaldance iyamanculturalgroup feb highland festival baguiocity cordillera philippines,sakuting part of the culturaldance presented by the iyamanculturalgroup feb rhythm of the highland panagbenga festival baguiocity cordillera philippines,[],"['HASHTAG_sakuting', 'HASHTAG_culturaldance', 'HASHTAG_iyamanculturalgroup', 'HASHTAG_baguiocity', 'HASHTAG_philippines']",https://www.tiktok.com/@ry.d.apprentice/video/7626562891830906132,2026-04-09T01:19:22+00:00,41
TI-e28cf39ef8,Pagaddut Native Dance of Ifugao   Cultural Dance Competition:Rhythm of the Highlands Panagbenga : The Baguio Flower Festival #panagbengafestival2026 #baguiocity #cordillera,native dance ifugao cultural_dance competition baguio_flower festival baguiocity cordillera,pagaddut native dance of ifugao cultural dance competition rhythm of the highlands panagbenga the baguio flower festival panagbengafestival baguiocity cordillera,[],"['HASHTAG_panagbengafestival2026', 'HASHTAG_baguiocity', 'HASHTAG_cordillera']",https://www.tiktok.com/@kristanadine/video/7608873411393146132,2026-02-20T09:15:05+00:00,346
TI-b05ac8092c,Here’s the Full Video for everyone waiting😁🇵🇭 (full culture night YouTube video coming soon!) #philippines #panagbenga #festival #sayaw #american,full video everyone culture night youtube comi philippines festival sayaw americ 😁,here s the full video for everyone waiting full culture night youtube video coming soon philippines panagbenga festival sayaw american,['😁'],"['HASHTAG_philippines', 'HASHTAG_festival', 'HASHTAG_sayaw', 'HASHTAG_american']",https://www.tiktok.com/@katong.kano/video/7619365953494584590,2026-03-20T15:51:30+00:00,25700
TI-4e44147543,"FULL PERFORMANCE of Pugo Central School drum and lyre corps during the Grand Street Dance parade of #Panagbenga2026 

#Baguio #panagbenga",full performance pugo central school drum_lyre corps grand_street dance_baguio panagbenga2026 baguio,full performance of pugo central school drum and lyre corps during the grand street dance parade of panagbenga baguio panagbenga,[],"['HASHTAG_panagbenga2026', 'HASHTAG_baguio']",https://www.tiktok.com/@kwentoninicko/video/7611927785484913941,2026-02-28T14:47:34+00:00,428
TI-519a6277a8,"Another cultural street dance performance 🌸🌻🌲

#panagbengafestival2025 #BaguioCity #culturetiktok #samyponz #samuelponsica #traveltiktok",cultural street_dance performance baguiocity samyponz samuelponsica traveltiktok culturetiktok 🌸 🌻 🌲,another cultural street dance performance panagbengafestival baguiocity culturetiktok samyponz samuelponsica traveltiktok,"['🌸', '🌻', '🌲']","['HASHTAG_panagbengafestival2025', 'HASHTAG_baguiocity', 'HASHTAG_culturetiktok', 'HASHTAG_samyponz', 'HASHTAG_samuelponsica', 'HASHTAG_traveltiktok']",https://www.tiktok.com/@samyponz/video/7474486845540224263,2025-02-23T05:46:31+00:00,3469
TI-719121cd14,pampainit sa Baguio #pinoydesal #abs #cuteboy #fyp #panagbenga #baguio #igorot,mpainit baguio pinoydesal cuteboy fyp_baguio igorot abs fyp,pampainit sa baguio pinoydesal abs cuteboy fyp panagbenga baguio igorot,[],"['HASHTAG_pinoydesal', 'HASHTAG_abs', 'HASHTAG_cuteboy', 'HASHTAG_fyp', 'HASHTAG_baguio', 'HASHTAG_igorot']",https://www.tiktok.com/@pinoydesal/video/7472321806578339080,2025-02-17T09:45:03+00:00,601
TI-0446bef6d1,Panagbenga Float Parade Today! #Panagbenga2026 #Panagbenga #panagbengahunk #fyp #foryoupage,float_rade today fyp foryoupage panagbenga2026 panagbengahunk,panagbenga float parade today panagbenga panagbenga panagbengahunk fyp foryoupage,[],"['HASHTAG_panagbenga2026', 'HASHTAG_panagbengahunk', 'HASHTAG_fyp', 'HASHTAG_foryoupage']",https://www.tiktok.com/@padsikan/video/7612049849827020053,2026-02-28T22:41:18+00:00,19500
TI-97c57789a4,FOR EDUCATIONAL PURPOSES ONLY❣️#pinagbengafestival #fypシ #foryoupage,educational purposes foryoupage pinagbengafestival ❣,for educational purposes only pinagbengafestival fypシ foryoupage,['❣'],"['HASHTAG_pinagbengafestival', 'HASHTAG_fypシ', 'HASHTAG_foryoupage']",https://www.tiktok.com/@linscee25/video/7090205630409100570,2022-04-24T16:19:01+00:00,604
TI-c6f3bb3fa2,PANAGBENGA!#panagbenga #festival2026 #cariño #4youpage #xyzabc,festival youpage festival2026,panagbenga panagbenga festival cariño youpage xyzabc,[],"['HASHTAG_festival2026', 'HASHTAG_cariño', 'HASHTAG_4youpage', 'HASHTAG_xyzabc']",https://www.tiktok.com/@carino2526/video/7597405863149653269,2026-01-20T11:35:07+00:00,27600
TI-004576e5df,after 3years Finally💖 #panagbenga #baguio #fyp #foryoupage #foryoupage,years fyp foryoupage baguio 💖,after years finally panagbenga baguio fyp foryoupage foryoupage,['💖'],"['HASHTAG_baguio', 'HASHTAG_fyp', 'HASHTAG_foryoupage', 'HASHTAG_foryoupage']",https://www.tiktok.com/@jesciannn_andrada/video/7204071735048555803,2023-02-25T12:37:43+00:00,648
TI-97decb4eb2,"maybe the artificial grass is the reason why we didn't perform well but still a good fight! TRIBU LUNGSOD PAGASA DE CHECO’S.
#panagbenga2026 
#baguiocity 
#fyp 
#zyxcba",artificial grass reason perform good fight tribu lungsod asa checo baguiocity fyp panagbenga2026,maybe the artificial grass is the reason why we didn t perform well but still a good fight tribu lungsod pagasa de checo s panagbenga baguiocity fyp zyxcba,[],"['HASHTAG_panagbenga2026', 'HASHTAG_baguiocity', 'HASHTAG_fyp', 'HASHTAG_zyxcba']",https://www.tiktok.com/@ellxvjks_/video/7612313026720468242,2026-03-01T15:42:28+00:00,7285
TI-138126eb9d,#panagbenga2025 #festival #schoollife #experience #everyone,festival schoollife experience everyone panagbenga2025,panagbenga festival schoollife experience everyone,[],"['HASHTAG_panagbenga2025', 'HASHTAG_festival', 'HASHTAG_schoollife', 'HASHTAG_experience', 'HASHTAG_everyone']",https://www.tiktok.com/@ceedlcmx/video/7635702295484730631,2026-05-03T16:24:48+00:00,12
TI-0f1f95b00a,"PANAGBENGA FOOD TRIP, Ano TARA?

#fyp #panagbenga2026 #foodtrip #baguio",food trip tara fyp foodtrip baguio panagbenga2026,panagbenga food trip ano tara fyp panagbenga foodtrip baguio,[],"['HASHTAG_fyp', 'HASHTAG_panagbenga2026', 'HASHTAG_foodtrip', 'HASHTAG_baguio']",https://www.tiktok.com/@manncy13/video/7614727894316764436,2026-03-08T03:53:36+00:00,1415
TI-95ba53243a,"MET IVAN! PROUD IGOROT HUNKS!🥰 PANAGBENGA HUNKS! DURING GRAND DANCE PARADE! PANAGBENGA FESTIVAL 2026!🔥💪🌲

#PageantManila #SaBaguio #fypシ゚ #Trending #PanagbengaHunks",ivan proud igorot hunks grand dance rade festival sabaguio trendi bengahunks pageantmanila panagbengahunks 🥰 🔥 💪 🌲,met ivan proud igorot hunks panagbenga hunks during grand dance parade panagbenga festival pageantmanila sabaguio fypシ trending panagbengahunks,"['🥰', '🔥', '💪', '🌲']","['HASHTAG_pageantmanila', 'HASHTAG_sabaguio', 'HASHTAG_fypシ', 'HASHTAG_trending', 'HASHTAG_panagbengahunks']",https://www.tiktok.com/@pageantmanila/video/7613361389662571797,2026-03-04T11:30:42+00:00,5368
TI-767731ddd4,#PanagbengaFestival #followers➕ #naturalculture #IgorotDance,followers igorotdance naturalculture ➕,panagbengafestival followers naturalculture igorotdance,['➕'],"['HASHTAG_followers', 'HASHTAG_naturalculture', 'HASHTAG_igorotdance']",https://www.tiktok.com/@sgbunzo/video/7634294989660507399,2026-04-29T21:23:44+00:00,816
TI-217b60e4f4,PANAGBENGA HOTTIE 🔥 #pinoydesal #abs #cuteboy #fyp #panagbenga #igorot,hottie pinoydesal cuteboy fyp igorot abs 🔥,panagbenga hottie pinoydesal abs cuteboy fyp panagbenga igorot,['🔥'],"['HASHTAG_pinoydesal', 'HASHTAG_abs', 'HASHTAG_cuteboy', 'HASHTAG_fyp', 'HASHTAG_igorot']",https://www.tiktok.com/@pinoydesal/video/7475962205687549191,2025-02-27T05:11:38+00:00,69400
TI-2254f01488,12 darts by Lourence Ilagan #darts #benguetdartevents,darts lourence ilag benguetdartevents,darts by lourence ilagan darts benguetdartevents,[],"['HASHTAG_darts', 'HASHTAG_benguetdartevents']",https://www.tiktok.com/@benguetdartevents/video/7633465762467843349,2026-05-05T10:00:00+00:00,121
TI-357042a149,Panagbenga Opening #panagbenga #baguio #igorotak #fyp,openi baguio igorotak fyp,panagbenga opening panagbenga baguio igorotak fyp,[],"['HASHTAG_baguio', 'HASHTAG_igorotak', 'HASHTAG_fyp']",https://www.tiktok.com/@injunjoe2022/video/7331211571865079046,2024-02-03T03:25:14+00:00,209
TI-92822a5c7c,#fyppppppppppppppppppppppp #panagbenga2k26,fyppp bengak panagbenga2k26,fyppp panagbengak,[],"['HASHTAG_fyppppppppppppppppppppppp', 'HASHTAG_panagbenga2k26']",https://www.tiktok.com/@ghlenyx_gr/video/7636405016193977618,2026-05-05T13:51:40+00:00,7
TI-ab1b5cf5e3,#panagbenga2026,panagbenga2026,panagbenga,[],['HASHTAG_panagbenga2026'],https://www.tiktok.com/@mrklstrrr5/video/7614915831633284370,2026-03-08T16:02:40+00:00,49
TI-e96f2686df,"some artists I saw during Panagbenga

#marchdump #panagbenga2026 #baguio #viral",artists marchdump baguio viral panagbenga2026,some artists i saw during panagbenga marchdump panagbenga baguio viral,[],"['HASHTAG_marchdump', 'HASHTAG_panagbenga2026', 'HASHTAG_baguio', 'HASHTAG_viral']",https://www.tiktok.com/@__namnami/video/7633733057626901768,2026-04-28T09:03:11+00:00,3
TI-a2e4fee22b,"Balut ni alena ❤️
cute dog spotted last panagbenga festival celebration 😊
#content #fyp #igorottiktokers #cutedog",balut alena dog last festival celebration content fyp igorottiktokers cutedog ❤ 😊,balut ni alena cute dog spotted last panagbenga festival celebration content fyp igorottiktokers cutedog,"['❤', '😊']","['HASHTAG_content', 'HASHTAG_fyp', 'HASHTAG_igorottiktokers', 'HASHTAG_cutedog']",https://www.tiktok.com/@_cristy_waklin_nantes_/video/7636590151690423570,2026-05-06T01:50:06+00:00,9
TI-53082787ee,Panagbenga opening #panagbenga,openi,panagbenga opening panagbenga,[],[],https://www.tiktok.com/@mychaoticworld0819/video/7466234432618319112,2025-02-01T00:03:02+00:00,53
TI-6473924948,"Panagbenga Make up 🌻🌼🏵
#panagbenga2024 #panagbenga #fyp #fypシ #foryoupage #viral #tiktok #transition #makeup",foryoupage viral tiktok transition makeup fyp 🌻 🌼 🏵,panagbenga make up panagbenga panagbenga fyp fypシ foryoupage viral tiktok transition makeup,"['🌻', '🌼', '🏵']","['HASHTAG_fyp', 'HASHTAG_fypシ', 'HASHTAG_foryoupage', 'HASHTAG_viral', 'HASHTAG_tiktok', 'HASHTAG_transition', 'HASHTAG_makeup']",https://www.tiktok.com/@kap.itana/video/7339379325499641093,2024-02-25T03:40:15+00:00,76200
TI-7cd4f696f9,Replying to @Richard A. #panagbengafestivaldance #panagbengafestival,replyi bengafestivaldance,replying to a panagbengafestivaldance panagbengafestival,[],['HASHTAG_panagbengafestivaldance'],https://www.tiktok.com/@rich.alv_/video/7456022760192625928,2025-01-04T11:36:24+00:00,6063
TI-71d98e1023,your panagbenga queen '26 #panagbengafestivalqueen,queen bengafestivalqueen,your panagbenga queen panagbengafestivalqueen,[],['HASHTAG_panagbengafestivalqueen'],https://www.tiktok.com/@_alyxsb/video/7623686469713939733,2026-04-01T07:17:16+00:00,21
TI-1d211f5b45,MaLSS ka nalang sa soundtrack ng Panagbenga 😂😂 #Panagbenga🌻#baguio #foryoupage❤️❤️ #fyp,malss soundtrack baguio foryoupage fyp 😂 😂 🌻 ❤ ❤,malss ka nalang sa soundtrack ng panagbenga panagbenga baguio foryoupage fyp,"['😂', '😂', '🌻', '❤', '❤']","['HASHTAG_baguio', 'HASHTAG_foryoupage', 'HASHTAG_fyp']",https://www.tiktok.com/@edsuuuung/video/7331184440808426757,2024-02-03T01:39:58+00:00,192
TI-7b6c3ada1c,#onthisday,onthisday,onthisday,[],['HASHTAG_onthisday'],https://www.tiktok.com/@roxyangel10/video/7636365029708762386,2026-05-05T11:16:30+00:00,2
TI-ed9cd266fc,PANAGBENGA FESTIVAL QUEEN,festival_queen,panagbenga festival queen,[],[],https://www.tiktok.com/@cathaleeya16/video/7613265732981312776,2026-03-04T05:19:32+00:00,34
TI-4c9c4687bf,"🚨𝗕𝗢𝗢𝗞 𝗬𝗢𝗨𝗥 𝗧𝗥𝗜𝗣𝗦 𝗪𝗜𝗧𝗛 𝗨𝗦 !
🚨𝗕𝗢𝗢𝗞 𝗬𝗢𝗨𝗥 𝗧𝗥𝗜𝗣𝗦 𝗪𝗜𝗧𝗛 𝗨𝗦 !

📌𝐖𝐈𝐓𝐇 𝐃𝐑𝐈𝐕𝐄𝐑 𝐎𝐍𝐋𝐘📌
❌ 𝐍𝐎 𝐒𝐄𝐋𝐅-𝐃𝐑𝐈𝐕𝐄 ❌

𝙔𝙤𝙪𝙧 𝙟𝙤𝙪𝙧𝙣𝙚𝙮 𝙨𝙩𝙖𝙧𝙩𝙨 𝙩𝙝𝙚 𝙢𝙤𝙢𝙚𝙣𝙩 𝙬𝙚 𝙥𝙞𝙘𝙠 𝙮𝙤𝙪 𝙪𝙥 — 𝙬𝙞𝙩𝙝 𝙧𝙚𝙡𝙞𝙖𝙗𝙡𝙚, 𝙘𝙤𝙢𝙛𝙤𝙧𝙩𝙖𝙗𝙡𝙚 𝙩𝙧𝙖𝙣𝙨𝙥𝙤𝙧𝙩𝙖𝙩𝙞𝙤𝙣 𝙛𝙤𝙧 𝙚𝙫𝙚𝙧𝙮 𝙤𝙘𝙘𝙖𝙨𝙞𝙤𝙣:
 
• 𝙱𝚊𝚐𝚞𝚒𝚘 𝙲𝚒𝚝𝚢 𝚃𝚘𝚞𝚛 📍
 • 𝙰𝚝𝚘𝚔 𝚃𝚘𝚞𝚛 🏔️ 
• 𝚂𝚊𝚐𝚊𝚍𝚊 𝚃𝚘𝚞𝚛 🌲
 • 𝙽𝙰𝙸𝙰/𝙲𝙻𝙰𝚁𝙺 𝙰𝚒𝚛𝚙𝚘𝚛𝚝 𝚃𝚛𝚊𝚗𝚜𝚏𝚎𝚛𝚜 ✈️
 • 𝙷𝚊𝚝𝚒𝚍-𝚂𝚞𝚗𝚍𝚘 🚗
 • 𝚃𝚎𝚊𝚖 𝙱𝚞𝚒𝚕𝚍𝚒𝚗𝚐 & 𝙱𝚊𝚛𝚔𝚊𝚍𝚊 𝙾𝚞𝚝𝚒𝚗𝚐𝚜 🎊 
• 𝙵𝚊𝚖𝚒𝚕𝚢 𝚃𝚛𝚒𝚙𝚜 👨‍👩‍👧
 • 𝙻𝚒𝚙𝚊𝚝 𝙱𝚊𝚑𝚊𝚢 📦
 • 𝚆𝚎𝚍𝚍𝚒𝚗𝚐 𝚃𝚛𝚊𝚗𝚜𝚙𝚘𝚛𝚝𝚊𝚝𝚒𝚘𝚗 & 𝙱𝚛𝚒𝚍𝚊𝚕 𝙲𝚊𝚛𝚜 💍
 • 𝚂𝚌𝚑𝚘𝚘𝚕 𝙵𝚒𝚎𝚕𝚍 𝚃𝚛𝚒𝚙𝚜 🚌
 • 𝙰𝚗𝚢 𝙿𝚘𝚒𝚗𝚝 𝚘𝚏 𝙻𝚞𝚣𝚘𝚗 🗺️

✨ 𝗪𝗵𝘆 𝗖𝗵𝗼𝗼𝘀𝗲 𝗕𝗮𝗴𝘂𝗶𝗼 𝗕𝗲𝗻𝗴𝘂𝗲𝘁 𝗖𝗮𝗿 𝗥𝗲𝗻𝘁𝗮𝗹𝘀? ✨
   
✅ 𝗪𝗶𝘁𝗵 𝗕𝗜𝗥 & 𝗗𝗧𝗜 𝗣𝗘𝗥𝗠𝗜𝗧 
✅ 𝗪𝗶𝘁𝗵 𝗢𝗳𝗳𝗶𝗰𝗶𝗮𝗹 𝗥𝗲𝗰𝗲𝗶𝗽𝘁𝘀 (𝗢𝗥) 
✅ 𝙀𝙭𝙘𝙚𝙡𝙡𝙚𝙣𝙩 𝟱-𝙨𝙩𝙖𝙧 𝙘𝙪𝙨𝙩𝙤𝙢𝙚𝙧 𝙨𝙚𝙧𝙫𝙞𝙘𝙚 ⭐⭐⭐⭐⭐
✅ 𝘽𝙚𝙨𝙩 𝙧𝙖𝙩𝙚𝙨 𝙞𝙣 𝙩𝙝𝙚 𝙘𝙞𝙩𝙮 – 𝙣𝙤 𝙝𝙞𝙙𝙙𝙚𝙣 𝙛𝙚𝙚𝙨 💸 
✅ 𝙋𝙞𝙘𝙠-𝙪𝙥/𝙙𝙧𝙤𝙥-𝙤𝙛𝙛 𝙛𝙧𝙤𝙢 𝙮𝙤𝙪𝙧 𝙖𝙘𝙘𝙤𝙢𝙢𝙤𝙙𝙖𝙩𝙞𝙤𝙣 𝙤𝙧 𝙖𝙣𝙮 𝙥𝙤𝙞𝙣𝙩 𝙮𝙤𝙪 𝙧𝙚𝙦𝙪𝙚𝙨𝙩 🚘 
✅ 𝘾𝙡𝙚𝙖𝙣, 𝙘𝙤𝙢𝙛𝙤𝙧𝙩𝙖𝙗𝙡𝙚, 𝙬𝙚𝙡𝙡-𝙢𝙖𝙞𝙣𝙩𝙖𝙞𝙣𝙚𝙙 𝙫𝙚𝙝𝙞𝙘𝙡𝙚𝙨 🫧 
✅ 𝙋𝙧𝙤𝙛𝙚𝙨𝙨𝙞𝙤𝙣𝙖𝙡, 𝙛𝙧𝙞𝙚𝙣𝙙𝙡𝙮, 𝙝𝙚𝙡𝙥𝙛𝙪𝙡 & 𝙧𝙚𝙡𝙞𝙖𝙗𝙡𝙚 𝙙𝙧𝙞𝙫𝙚𝙧𝙨 🤘 ✅ 𝙁𝙧𝙞𝙚𝙣𝙙𝙡𝙮 𝙪𝙣𝙞𝙩𝙨 𝙖𝙨𝙨𝙞𝙜𝙣𝙚𝙙 𝙖𝙨 𝙧𝙚𝙦𝙪𝙚𝙨𝙩𝙚𝙙 – 𝙨𝙪𝙞𝙩𝙖𝙗𝙡𝙚 𝙛𝙤𝙧 𝙋𝙒𝘿 𝙞𝙣𝙙𝙞𝙫𝙞𝙙𝙪𝙖𝙡𝙨, 𝙨𝙚𝙣𝙞𝙤𝙧𝙨, 𝙥𝙧𝙚𝙜𝙣𝙖𝙣𝙩 𝙞𝙣𝙙𝙞𝙫𝙞𝙙𝙪𝙖𝙡𝙨, 𝙖𝙣𝙙 𝙩𝙝𝙤𝙨𝙚 𝙬𝙞𝙩𝙝 𝙤𝙩𝙝𝙚𝙧 𝙨𝙥𝙚𝙘𝙞𝙖𝙡 𝙣𝙚𝙚𝙙𝙨 🤝

𝗬𝗼𝘂𝗿 𝗮𝗱𝘃𝗲𝗻𝘁𝘂𝗿𝗲 𝗶𝘀 𝗷𝘂𝘀𝘁 𝗮 𝗺𝗲𝘀𝘀𝗮𝗴𝗲 𝗮𝘄𝗮𝘆! 📩

𝙎𝙩𝙖𝙧𝙩 𝙮𝙤𝙪𝙧 𝙟𝙤𝙪𝙧𝙣𝙚𝙮 𝙩𝙤𝙙𝙖𝙮 — 𝙧𝙚𝙖𝙘𝙝 𝙤𝙪𝙩 𝙫𝙞𝙖:

💬 WhatsApp/Viber: 0970-078-2089 /  0970-057-0823

📧 baguiobenguetcarrentals@gmail.com

📱 TikTok: @baguiobenguetcarrentals

👥 Find us on FB: Jeremy Chog-ap  ||  Chrisfer 

🌐 link in Bio

#baguiobased #tourism #BenguetAdventures #flowerfestival2026 #panagbenga2026",viber tiktok jeremy chog chrisfer link bio tourism benguetadventures baguiobased flowerfestival2026 panagbenga2026 🚨 🚨 📌 📌 ❌ ❌ 📍 🏔 🌲 ✈ 🚗 🎊 👨 👩 👧 📦 💍 🚌 🗺 ✨ ✨ ✅ ✅ ✅ ⭐ ⭐ ⭐ ⭐ ⭐ ✅ 💸 ✅ 🚘 ✅ 🫧 ✅ 🤘 ✅ 🤝 📩 💬 📧 📱 👥 🌐,𝗕𝗢𝗢𝗞 𝗬𝗢𝗨𝗥 𝗧𝗥𝗜𝗣𝗦 𝗪𝗜𝗧𝗛 𝗨𝗦 𝗕𝗢𝗢𝗞 𝗬𝗢𝗨𝗥 𝗧𝗥𝗜𝗣𝗦 𝗪𝗜𝗧𝗛 𝗨𝗦 𝐖𝐈𝐓𝐇 𝐃𝐑𝐈𝐕𝐄𝐑 𝐎𝐍𝐋𝐘 𝐍𝐎 𝐒𝐄𝐋𝐅 𝐃𝐑𝐈𝐕𝐄 𝙔𝙤𝙪𝙧 𝙟𝙤𝙪𝙧𝙣𝙚𝙮 𝙨𝙩𝙖𝙧𝙩𝙨 𝙩𝙝𝙚 𝙢𝙤𝙢𝙚𝙣𝙩 𝙬𝙚 𝙥𝙞𝙘𝙠 𝙮𝙤𝙪 𝙪𝙥 𝙬𝙞𝙩𝙝 𝙧𝙚𝙡𝙞𝙖𝙗𝙡𝙚 𝙘𝙤𝙢𝙛𝙤𝙧𝙩𝙖𝙗𝙡𝙚 𝙩𝙧𝙖𝙣𝙨𝙥𝙤𝙧𝙩𝙖𝙩𝙞𝙤𝙣 𝙛𝙤𝙧 𝙚𝙫𝙚𝙧𝙮 𝙤𝙘𝙘𝙖𝙨𝙞𝙤𝙣 𝙱𝚊𝚐𝚞𝚒𝚘 𝙲𝚒𝚝𝚢 𝚃𝚘𝚞𝚛 𝙰𝚝𝚘𝚔 𝚃𝚘𝚞𝚛 𝚂𝚊𝚐𝚊𝚍𝚊 𝚃𝚘𝚞𝚛 𝙽𝙰𝙸𝙰 𝙲𝙻𝙰𝚁𝙺 𝙰𝚒𝚛𝚙𝚘𝚛𝚝 𝚃𝚛𝚊𝚗𝚜𝚏𝚎𝚛𝚜 𝙷𝚊𝚝𝚒𝚍 𝚂𝚞𝚗𝚍𝚘 𝚃𝚎𝚊𝚖 𝙱𝚞𝚒𝚕𝚍𝚒𝚗𝚐 𝙱𝚊𝚛𝚔𝚊𝚍𝚊 𝙾𝚞𝚝𝚒𝚗𝚐𝚜 𝙵𝚊𝚖𝚒𝚕𝚢 𝚃𝚛𝚒𝚙𝚜 𝙻𝚒𝚙𝚊𝚝 𝙱𝚊𝚑𝚊𝚢 𝚆𝚎𝚍𝚍𝚒𝚗𝚐 𝚃𝚛𝚊𝚗𝚜𝚙𝚘𝚛𝚝𝚊𝚝𝚒𝚘𝚗 𝙱𝚛𝚒𝚍𝚊𝚕 𝙲𝚊𝚛𝚜 𝚂𝚌𝚑𝚘𝚘𝚕 𝙵𝚒𝚎𝚕𝚍 𝚃𝚛𝚒𝚙𝚜 𝙰𝚗𝚢 𝙿𝚘𝚒𝚗𝚝 𝚘𝚏 𝙻𝚞𝚣𝚘𝚗 𝗪𝗵𝘆 𝗖𝗵𝗼𝗼𝘀𝗲 𝗕𝗮𝗴𝘂𝗶𝗼 𝗕𝗲𝗻𝗴𝘂𝗲𝘁 𝗖𝗮𝗿 𝗥𝗲𝗻𝘁𝗮𝗹𝘀 𝗪𝗶𝘁𝗵 𝗕𝗜𝗥 𝗗𝗧𝗜 𝗣𝗘𝗥𝗠𝗜𝗧 𝗪𝗶𝘁𝗵 𝗢𝗳𝗳𝗶𝗰𝗶𝗮𝗹 𝗥𝗲𝗰𝗲𝗶𝗽𝘁𝘀 𝗢𝗥 𝙀𝙭𝙘𝙚𝙡𝙡𝙚𝙣𝙩 𝙨𝙩𝙖𝙧 𝙘𝙪𝙨𝙩𝙤𝙢𝙚𝙧 𝙨𝙚𝙧𝙫𝙞𝙘𝙚 𝘽𝙚𝙨𝙩 𝙧𝙖𝙩𝙚𝙨 𝙞𝙣 𝙩𝙝𝙚 𝙘𝙞𝙩𝙮 𝙣𝙤 𝙝𝙞𝙙𝙙𝙚𝙣 𝙛𝙚𝙚𝙨 𝙋𝙞𝙘𝙠 𝙪𝙥 𝙙𝙧𝙤𝙥 𝙤𝙛𝙛 𝙛𝙧𝙤𝙢 𝙮𝙤𝙪𝙧 𝙖𝙘𝙘𝙤𝙢𝙢𝙤𝙙𝙖𝙩𝙞𝙤𝙣 𝙤𝙧 𝙖𝙣𝙮 𝙥𝙤𝙞𝙣𝙩 𝙮𝙤𝙪 𝙧𝙚𝙦𝙪𝙚𝙨𝙩 𝘾𝙡𝙚𝙖𝙣 𝙘𝙤𝙢𝙛𝙤𝙧𝙩𝙖𝙗𝙡𝙚 𝙬𝙚𝙡𝙡 𝙢𝙖𝙞𝙣𝙩𝙖𝙞𝙣𝙚𝙙 𝙫𝙚𝙝𝙞𝙘𝙡𝙚𝙨 𝙋𝙧𝙤𝙛𝙚𝙨𝙨𝙞𝙤𝙣𝙖𝙡 𝙛𝙧𝙞𝙚𝙣𝙙𝙡𝙮 𝙝𝙚𝙡𝙥𝙛𝙪𝙡 𝙧𝙚𝙡𝙞𝙖𝙗𝙡𝙚 𝙙𝙧𝙞𝙫𝙚𝙧𝙨 𝙁𝙧𝙞𝙚𝙣𝙙𝙡𝙮 𝙪𝙣𝙞𝙩𝙨 𝙖𝙨𝙨𝙞𝙜𝙣𝙚𝙙 𝙖𝙨 𝙧𝙚𝙦𝙪𝙚𝙨𝙩𝙚𝙙 𝙨𝙪𝙞𝙩𝙖𝙗𝙡𝙚 𝙛𝙤𝙧 𝙋𝙒𝘿 𝙞𝙣𝙙𝙞𝙫𝙞𝙙𝙪𝙖𝙡𝙨 𝙨𝙚𝙣𝙞𝙤𝙧𝙨 𝙥𝙧𝙚𝙜𝙣𝙖𝙣𝙩 𝙞𝙣𝙙𝙞𝙫𝙞𝙙𝙪𝙖𝙡𝙨 𝙖𝙣𝙙 𝙩𝙝𝙤𝙨𝙚 𝙬𝙞𝙩𝙝 𝙤𝙩𝙝𝙚𝙧 𝙨𝙥𝙚𝙘𝙞𝙖𝙡 𝙣𝙚𝙚𝙙𝙨 𝗬𝗼𝘂𝗿 𝗮𝗱𝘃𝗲𝗻𝘁𝘂𝗿𝗲 𝗶𝘀 𝗷𝘂𝘀𝘁 𝗮 𝗺𝗲𝘀𝘀𝗮𝗴𝗲 𝗮𝘄𝗮𝘆 𝙎𝙩𝙖𝙧𝙩 𝙮𝙤𝙪𝙧 𝙟𝙤𝙪𝙧𝙣𝙚𝙮 𝙩𝙤𝙙𝙖𝙮 𝙧𝙚𝙖𝙘𝙝 𝙤𝙪𝙩 𝙫𝙞𝙖 whatsapp viber baguiobenguetcarrentals com tiktok find us on fb jeremy chog ap chrisfer link in bio baguiobased tourism benguetadventures flowerfestival panagbenga,"['🚨', '🚨', '📌', '📌', '❌', '❌', '📍', '🏔', '🌲', '✈', '🚗', '🎊', '👨', '👩', '👧', '📦', '💍', '🚌', '🗺', '✨', '✨', '✅', '✅', '✅', '⭐', '⭐', '⭐', '⭐', '⭐', '✅', '💸', '✅', '🚘', '✅', '🫧', '✅', '🤘', '✅', '🤝', '📩', '💬', '📧', '📱', '👥', '🌐']","['HASHTAG_baguiobased', 'HASHTAG_tourism', 'HASHTAG_benguetadventures', 'HASHTAG_flowerfestival2026', 'HASHTAG_panagbenga2026']",https://www.tiktok.com/@baguiobenguetcarrentals/video/7636220254418504968,2026-05-05T01:54:50+00:00,7
TI-11621111a1,"Preserving the rich culture of #Cordillera 🌼🌸🌹

#panagbengafestival2025 #BaguioCity #culturetiktok #samyponz #samuelponsica #preservingculture",preservi rich culture cordillera baguiocity culturetiktok samyponz samuelponsica preservingculture 🌼 🌸 🌹,preserving the rich culture of cordillera panagbengafestival baguiocity culturetiktok samyponz samuelponsica preservingculture,"['🌼', '🌸', '🌹']","['HASHTAG_cordillera', 'HASHTAG_panagbengafestival2025', 'HASHTAG_baguiocity', 'HASHTAG_culturetiktok', 'HASHTAG_samyponz', 'HASHTAG_samuelponsica', 'HASHTAG_preservingculture']",https://www.tiktok.com/@samyponz/video/7474257684099910919,2025-02-22T14:57:14+00:00,36200
TI-2a384633f6,"FULL PERFORMANCE of El Tribu d Lucban during the Grand Street Dance parade of #Panagbenga2026
 
#Baguio #panagbenga",full performance tribu lucb grand_street dance_baguio panagbenga2026 baguio,full performance of el tribu d lucban during the grand street dance parade of panagbenga baguio panagbenga,[],"['HASHTAG_panagbenga2026', 'HASHTAG_baguio']",https://www.tiktok.com/@kwentoninicko/video/7611949300985203988,2026-02-28T16:11:02+00:00,879
TI-e7186b11f2,Igorot cultural dance #Panagbenga2026 #panagbengahunks #igorotiktokers #igorothunk #baguio,igorot cultural_dance bengahunks igorotiktokers baguio panagbenga2026 panagbengahunks igorothunk,igorot cultural dance panagbenga panagbengahunks igorotiktokers igorothunk baguio,[],"['HASHTAG_panagbenga2026', 'HASHTAG_panagbengahunks', 'HASHTAG_igorotiktokers', 'HASHTAG_igorothunk', 'HASHTAG_baguio']",https://www.tiktok.com/@markeegaviola/video/7612684075341499668,2026-03-02T15:42:20+00:00,568
TI-6941465598,"Panagbenga 2024 Dancer from the Drum & Lyre Dance Competition @Burnham Park, Baguio City #panagbenga2024 #baguio #fyp #panagbenga #baguiocity",dancer drum_lyre dance_competition park baguio_city baguio_baguiocity baguio fyp,panagbenga dancer from the drum lyre dance competition park baguio city panagbenga baguio fyp panagbenga baguiocity,[],"['HASHTAG_baguio', 'HASHTAG_fyp', 'HASHTAG_baguiocity']",https://www.tiktok.com/@thebaguiochannel2600/video/7332572449797590273,2024-02-06T19:26:09+00:00,46
TI-671f17d7bc,"Panagbenga Hymn performed by the SLU Marching Band during the Panagbenga Launching at the Baguio City Hall.

#baguio #panagbenga #panagbenga2025 #philippines",hymn slu marchi launchi baguio_city hall baguio philippines panagbenga2025,panagbenga hymn performed by the slu marching band during the panagbenga launching at the baguio city hall baguio panagbenga panagbenga philippines,[],"['HASHTAG_baguio', 'HASHTAG_panagbenga2025', 'HASHTAG_philippines']",https://www.tiktok.com/@baguioheraldexpress/video/7458206310060920071,2025-01-10T08:49:40+00:00,100
TI-1b044d3423,"SINO SINISILIP MO JAN DENVER?!🫣🥰 DURING PANAGBENGA FESTIVAL 2026!🔥💪🌲

#PageantManila #PanagbengaHunks #Trending #CityOfBaguio #SaBaguio",sinisilip jan denver festival eantmanila bengahunks cityofbaguio sabaguio panagbengahunks trending 🫣 🥰 🔥 💪 🌲,sino sinisilip mo jan denver during panagbenga festival pageantmanila panagbengahunks trending cityofbaguio sabaguio,"['🫣', '🥰', '🔥', '💪', '🌲']","['HASHTAG_pageantmanila', 'HASHTAG_panagbengahunks', 'HASHTAG_trending', 'HASHTAG_cityofbaguio', 'HASHTAG_sabaguio']",https://www.tiktok.com/@pageantmanila/video/7614112435045158165,2026-03-06T12:05:06+00:00,248
TI-5785359f6f,"FULL PERFORMANCE of Mabini Elementary School drum and lyre corps during the Grand Street Dance parade of #Panagbenga2026 

#baguio #panagbenga",full performance mabini elementary school drum_lyre corps grand_street dance_baguio panagbenga2026 baguio,full performance of mabini elementary school drum and lyre corps during the grand street dance parade of panagbenga baguio panagbenga,[],"['HASHTAG_panagbenga2026', 'HASHTAG_baguio']",https://www.tiktok.com/@kwentoninicko/video/7612138626838760724,2026-03-01T04:25:48+00:00,2323
TI-00445d97b3,"Artist during Panagbenga

#panagbengafestival #baguio #panagbenga #fyppppppppppppppppppppppp #igorotiktokers",artist baguio fyppp igorotiktokers,artist during panagbenga panagbengafestival baguio panagbenga fyppp igorotiktokers,[],"['HASHTAG_baguio', 'HASHTAG_fyppppppppppppppppppppppp', 'HASHTAG_igorotiktokers']",https://www.tiktok.com/@xavierdunwanballay/video/7612136417795378452,2026-03-01T04:17:09+00:00,124
TI-d4285b9e6c,"CORDILLERAN HUNKS 💪 

One Of The Tourist Attractions During Panagbenga Festival ❤️ 

 #panagbengafestival2026 #IgorotBoys #flowers #cordiller #takido",cordiller tourist attractions igorotboys flowers takido 💪 ❤,cordilleran hunks one of the tourist attractions during panagbenga festival panagbengafestival igorotboys flowers cordiller takido,"['💪', '❤']","['HASHTAG_panagbengafestival2026', 'HASHTAG_igorotboys', 'HASHTAG_flowers', 'HASHTAG_cordiller', 'HASHTAG_takido']",https://www.tiktok.com/@takido/video/7619259524616162581,2026-03-20T08:58:27+00:00,81
TI-92ba0199da,"Grand Street Dance Parade 
#baguiofeels #panagbenga2025",grand_street dance rade baguiofeels panagbenga2025,grand street dance parade baguiofeels panagbenga,[],"['HASHTAG_baguiofeels', 'HASHTAG_panagbenga2025']",https://www.tiktok.com/@johngwin_27/video/7474108078611320071,2025-02-22T05:16:40+00:00,119
TI-88c82227fd,"PANAGBENGA FESTIVAL — CHAMPION 🌻
special mention to leaderakas:
@abielasxzie_dlxe 
@Ashieyeah_ (Choreo)
@jaztennnn_5 
@💤 
@Shiero 
@aleyzzzo 
 #accurateness #panagbengafestival #champion",festival champion special mention leaderakas choreo accurateness 🌻 💤,panagbenga festival champion special mention to leaderakas choreo accurateness panagbengafestival champion,"['🌻', '💤']","['HASHTAG_accurateness', 'HASHTAG_champion']",https://www.tiktok.com/@9accurateness5/video/7594411259382992149,2026-01-12T09:54:32+00:00,20700
TI-7211e6497c,Panagbenga Street Dance Parade 2025 #panagbenga2025 #baguiocity #flowerfestival #fyp #fyppppppppppppppppppppppp #tiktok #parade #highlight #follower,street_dance rade fyp fyppp tiktok highlight follower panagbenga2025 baguiocity flowerfestival parade,panagbenga street dance parade panagbenga baguiocity flowerfestival fyp fyppp tiktok parade highlight follower,[],"['HASHTAG_panagbenga2025', 'HASHTAG_baguiocity', 'HASHTAG_flowerfestival', 'HASHTAG_fyp', 'HASHTAG_fyppppppppppppppppppppppp', 'HASHTAG_tiktok', 'HASHTAG_parade', 'HASHTAG_highlight', 'HASHTAG_follower']",https://www.tiktok.com/@blacklady_jhacque/video/7474066518448409874,2025-02-22T02:35:26+00:00,86
TI-ac6bb96e28,"Rhythm Of Highlands Panagbenga 2026 CHAMPION🏆🏆
#kayawdiumili #panagbenga #panagbenga2026 #kalinga #panagbenga",champion kayawdiumili kalinga panagbenga2026 🏆 🏆,rhythm of highlands panagbenga champion kayawdiumili panagbenga panagbenga kalinga panagbenga,"['🏆', '🏆']","['HASHTAG_kayawdiumili', 'HASHTAG_panagbenga2026', 'HASHTAG_kalinga']",https://www.tiktok.com/@lxxrnxy/video/7607426813266038034,2026-02-16T11:41:26+00:00,57
TI-dc29cd230e,"“When you dance, your purpose is not to get to a certain place on the floor. It is to enjoy each step along the way”. -Wayne Dyer

DIRO FESTIVAL TI BACNOTAN🐝🍯

#foryoupage❤️❤️ 
#streetdancing 
#panagbenga2025 
#tawidabalitok 
#hatawbacnotan 
#dirofestival 
#trending",dance purpose certa place floor enjoy step way dyer diro festival bacnot foryoupage streetdanci tawidabalitok hatawbacnot dirofestival trendi panagbenga2025 🐝 🍯 ❤ ❤,when you dance your purpose is not to get to a certain place on the floor it is to enjoy each step along the way wayne dyer diro festival ti bacnotan foryoupage streetdancing panagbenga tawidabalitok hatawbacnotan dirofestival trending,"['🐝', '🍯', '❤', '❤']","['HASHTAG_foryoupage', 'HASHTAG_streetdancing', 'HASHTAG_panagbenga2025', 'HASHTAG_tawidabalitok', 'HASHTAG_hatawbacnotan', 'HASHTAG_dirofestival', 'HASHTAG_trending']",https://www.tiktok.com/@ms.rosh3/video/7477920800989859079,2025-03-04T11:51:57+00:00,325
TI-8df53a93ce,"The Panagbenga Festival, also known as the Baguio Flower Festival, is a month-long annual celebration held every February in Baguio City, Philippines. The term ""Panagbenga"" comes from a Kankanaey term meaning ""season of blooming"" or ""a time for flowering.""
 
The festival was conceptualized in 1995 to honor Baguio City's flowers and as a way to help the city recover from the devastation of the 1990 Luzon earthquake. It has since become a vibrant display of the rich cultural heritage of the Cordillera region, showcasing various events, exhibitions, and activities that promote the history, traditions, and values of Baguio and the Cordilleras.",festival_baguio flower_festival month annual celebration february baguio_city philippines term kankanaey meani season bloomi time floweri festival honor way city devastation luzon earthquake become vibrant display rich cultural heritage cordillera_region various events exhibitions activities history traditions values cordilleras,the panagbenga festival also known as the baguio flower festival is a month long annual celebration held every february in baguio city philippines the term panagbenga comes from a kankanaey term meaning season of blooming or a time for flowering the festival was conceptualized in to honor baguio city s flowers and as a way to help the city recover from the devastation of the luzon earthquake it has since become a vibrant display of the rich cultural heritage of the cordillera region showcasing various events exhibitions and activities that promote the history traditions and values of baguio and the cordilleras,[],[],https://www.tiktok.com/@hannahserasasis/video/7610172552320781575,2026-02-23T21:16:24+00:00,24
TI-240cbcdbe7,"Panagbenga Festival 2024 Performers

#pangbengafestival #panagbenga #panagbengafestival #baguio #baguiocity #fyp #foryoupage #festival",festival performers ngbengafestival baguio_baguiocity fyp foryoupage baguio baguiocity,panagbenga festival performers pangbengafestival panagbenga panagbengafestival baguio baguiocity fyp foryoupage festival,[],"['HASHTAG_pangbengafestival', 'HASHTAG_baguio', 'HASHTAG_baguiocity', 'HASHTAG_fyp', 'HASHTAG_foryoupage', 'HASHTAG_festival']",https://www.tiktok.com/@solivagant99/video/7340856131826339074,2024-02-29T03:11:12+00:00,64
TI-4ec4896ee8,"Waiting for the fireworks! Panagbenga signing off, next year ulett #panagbenga2024 #baguio #sm #fyp #fypシ #fypl #foryoupageofficiall #tiktok #fyp #fyp #fyp #fyp #fyp #xyzbca #fyyyyyyyyyyyyyyyy #fyyyyyyppppppppp #fyyyyyyyyyyyyyyyy #fypシ",waiti fireworks next year ulett baguio foryoupageofficiall tiktok fyp fyyy sm,waiting for the fireworks panagbenga signing off next year ulett panagbenga baguio sm fyp fypシ fypl foryoupageofficiall tiktok fyp fyp fyp fyp fyp xyzbca fyyy fyyyppp fyyy fypシ,[],"['HASHTAG_baguio', 'HASHTAG_sm', 'HASHTAG_fyp', 'HASHTAG_fypシ', 'HASHTAG_fypl', 'HASHTAG_foryoupageofficiall', 'HASHTAG_tiktok', 'HASHTAG_fyp', 'HASHTAG_fyp', 'HASHTAG_fyp', 'HASHTAG_fyp', 'HASHTAG_fyp', 'HASHTAG_xyzbca', 'HASHTAG_fyyyyyyyyyyyyyyyy', 'HASHTAG_fyyyyyyppppppppp', 'HASHTAG_fyyyyyyyyyyyyyyyy', 'HASHTAG_fypシ']",https://www.tiktok.com/@charmaineandiso/video/7342820832365989125,2024-03-05T10:15:05+00:00,5711
TI-e7efbf29fe,"From blooming floral costumes to high-energy performances, every shot captures the heart of Baguio City in full celebration mode. The creativity, culture, and passion of each performer truly made this year unforgettable.

Sharing some of my favorite moments through these photos—hope you can feel the beat and the joy just like I did!

#Panagbenga2026 #StreetDanceParade #BaguioCity #FestivalVibes #FlowerFestival",bloomi floral costumes high energy performances shot heart baguio_city full celebration mode creativity culture ssion performer year unforgettable shari favorite moments photos beat joy streetdanceparade festivalvibes flowerfestival panagbenga2026,from blooming floral costumes to high energy performances every shot captures the heart of baguio city in full celebration mode the creativity culture and passion of each performer truly made this year unforgettable sharing some of my favorite moments through these photos hope you can feel the beat and the joy just like i did panagbenga streetdanceparade baguiocity festivalvibes flowerfestival,[],"['HASHTAG_panagbenga2026', 'HASHTAG_streetdanceparade', 'HASHTAG_baguiocity', 'HASHTAG_festivalvibes', 'HASHTAG_flowerfestival']",https://www.tiktok.com/@imjpyow/video/7612280551482985748,2026-03-01T13:36:30+00:00,50
TI-06b2d523e5,"Experience the vibrant colors of the #PanagbengaFestival in Baguio! 🌸🎭 From grand floral floats to lively street dances, this festival is a must-see for culture and travel lovers! ✨🏞️ #BaguioCity #TravelPhilippines #FestivalVibes #smbaguio #local #travel #ditosapilipinas",experience vibrant colors grand_floral floats street dances festival culture travel lovers baguiocity travelphilippines smbaguio local ditosapilipinas festivalvibes 🌸 🎭 ✨ 🏞,experience the vibrant colors of the panagbengafestival in baguio from grand floral floats to lively street dances this festival is a must see for culture and travel lovers baguiocity travelphilippines festivalvibes smbaguio local travel ditosapilipinas,"['🌸', '🎭', '✨', '🏞']","['HASHTAG_baguiocity', 'HASHTAG_travelphilippines', 'HASHTAG_festivalvibes', 'HASHTAG_smbaguio', 'HASHTAG_local', 'HASHTAG_travel', 'HASHTAG_ditosapilipinas']",https://www.tiktok.com/@ditosapilipinas/video/7473125175244950785,2025-02-19T13:42:34+00:00,131
TI-408abc3504,"Moonlettes🌙

We finally get to see Kolette Madelo perform again as she takes the stage at the Panagbenga Festival! She’s one of the featured performers at this beautiful celebration presented by ABS-CBN Studios, happening on March 7, 4PM at Melvin Jones Grandstand, Baguio City.

She’s about to give us another performance filled with joy, talent, and that undeniable stage presence we’re always so proud of. You already know she’s going to light up the stage and make us fall in love with her all over again!

Let’s cheer louder, support harder, and show everyone how proud we are to be Moonlettes. 

All for Kolette — always and in all ways. 

#KoletteMadelo
#kolette",moonlettes kolette madelo stage festival performers beautiful celebration abs cbn studios march melv_jones baguio_city performance joy talent undeniable presence proud light fall love support harder show everyone ways kolettemadelo 🌙,moonlettes we finally get to see kolette madelo perform again as she takes the stage at the panagbenga festival she s one of the featured performers at this beautiful celebration presented by abs cbn studios happening on march pm at melvin jones grandstand baguio city she s about to give us another performance filled with joy talent and that undeniable stage presence we re always so proud of you already know she s going to light up the stage and make us fall in love with her all over again let s cheer louder support harder and show everyone how proud we are to be moonlettes all for kolette always and in all ways kolettemadelo kolette,['🌙'],"['HASHTAG_kolettemadelo', 'HASHTAG_kolette']",https://www.tiktok.com/@josede368/video/7610713231765671175,2026-02-25T08:14:28+00:00,457
TI-6388114f11,"Cool weather, festive streets, and comforting local food 🌻☁️ These were my Panagbenga Market Encounter picks. What were yours?😋

🌻James Wright cream puffs - the original was so-so, the caramel one was the bomb!
🌻Patisserie de Glitz - for me, this has the best tiramisu in Baguio 😋
🌻Nay Chit Mozzarella fish - cutie and so good!
🌻Sushikami Takotaki - cuz i missed Japan. Lol loved it! may octo slice talaga siya sa loob 

 #wheninBaguio #Panagbenga2026 #panagbengafestival #foryou #foodie",cool festive streets local food market_encounter james cream puffs original bomb tisserie glitz best tiramisu baguio nay chit mozzarella fish cutie good sushikami takotaki cuz japan octo slice loob wheninbaguio foryou foodie panagbenga2026 🌻 ☁ 😋 🌻 🌻 😋 🌻 🌻,cool weather festive streets and comforting local food these were my panagbenga market encounter picks what were yours james wright cream puffs the original was so so the caramel one was the bomb patisserie de glitz for me this has the best tiramisu in baguio nay chit mozzarella fish cutie and so good sushikami takotaki cuz i missed japan lol loved it may octo slice talaga siya sa loob wheninbaguio panagbenga panagbengafestival foryou foodie,"['🌻', '☁', '😋', '🌻', '🌻', '😋', '🌻', '🌻']","['HASHTAG_wheninbaguio', 'HASHTAG_panagbenga2026', 'HASHTAG_foryou', 'HASHTAG_foodie']",https://www.tiktok.com/@mommakare.n.love/video/7605231564141628679,2026-02-10T13:42:42+00:00,10
TI-704b2e8879,"The streets of Baguio City came alive with rhythm, color, and unstoppable energy at the Grand Street Dancing Parade. From the echoing drumbeats to the jaw-dropping floral costumes, every performance was a celebration of culture, creativity, and community. 💃🔥

Grabe — this is not just a parade, it’s a whole floral fiesta of passion and pride! 🌼🌈

#CTTO of the pictures 💛🙏🏻

#Panagbenga2026 #BaguioInBloom #GrandStreetDancing #FestivalFeels #BloomWhereYourePlanted #flowerfestival #grandstreetdanceparade #streetdance #streetlaradebaguio #grandstreetlarade #baguiocity #2600 #flowerfestival2026 — at Session Rd. Baguio.",streets city alive color unstoppable energy grand_street danci echoi drumbeats droppi floral costumes performance celebration culture creativity community whole fiesta ssion pride ctto baguioinbloom grandstreetdanci festivalfeels flowerfestival streetdance streetlaradebaguio grandstreetlarade baguio panagbenga2026 baguiocity 2600 💃 🔥 🌼 🌈 💛 🙏 🏻,the streets of baguio city came alive with rhythm color and unstoppable energy at the grand street dancing parade from the echoing drumbeats to the jaw dropping floral costumes every performance was a celebration of culture creativity and community grabe this is not just a parade it s a whole floral fiesta of passion and pride ctto of the pictures panagbenga baguioinbloom grandstreetdancing festivalfeels bloomwhereyoureplanted flowerfestival grandstreetdanceparade streetdance streetlaradebaguio grandstreetlarade baguiocity flowerfestival at session rd baguio,"['💃', '🔥', '🌼', '🌈', '💛', '🙏', '🏻']","['HASHTAG_ctto', 'HASHTAG_panagbenga2026', 'HASHTAG_baguioinbloom', 'HASHTAG_grandstreetdancing', 'HASHTAG_festivalfeels', 'HASHTAG_bloomwhereyoureplanted', 'HASHTAG_flowerfestival', 'HASHTAG_grandstreetdanceparade', 'HASHTAG_streetdance', 'HASHTAG_streetlaradebaguio', 'HASHTAG_grandstreetlarade', 'HASHTAG_baguiocity', 'HASHTAG_2600', 'HASHTAG_flowerfestival2026']",https://www.tiktok.com/@topzandkc/video/7611889015947545873,2026-02-28T12:17:36+00:00,39
TI-e441ec5a84,"Flower props making for Panagbenga Festival Client #costumeandpropsbyaceyee #costumeforrent #festivaldance #streetdance #folkdance 

✨ Costume and Props by Ace Yee

FOR RENTALS : 

☘️ We offer package/set for your event (Choreo, Props & Costume)
☘️ We also offer BASAL RENT for your event. 
☘️ Festival King and Festival Queen
☘️ Cultural and Folkdance
☘️ Costume for rent / Props for rent

📍Cabanatuan City, Nueva Ecija

✉️ DM me on my Fb acct : Ace Yee",flower props festival client costumeforrent festivaldance streetdance folkdance costume yee rentals ckage event choreo basal rent festival_queen cultural cabanatu city nueva acct ace ✨ ☘ ☘ ☘ ☘ ☘ 📍 ✉,flower props making for panagbenga festival client costumeandpropsbyaceyee costumeforrent festivaldance streetdance folkdance costume and props by ace yee for rentals we offer package set for your event choreo props costume we also offer basal rent for your event festival king and festival queen cultural and folkdance costume for rent props for rent cabanatuan city nueva ecija dm me on my fb acct ace yee,"['✨', '☘', '☘', '☘', '☘', '☘', '📍', '✉']","['HASHTAG_costumeandpropsbyaceyee', 'HASHTAG_costumeforrent', 'HASHTAG_festivaldance', 'HASHTAG_streetdance', 'HASHTAG_folkdance']",https://www.tiktok.com/@costume.props.by.aceyee/video/7570370888185466133,2025-11-08T15:05:30+00:00,14000
TI-f2b70a2074,"PANAGBENGA INSPIRED 
#igorot #cordillera #buwanngwika #Diy",igorot cordillera buwanngwika diy,panagbenga inspired igorot cordillera buwanngwika diy,[],"['HASHTAG_igorot', 'HASHTAG_cordillera', 'HASHTAG_buwanngwika', 'HASHTAG_diy']",https://www.tiktok.com/@jhernando5/video/7542847407302642962,2025-08-26T11:00:19+00:00,7
TI-20b40f5e19,"SINO YANG KA CHAT MO? CHOT!🫣🥰 PANAGBENGA IGOROT HUNKS! DURING PANAGBENGA FESTIVAL 2026!🔥💪🌲

#PageantManila #SaBaguio #Panagbenga2026 #BloomingWithoutEnd #BaguioCity",yang igorot hunks eantmanila sabaguio bloomingwithoutend baguiocity panagbenga2026 🫣 🥰 🔥 💪 🌲,sino yang ka chat mo chot panagbenga igorot hunks during panagbenga festival pageantmanila sabaguio panagbenga bloomingwithoutend baguiocity,"['🫣', '🥰', '🔥', '💪', '🌲']","['HASHTAG_pageantmanila', 'HASHTAG_sabaguio', 'HASHTAG_panagbenga2026', 'HASHTAG_bloomingwithoutend', 'HASHTAG_baguiocity']",https://www.tiktok.com/@pageantmanila/video/7611864470528347412,2026-02-28T10:41:54+00:00,5999
TI-bf492b5846,"BFFFI: Panagbenga Festival, hindi lugar ng pangangampanya",bfffi festival lugar ngangampanya,bfffi panagbenga festival hindi lugar ng pangangampanya,[],[],https://www.tiktok.com/@rngluzonofficial/video/7462676334775373064,2025-01-22T11:15:00+00:00,335
TI-a7c41a7686,"Full video: @Aubrey Caraan surprises @Lance Justin Carr 

#BPxPanagbenga2026 #PanagbengaBP2026 #Baguio #Panagbenga #lancebrey",full video cara carr bpxpanagbenga bengabp baguio lancebrey panagbengabp2026,full video caraan surprises justin carr bpxpanagbenga panagbengabp baguio panagbenga lancebrey,[],"['HASHTAG_bpxpanagbenga2026', 'HASHTAG_panagbengabp2026', 'HASHTAG_baguio', 'HASHTAG_lancebrey']",https://www.tiktok.com/@marknorella/video/7613580140353801490,2026-03-05T01:39:36+00:00,749
TI-89348e43e0,Panagbenga festival 2026 #igorota,festival igorota,panagbenga festival igorota,[],['HASHTAG_igorota'],https://www.tiktok.com/@mansoyosoy.di.dag/video/7606464660363136277,2026-02-13T21:27:54+00:00,780
TI-22f647a24f,Panagbenga Theme Music #Panagbenga #Panagbenga2025 #panagbengafestival #fyp #festival #labzkie #foryou #follwers #follow,theme music fyp festival labzkie foryou follwers panagbenga2025 follow,panagbenga theme music panagbenga panagbenga panagbengafestival fyp festival labzkie foryou follwers follow,[],"['HASHTAG_panagbenga2025', 'HASHTAG_fyp', 'HASHTAG_festival', 'HASHTAG_labzkie', 'HASHTAG_foryou', 'HASHTAG_follwers', 'HASHTAG_follow']",https://www.tiktok.com/@labz.kie/video/7467821654777810184,2025-02-05T06:42:09+00:00,97
TI-31d3a60f71,Janella Salvador performs at the Panagbenga Kapamilya Karavan! 👏🏻 #janellasalvador #kapamilyakaravan #whatliesbeneath,janella salvador performs karav janellasalvador kapamilyakarav whatliesbeneath 👏 🏻,janella salvador performs at the panagbenga kapamilya karavan janellasalvador kapamilyakaravan whatliesbeneath,"['👏', '🏻']","['HASHTAG_janellasalvador', 'HASHTAG_kapamilyakaravan', 'HASHTAG_whatliesbeneath']",https://www.tiktok.com/@nicoleuyxx/video/7614714928011676948,2026-03-08T03:03:11+00:00,8233
TI-78993f1592,PANAGBENGA FESTIVAL SA GROW A GARDEN HAHAHAHAAHAHAHAHAHA #GrowAGarden #Roblox #PanagbengaFestival #fyp #viral,festival garden hahahaahahahahaha growagarden roblox fyp viral,panagbenga festival sa grow a garden hahahahaahahahahaha growagarden roblox panagbengafestival fyp viral,[],"['HASHTAG_growagarden', 'HASHTAG_roblox', 'HASHTAG_fyp', 'HASHTAG_viral']",https://www.tiktok.com/@rico_rawr/video/7511367195704724743,2025-06-02T15:01:03+00:00,76700
TI-ef41ccb379,CHAMPION PANAGBENGA 2026🌻,champion 🌻,champion panagbenga,['🌻'],[],https://www.tiktok.com/@hofylu_/video/7606963968891997460,2026-02-15T05:45:22+00:00,365
TI-a0fabcade1,"ISA SA NAGPASAYA NG PANAGBENGA 2026! ANG BATANG ERE! TUWANG TUWA ANG MGA MANONOOD SA KANYA!🥰😊🌲 GRAND FLOAT PARADE! PANAGBENGA FESTIVAL 2026!🔥💪🌲

#PageantManila #GrandFloatParade #viralreelsシ  #CityOfBaguio #SaBaguio",saya bata tuwa manonood grand_float rade festival eantmanila cityofbaguio sabaguio grandfloatparade 🥰 😊 🌲 🔥 💪 🌲,isa sa nagpasaya ng panagbenga ang batang ere tuwang tuwa ang mga manonood sa kanya grand float parade panagbenga festival pageantmanila grandfloatparade viralreelsシ cityofbaguio sabaguio,"['🥰', '😊', '🌲', '🔥', '💪', '🌲']","['HASHTAG_pageantmanila', 'HASHTAG_grandfloatparade', 'HASHTAG_viralreelsシ', 'HASHTAG_cityofbaguio', 'HASHTAG_sabaguio']",https://www.tiktok.com/@pageantmanila/video/7612243171103280405,2026-03-01T11:11:25+00:00,228
TI-b6a8840f8e,#panagbenga2026 #baguio #sessionroad #artist,baguio sessionroad artist panagbenga2026,panagbenga baguio sessionroad artist,[],"['HASHTAG_panagbenga2026', 'HASHTAG_baguio', 'HASHTAG_sessionroad', 'HASHTAG_artist']",https://www.tiktok.com/@marlettejoy/video/7612208129148751111,2026-03-01T08:55:26+00:00,146
TI-1ffd3787e0,"#panagbengafestival 
#bestqueen 
#fyp",bestqueen fyp,panagbengafestival bestqueen fyp,[],"['HASHTAG_bestqueen', 'HASHTAG_fyp']",https://www.tiktok.com/@kie.jn/video/7616734059997318418,2026-03-13T13:38:18+00:00,220
TI-deaa4eee3c,"IKAW BA YAN SANTINO!🫣🥰 PANAGBENGA IGOROT HUNKS | PANAGBENGA FESTIVAL 2026!🔥💪

#PageantManila #SaBaguio #Panagbenga2026 #BloomingWithoutEnd #BaguioCity",santino igorot hunks eantmanila sabaguio bloomingwithoutend baguiocity panagbenga2026 🫣 🥰 🔥 💪,ikaw ba yan santino panagbenga igorot hunks panagbenga festival pageantmanila sabaguio panagbenga bloomingwithoutend baguiocity,"['🫣', '🥰', '🔥', '💪']","['HASHTAG_pageantmanila', 'HASHTAG_sabaguio', 'HASHTAG_panagbenga2026', 'HASHTAG_bloomingwithoutend', 'HASHTAG_baguiocity']",https://www.tiktok.com/@pageantmanila/video/7611840850636623124,2026-02-28T09:10:18+00:00,250
TI-196b05f22a,"NAG PA CUTE SI KOYA!🫣🥰 PANAGBENGA IGOROT HUNKS! PANAGBENGA FESTIVAL 2026!🔥💪🌲

#PageantManila #SaBaguio #Panagbenga2026 #BloomingWithoutEnd #BaguioCity",cute koya igorot hunks eantmanila sabaguio bloomingwithoutend baguiocity panagbenga2026 🫣 🥰 🔥 💪 🌲,nag pa cute si koya panagbenga igorot hunks panagbenga festival pageantmanila sabaguio panagbenga bloomingwithoutend baguiocity,"['🫣', '🥰', '🔥', '💪', '🌲']","['HASHTAG_pageantmanila', 'HASHTAG_sabaguio', 'HASHTAG_panagbenga2026', 'HASHTAG_bloomingwithoutend', 'HASHTAG_baguiocity']",https://www.tiktok.com/@pageantmanila/video/7611844667641957653,2026-02-28T09:25:00+00:00,586
TI-60d2001633,Ganito pala pag Panagbenga! Free taste everywhere 🤣 #baguio #panagbenga2025 #baelaki,ganito pala free taste baelaki baguio panagbenga2025 🤣,ganito pala pag panagbenga free taste everywhere baguio panagbenga baelaki,['🤣'],"['HASHTAG_baguio', 'HASHTAG_panagbenga2025', 'HASHTAG_baelaki']",https://www.tiktok.com/@bae.laki.finds/video/7474268486949195015,2025-02-22T15:39:06+00:00,1888
TI-9700166b5b,"2024 Panagbenga Song

#panagbenga 
#TransientHouseinBaguio 
#BaguioStaycation",song baguiostaycation,panagbenga song panagbenga transienthouseinbaguio baguiostaycation,[],"['HASHTAG_transienthouseinbaguio', 'HASHTAG_baguiostaycation']",https://www.tiktok.com/@lfbaguiotransient/video/7339445747311512837,2024-02-25T07:58:02+00:00,58
TI-8604ef8692,#panagbenga2023 was so much fun. Can't wait for next year! 🥰 #sharethejoy #jollibeetok,much fun wait next year sharethejoy jollibeetok panagbenga2023 🥰,panagbenga was so much fun can t wait for next year sharethejoy jollibeetok,['🥰'],"['HASHTAG_panagbenga2023', 'HASHTAG_sharethejoy', 'HASHTAG_jollibeetok']",https://www.tiktok.com/@jollibee/video/7205074008075799835,2023-02-28T05:27:06+00:00,36600
TI-c3eb364842,"#Panagbengafestival #festivaldance #abm #abmpride #champion 
PANAGBENGA FESTIVAL OF G12 NEPTUNE ABM- CHAMPION 🏆 
(FESTIVAL DANCE)",festivaldance abm champion festival neptune abmpride 🏆,panagbengafestival festivaldance abm abmpride champion panagbenga festival of g neptune abm champion festival dance,['🏆'],"['HASHTAG_festivaldance', 'HASHTAG_abm', 'HASHTAG_abmpride', 'HASHTAG_champion']",https://www.tiktok.com/@novae26/video/7562475086134005013,2025-10-18T08:25:48+00:00,10800
TI-9e498bdd7a,"🌻PANAGBENGA FESTIVAL🌻     9-Harmony
#panagbenga #foryoupage #sy20252026",festival harmony foryoupage 🌻 🌻,panagbenga festival harmony panagbenga foryoupage sy,"['🌻', '🌻']","['HASHTAG_foryoupage', 'HASHTAG_sy20252026']",https://www.tiktok.com/@yn_sxyz/video/7596164810656550162,2026-01-17T03:19:06+00:00,1874
TI-feb01c93cf,#Panagbenga #fypdongggggggg #newyear #fyppppppppppppppppppppppp #viral #fyp #famous #views,newyear fyppp viral fyp famous views,panagbenga fypdonggg newyear fyppp viral fyp famous views,[],"['HASHTAG_fypdongggggggg', 'HASHTAG_newyear', 'HASHTAG_fyppppppppppppppppppppppp', 'HASHTAG_viral', 'HASHTAG_fyp', 'HASHTAG_famous', 'HASHTAG_views']",https://www.tiktok.com/@marzan.27/video/7332476411858455813,2024-02-06T13:13:25+00:00,7582
TI-671fb33e19,#philippines #timetovisitphilippines #travel #philippinestiktok,philippines philippinestiktok travel,philippines timetovisitphilippines travel philippinestiktok,[],"['HASHTAG_philippines', 'HASHTAG_timetovisitphilippines', 'HASHTAG_travel', 'HASHTAG_philippinestiktok']",https://www.tiktok.com/@_the.travel.people_/video/7551870514843749633,2025-09-19T18:34:40+00:00,7525
TI-a0286823af,Baguio panagbenga festival cultural dance #festival #tiktok #panagbenga #baguio #2026,baguio_festival cultural_dance festival tiktok baguio 2026,baguio panagbenga festival cultural dance festival tiktok panagbenga baguio,[],"['HASHTAG_festival', 'HASHTAG_tiktok', 'HASHTAG_baguio', 'HASHTAG_2026']",https://www.tiktok.com/@supsupmotovlog/video/7607631262601252117,2026-02-17T00:54:57+00:00,10
TI-d5e189b73b,"#GawisAyMountainProvince 😍 by the #YamanCulturalGroup #Panagbenga2026 #CulturalDanceCompetition 
#RhythmOfTheHighLand",yamanculturalgroup rhythmofthehighland panagbenga2026 😍,gawisaymountainprovince by the yamanculturalgroup panagbenga culturaldancecompetition rhythmofthehighland,['😍'],"['HASHTAG_gawisaymountainprovince', 'HASHTAG_yamanculturalgroup', 'HASHTAG_panagbenga2026', 'HASHTAG_culturaldancecompetition', 'HASHTAG_rhythmofthehighland']",https://www.tiktok.com/@ry.d.apprentice/video/7608028707478965524,2026-02-18T02:37:14+00:00,50
TI-0db16fcc2f,#panagbenga #panagbengafestival #panagbenga2024 #festival #baguio #baguiofeels #flowerfestival,festival_baguio baguiofeels festival baguio flowerfestival,panagbenga panagbengafestival panagbenga festival baguio baguiofeels flowerfestival,[],"['HASHTAG_festival', 'HASHTAG_baguio', 'HASHTAG_baguiofeels', 'HASHTAG_flowerfestival']",https://www.tiktok.com/@hustinaguide/video/7339381460157222150,2024-02-25T03:48:34+00:00,399
TI-0ffba82731,Uggayam Cultural Dance group panagbenga festival 2026  #culturaldance  #panagbenga#dancers #philippines,uggayam cultural_dance group festival dancers philippines,uggayam cultural dance group panagbenga festival culturaldance panagbenga dancers philippines,[],"['HASHTAG_culturaldance', 'HASHTAG_dancers', 'HASHTAG_philippines']",https://www.tiktok.com/@pinoys.hub3/video/7620938698997140758,2026-03-24T21:34:30+00:00,5
TI-a43018e688,#fypシ゚this video is for you the culture of ifugau HAGGIYOO,video culture ifugau haggiyoo,fypシ this video is for you the culture of ifugau haggiyoo,[],['HASHTAG_fypシ'],https://www.tiktok.com/@m.r_joms/video/7607775038753770760,2026-02-17T10:12:45+00:00,71
TI-16f1558ba2,Panagbenga Festival 2026 Grand Opening Parade 🌸🌻🌼🌺🌹 #baguio #panagbenga #benguet #cityofpines,festival_grand openi rade_baguio benguet cityofpines baguio 🌸 🌻 🌼 🌺 🌹,panagbenga festival grand opening parade baguio panagbenga benguet cityofpines,"['🌸', '🌻', '🌼', '🌺', '🌹']","['HASHTAG_baguio', 'HASHTAG_benguet', 'HASHTAG_cityofpines']",https://www.tiktok.com/@dexterestanique/video/7601717899438411024,2026-02-01T02:28:45+00:00,6939
TI-d83428dee6,"Panagbenga Grand Street Dance Parade 2026

#panagbenga2026 #baguio #flowerfestival",grand_street dance_baguio flowerfestival panagbenga2026 baguio,panagbenga grand street dance parade panagbenga baguio flowerfestival,[],"['HASHTAG_panagbenga2026', 'HASHTAG_baguio', 'HASHTAG_flowerfestival']",https://www.tiktok.com/@vontee1108/video/7611757402534219029,2026-02-28T03:46:21+00:00,240
TI-e28bdf128e,"𝐑𝐡𝐲𝐭𝐡𝐦 𝐨𝐟 𝐭𝐡𝐞 𝐇𝐢𝐠𝐡𝐥𝐚𝐧𝐝𝐬 𝟐𝟎𝟐𝟔 (𝐇𝐢𝐠𝐡𝐥𝐢𝐠𝐡𝐭𝐬)
As part of the celebration of the 30th Panagbenga Festival, 25 Cordilleran ethnic groups showcased the culture, traditions and the katarakian of the highlanders during the Rhythm of the Highlands: A Showcase of Culture and Dance. Featuring ritual, victory, courtship, occupational and festival dances, the event was held at the Melvin Jones Grandstand, Baguio City on February 15, 2026.

Participating groups included:
1. e-BICAS Cultural Group
2. SAKUSAK Musical Ensemble
3. GASAT SIN DAP-AY Cultural Dance Group
4. SAGANDAYAN Cultural Group
5. CHAG-AY Cultural Ensemble
6. KASIYANA YA BALINTAUGAN
7. IYAMAN Cultural Group
8. GANNAY Cultural Dance Troupe
9. DANG - DANG AY Cultural Group
10. BUMADANG Cultural Group
11. GAWIS Culture and Arts Ensemble
12. SALAKNIB Youth Ensemble
13. ISEM - Cordillera Dance and Culture Advocates
14. UGGAYAM Cultural Dancers
15. RAGSAK Cultural Group
16. Saint Louis School of Pacdal Inc. IP Socio - Cultural Dance Troupe
17. GAMENG DI CORDILLERA
18. KAYAW DI UMILI Ensemble
19. LITAGWA Cultural Preservation Group (LCPG)
20. KAFAGWAY Cultural Group
21. SALIBI Cultural Group
22. BSU KONTAD - Highland Cultural Dance Troupe
23. GARDENERS’ Tribe Cultural
24. AMBARU Cultural Group
25. TURAYAN Cultural Group

Watch the highlights of the event here: 

🎥 Annjay Domilies/BHE

#RhythmOfTheHighlands2026 #PanagbengaFestival2026 #CordilleranCulture #HighlanderTraditions #TarakiSpirit",part celebration festival cordiller ethnic groups culture traditions highlanders showcase dance ritual victory courtship occupational event melv_jones baguio_city february rticipati bicas cultural_group musical ensemble gasat sin dap cultural_dance saganday cultural kasiyana balintaug iyam troupe dang gawis arts salaknib youth isem uggayam saint school cdal inc socio game kayaw ili litagwa preservation kontad gardeners ambaru turay watch highlights annjay domilies cordilleranculture highlandertraditions tarakispirit 🎥,𝐑𝐡𝐲𝐭𝐡𝐦 𝐨𝐟 𝐭𝐡𝐞 𝐇𝐢𝐠𝐡𝐥𝐚𝐧𝐝𝐬 𝐇𝐢𝐠𝐡𝐥𝐢𝐠𝐡𝐭𝐬 as part of the celebration of the th panagbenga festival cordilleran ethnic groups showcased the culture traditions and the katarakian of the highlanders during the rhythm of the highlands a showcase of culture and dance featuring ritual victory courtship occupational and festival dances the event was held at the melvin jones grandstand baguio city on february participating groups included e bicas cultural group sakusak musical ensemble gasat sin dap ay cultural dance group sagandayan cultural group chag ay cultural ensemble kasiyana ya balintaugan iyaman cultural group gannay cultural dance troupe dang dang ay cultural group bumadang cultural group gawis culture and arts ensemble salaknib youth ensemble isem cordillera dance and culture advocates uggayam cultural dancers ragsak cultural group saint louis school of pacdal inc ip socio cultural dance troupe gameng di cordillera kayaw di umili ensemble litagwa cultural preservation group lcpg kafagway cultural group salibi cultural group bsu kontad highland cultural dance troupe gardeners tribe cultural ambaru cultural group turayan cultural group watch the highlights of the event here annjay domilies bhe rhythmofthehighlands panagbengafestival cordilleranculture highlandertraditions tarakispirit,['🎥'],"['HASHTAG_rhythmofthehighlands2026', 'HASHTAG_panagbengafestival2026', 'HASHTAG_cordilleranculture', 'HASHTAG_highlandertraditions', 'HASHTAG_tarakispirit']",https://www.tiktok.com/@baguioheraldexpress/video/7607765238104083732,2026-02-17T09:34:45+00:00,68
TI-0824c82b7a,Tawid A Balitok at Panagbenga Festival 2025 Grand Street Parade #panagbenga #choreographer,tawid balitok festival_grand street choreographer,tawid a balitok at panagbenga festival grand street parade panagbenga choreographer,[],['HASHTAG_choreographer'],https://www.tiktok.com/@angeloalfreds/video/7474289099076046087,2025-02-22T16:59:07+00:00,8517
TI-40f40f6476,"POV: You’re in Baguio during the Panagbenga Grand Street Dancing Parade and the whole city is dancing!🌸🔥 

The Sunmer Capital comes alive with colors, culture, and nonstop energy! 

#StreetDancing #Panagbenga #Baguio",pov baguio grand_street danci rade whole city sunmer capital alive colors culture nonstop energy streetdanci 🌸 🔥,pov you re in baguio during the panagbenga grand street dancing parade and the whole city is dancing the sunmer capital comes alive with colors culture and nonstop energy streetdancing panagbenga baguio,"['🌸', '🔥']","['HASHTAG_streetdancing', 'HASHTAG_baguio']",https://www.tiktok.com/@metropinesinn/video/7611759806323395861,2026-02-28T03:55:46+00:00,51100
TI-a4466387ee,"Panagbenga Street Dance Parade 2025 

#fyp #baguio #baguiocity #panagbenga #panagbenga2025",street_dance fyp_baguio baguiocity fyp baguio panagbenga2025,panagbenga street dance parade fyp baguio baguiocity panagbenga panagbenga,[],"['HASHTAG_fyp', 'HASHTAG_baguio', 'HASHTAG_baguiocity', 'HASHTAG_panagbenga2025']",https://www.tiktok.com/@jeneree_/video/7474061705467727122,2025-02-22T02:16:43+00:00,34200
TI-1feef9bf05,"Traditional igorot dance,
Opening Parade of Panagbenga Festival 💖💐🌺
#baguiocity #panagbengafestival #panagbenga2026 #igurot #igorotdance",traditional igorot dance openi festival baguiocity igorotdance panagbenga2026 💖 💐 🌺,traditional igorot dance opening parade of panagbenga festival baguiocity panagbengafestival panagbenga igurot igorotdance,"['💖', '💐', '🌺']","['HASHTAG_baguiocity', 'HASHTAG_panagbenga2026', 'HASHTAG_igurot', 'HASHTAG_igorotdance']",https://www.tiktok.com/@pr.ince_12/video/7601801492907052306,2026-02-01T07:52:22+00:00,39
TI-74fc645823,During our parade as Igorot hunks of Panagbenga Festival #everyone #panagbenga #igorot #hunks #baguio,rade igorot hunks everyone baguio,during our parade as igorot hunks of panagbenga festival everyone panagbenga igorot hunks baguio,[],"['HASHTAG_everyone', 'HASHTAG_igorot', 'HASHTAG_hunks', 'HASHTAG_baguio']",https://www.tiktok.com/@dell_gwy/video/7619696606849387797,2026-03-21T13:14:35+00:00,175
TI-6fa513cf4a,Panagbenga 2026 Tribal Ethnic Dance. #baguio #panagbenga #trending #viral #tiktok,tribal ethnic dance_baguio trendi viral tiktok baguio,panagbenga tribal ethnic dance baguio panagbenga trending viral tiktok,[],"['HASHTAG_baguio', 'HASHTAG_trending', 'HASHTAG_viral', 'HASHTAG_tiktok']",https://www.tiktok.com/@etribal.gallery/video/7614678548866944277,2026-03-08T00:41:56+00:00,43
TI-be38857e4a,"Panagbenga 2026 Street Dancing Competition Champion, TRIBU SIGLAT🎍🎋🌻

#panagbenga2026 
#panagbengafestival 
#streetdance #baguio",street_danci competition champion tribu siglat baguio panagbenga2026 🎍 🎋 🌻,panagbenga street dancing competition champion tribu siglat panagbenga panagbengafestival streetdance baguio,"['🎍', '🎋', '🌻']","['HASHTAG_panagbenga2026', 'HASHTAG_streetdance', 'HASHTAG_baguio']",https://www.tiktok.com/@guccigxzn/video/7611842295096298773,2026-02-28T09:15:54+00:00,1786
TI-434c073d99,"Grand Float Parade-Panagbenga Festival 2026 🌸😍 

#Panagbenga2026 #grandfloatparade #BaguioCity #stephinbaguio",grand_float rade festival grandfloatparade baguiocity stephinbaguio panagbenga2026 🌸 😍,grand float parade panagbenga festival panagbenga grandfloatparade baguiocity stephinbaguio,"['🌸', '😍']","['HASHTAG_panagbenga2026', 'HASHTAG_grandfloatparade', 'HASHTAG_baguiocity', 'HASHTAG_stephinbaguio']",https://www.tiktok.com/@stephanie_inbaguio/video/7612242114088406290,2026-03-01T11:07:20+00:00,128
TI-3679826ecb,Panagbenga Festival- Creative attire for Miss Padula 2025 designed by: Restie Lubiano. For inquiries kindly message me on facebook: Russel A. Olais #designer #panagbenga2025 #designinspiration #fyp,festival creative attire miss dula restie lubiano quiries facebook russel olais designer designinspiration fyp panagbenga2025,panagbenga festival creative attire for miss padula designed by restie lubiano for inquiries kindly message me on facebook russel a olais designer panagbenga designinspiration fyp,[],"['HASHTAG_designer', 'HASHTAG_panagbenga2025', 'HASHTAG_designinspiration', 'HASHTAG_fyp']",https://www.tiktok.com/@russel_olais/video/7571477152743443732,2025-11-11T14:38:27+00:00,1564
TI-70fb2a66a4,"𝐖𝐇𝐄𝐍 𝐖𝐎𝐑𝐍 | 𝘽𝙡𝙤𝙤𝙢𝙞𝙣𝙜 𝙬𝙞𝙩𝙝 𝙞𝙣𝙣𝙤𝙫𝙖𝙩𝙞𝙤𝙣 𝙖𝙣𝙙 𝙗𝙚𝙖𝙪𝙩𝙮 
🌸✨👑

Our beautiful Summer Rejane lit up the stage wearing our Panagbenga Festival Costume a stunning mechanical masterpiece featuring LED lights and moving flowers that brought the spirit of the festival to life 

A perfect fusion of creativity, technology, and culture, making every step magical and unforgettable. She didn’t just wear the costume she made it bloom on stage.

Thank you for trusting Jwash&Jhaydie’s Collection to bring your extraordinary pageant vision to life. We are truly proud of you, queen! 

#PanagbengaCostume #FestivalQueen #MechanicalCostume #InnovativeDesign #JwashAndJhaydiesCollection",beautiful summer rejane lit stage weari festival costume stunni mechanical masterpiece featuri movi flowers spirit life perfect fusion creativity technology culture maki step ical unforgettable bloom trusti jwash jhaydie collection extraordinary eant vision proud queen bengacostume festivalqueen mechanicalcostume novativedesign panagbengacostume 🌸 ✨ 👑,𝐖𝐇𝐄𝐍 𝐖𝐎𝐑𝐍 𝘽𝙡𝙤𝙤𝙢𝙞𝙣𝙜 𝙬𝙞𝙩𝙝 𝙞𝙣𝙣𝙤𝙫𝙖𝙩𝙞𝙤𝙣 𝙖𝙣𝙙 𝙗𝙚𝙖𝙪𝙩𝙮 our beautiful summer rejane lit up the stage wearing our panagbenga festival costume a stunning mechanical masterpiece featuring led lights and moving flowers that brought the spirit of the festival to life a perfect fusion of creativity technology and culture making every step magical and unforgettable she didn t just wear the costume she made it bloom on stage thank you for trusting jwash jhaydie s collection to bring your extraordinary pageant vision to life we are truly proud of you queen panagbengacostume festivalqueen mechanicalcostume innovativedesign jwashandjhaydiescollection,"['🌸', '✨', '👑']","['HASHTAG_panagbengacostume', 'HASHTAG_festivalqueen', 'HASHTAG_mechanicalcostume', 'HASHTAG_innovativedesign', 'HASHTAG_jwashandjhaydiescollection']",https://www.tiktok.com/@jwashjhaydiescollection/video/7618276126464494856,2026-03-17T17:22:21+00:00,64
TI-518b3e7625,yun o draft #panagbenga #festivaldance,draft festivaldance,yun o draft panagbenga festivaldance,[],['HASHTAG_festivaldance'],https://www.tiktok.com/@jeancrvnts/video/7467575011348434184,2025-02-04T14:45:01+00:00,1024
TI-0bd90a73bb,Baguio City National High School - Special Program of the Arts during the Panagbenga Festival Dance Competition (full video on our FB Page: Baguio Herald Express #panagbenga #baguio #philippines,baguio_city national high school special program arts festival_dance competition full video page baguio herald express philippines,baguio city national high school special program of the arts during the panagbenga festival dance competition full video on our fb page baguio herald express panagbenga baguio philippines,[],"['HASHTAG_baguio', 'HASHTAG_philippines']",https://www.tiktok.com/@baguioheraldexpress/video/7340240218286476545,2024-02-27T11:20:56+00:00,10200
TI-99c45f8714,#panagbenga #fyp #dlc,fyp dlc,panagbenga fyp dlc,[],"['HASHTAG_fyp', 'HASHTAG_dlc']",https://www.tiktok.com/@ayberlinnn/video/7601787591725157650,2026-02-01T06:58:25+00:00,5946
TI-08bd323e09,"Baguio's South Korean sister cities during the Panagbenga Festival 2026 🇰🇷🌸 #Panagbenga2026 #WhenInBaguio
_
Thanks to @azaleabaguioph for hosting our stay! 🍓🌲🌺 #AzaleaBaguio",baguio south sister cities wheninbaguio stay azaleabaguio panagbenga2026 🌸 🍓 🌲 🌺,baguio s south korean sister cities during the panagbenga festival panagbenga wheninbaguio _ thanks to for hosting our stay azaleabaguio,"['🌸', '🍓', '🌲', '🌺']","['HASHTAG_panagbenga2026', 'HASHTAG_wheninbaguio', 'HASHTAG_azaleabaguio']",https://www.tiktok.com/@wheninmanila/video/7613344855598714129,2026-03-04T10:27:30+00:00,5248
TI-5c1ada4d68,Baguio Panagbenga Festival 2026 #baguio #panagbenga #baguiocity #view #igorotiktokers,baguio_festival baguiocity view igorotiktokers baguio,baguio panagbenga festival baguio panagbenga baguiocity view igorotiktokers,[],"['HASHTAG_baguio', 'HASHTAG_baguiocity', 'HASHTAG_view', 'HASHTAG_igorotiktokers']",https://www.tiktok.com/@joshuareyeslinezo/video/7612156735872191764,2026-03-01T05:36:06+00:00,44100
TI-b1bcfdf79e,panagbenga festival 2026!,festival,panagbenga festival,[],[],https://www.tiktok.com/@franzmiaco11/video/7612611565581290759,2026-03-02T11:00:55+00:00,32900
TI-c11f92edbf,"PANAGBENGA DANCE 🪩

#schoolperformance #panagbenga2024 #perform #fyp",dance schoolperformance perform fyp 🪩,panagbenga dance schoolperformance panagbenga perform fyp,['🪩'],"['HASHTAG_schoolperformance', 'HASHTAG_perform', 'HASHTAG_fyp']",https://www.tiktok.com/@nhice_92_94/video/7405111757439601936,2024-08-20T06:55:46+00:00,159
TI-06ed0b64d0,"Pekeng damo = pekeng kabayo 

#Panagbenga2026 
#baguio",peke damo kabayo baguio panagbenga2026,pekeng damo pekeng kabayo panagbenga baguio,[],"['HASHTAG_panagbenga2026', 'HASHTAG_baguio']",https://www.tiktok.com/@kwentoninicko/video/7612191157816216853,2026-03-01T07:49:39+00:00,4456
TI-36fcffe6a9,Nakikicrazy kay Aubrey @Lance Justin Carr at Panagbenga Festival #lancebrey #lancecarr #aubreycaraan #panagbenga #panagbengafestival,nakikicrazy kay aubrey carr festival lancebrey lancecarr aubreycara,nakikicrazy kay aubrey justin carr at panagbenga festival lancebrey lancecarr aubreycaraan panagbenga panagbengafestival,[],"['HASHTAG_lancebrey', 'HASHTAG_lancecarr', 'HASHTAG_aubreycaraan']",https://www.tiktok.com/@onlyforlancebrey/video/7613372670725377301,2026-03-04T12:14:26+00:00,648
TI-7c73a0f073,#BaguioGongFestival2025#Narpuwan#IPEACEInc#IgorotCulture#TalentedPinoys,baguiogongfestival ipeaceinc igorotculture talentedpinoys narpuwan,baguiogongfestival narpuwan ipeaceinc igorotculture talentedpinoys,[],"['HASHTAG_baguiogongfestival2025', 'HASHTAG_narpuwan', 'HASHTAG_ipeaceinc', 'HASHTAG_igorotculture', 'HASHTAG_talentedpinoys']",https://www.tiktok.com/@niuniubaqi/video/7580922630312709398,2025-12-07T01:31:50+00:00,44
TI-7288f75597,"@Aubrey Caraan @Lance Justin Carr Tala

#BPxPanagbenga2026 
#Panagbenga2026
#lancebrey
#Panagbenga
#Baguio",cara tala bpxpanagbenga lancebrey baguio panagbenga2026,caraan justin carr tala bpxpanagbenga panagbenga lancebrey panagbenga baguio,[],"['HASHTAG_bpxpanagbenga2026', 'HASHTAG_panagbenga2026', 'HASHTAG_lancebrey', 'HASHTAG_baguio']",https://www.tiktok.com/@marknorella/video/7613430642562370834,2026-03-04T15:59:25+00:00,15000
TI-488fd49dab,Panagbenga!🎉🎉#igorotiktokers #fyp,igorotiktokers fyp 🎉 🎉,panagbenga igorotiktokers fyp,"['🎉', '🎉']","['HASHTAG_igorotiktokers', 'HASHTAG_fyp']",https://www.tiktok.com/@armieneaacostaosting27/video/7602115651221622036,2026-02-02T04:11:30+00:00,77
TI-90dba33c69,PANAGBENGA SEASON 🔥 @lesterlegacy #pinoydesal #abs #cuteboy #fyp  #panagbenga #igorot,season pinoydesal cuteboy fyp igorot abs 🔥,panagbenga season pinoydesal abs cuteboy fyp panagbenga igorot,['🔥'],"['HASHTAG_pinoydesal', 'HASHTAG_abs', 'HASHTAG_cuteboy', 'HASHTAG_fyp', 'HASHTAG_igorot']",https://www.tiktok.com/@pinoydesal/video/7475978394044321042,2025-02-27T06:14:28+00:00,4611
TI-6c1bf22284,Panagbenga cultural dance practice,cultural_dance practice,panagbenga cultural dance practice,[],[],https://www.tiktok.com/@romeodelrosario34/video/7203559075668413698,2023-02-24T03:28:24+00:00,15
TI-4bb6539241,@Awra Briguela @Christine Samson @Yskaela Fujimoto #barbiearms #prettyladies #floatparade #panagbenga,briguela samson fujimoto barbiearms prettyladies floatparade,briguela samson fujimoto barbiearms prettyladies floatparade panagbenga,[],"['HASHTAG_barbiearms', 'HASHTAG_prettyladies', 'HASHTAG_floatparade']",https://www.tiktok.com/@marlettejoy/video/7613246523710721287,2026-03-04T04:04:59+00:00,5370
TI-1d656238dc,"Labarnnn 🔥
#fyp #fyppppppppppppppppppppppp #foryou #baguio #panagbenga #festival",labarnnn fyp fyppp foryou baguio_festival baguio festival 🔥,labarnnn fyp fyppp foryou baguio panagbenga festival,['🔥'],"['HASHTAG_fyp', 'HASHTAG_fyppppppppppppppppppppppp', 'HASHTAG_foryou', 'HASHTAG_baguio', 'HASHTAG_festival']",https://www.tiktok.com/@jujuarro/video/7474158819023621394,2025-02-22T08:33:34+00:00,45600
TI-36192d5443,"Congratulations my advisory class, GRADE 11 GAS-VIRGO for being the CHAMPION and BEST IN COSTUME during the Festival Competition. #panagbengafestival",congratulations advisory class grade gas virgo champion best costume festival competition,congratulations my advisory class grade gas virgo for being the champion and best in costume during the festival competition panagbengafestival,[],[],https://www.tiktok.com/@queen_martinaaa/video/7229624570238553350,2023-05-05T09:15:45+00:00,5031
TI-b3307e2e15,"#RMNNetworkNews: Nagtamo ng sugat sa paa ang mga barefoot performer ng Panagbenga Festival ngayong taon dulot ng init ng artificial grass. | via Noli Kristian Salio, iFM Baguio
 
#iFMBaguio
#RMNnews
#PowerOfHyperlocal
#TatakRMN",rmnnetworknews sugat paa barefoot performer festival ngayo taon dulot artificial grass noli salio ifm baguio ifmbaguio powerofhyperlocal tatakrmn,rmnnetworknews nagtamo ng sugat sa paa ang mga barefoot performer ng panagbenga festival ngayong taon dulot ng init ng artificial grass via noli kristian salio ifm baguio ifmbaguio rmnnews powerofhyperlocal tatakrmn,[],"['HASHTAG_rmnnetworknews', 'HASHTAG_ifmbaguio', 'HASHTAG_rmnnews', 'HASHTAG_powerofhyperlocal', 'HASHTAG_tatakrmn']",https://www.tiktok.com/@dzxlnews/video/7612814527167532296,2026-03-03T01:00:00+00:00,114
TI-ff40fd1854,Replying to @spACE this is what was taught to me 😀 #baguio #baguiocity #viral #trending #trend Panagbenga pronunciation 😉,replyi baguio_baguiocity viral trendi pronunciation baguio baguiocity 😀 😉,replying to this is what was taught to me baguio baguiocity viral trending trend panagbenga pronunciation,"['😀', '😉']","['HASHTAG_baguio', 'HASHTAG_baguiocity', 'HASHTAG_viral', 'HASHTAG_trending', 'HASHTAG_trend']",https://www.tiktok.com/@hixonofbaguio/video/7475709893438082312,2025-02-26T12:52:29+00:00,1464
TI-80e4d87076,#tiktokviralvideo #panagbengafestival,tiktokviralvideo,tiktokviralvideo panagbengafestival,[],['HASHTAG_tiktokviralvideo'],https://www.tiktok.com/@maritesevaristo29/video/7339096008036601134,2024-02-24T09:22:49+00:00,11
TI-910e5f1aae,#panagbenga #mygarden,mygarden,panagbenga mygarden,[],['HASHTAG_mygarden'],https://www.tiktok.com/@mahamashahedi/video/7209818398803397931,2023-03-13T00:17:47+00:00,16
TI-0d2936d97e,"Igorots hunks☝️ Happy Panagbenga 2024🖤 

#fyp #fypシ #fy #fypシ゚viral #igorotiktokers #igorotak #baguio #viral  #baguiocity #igorot #foryou #foryoupage #tiktok 

credits video to: ChaDventurestories",igorots hunks happy igorotiktokers baguio viral baguiocity foryou_foryoupage tiktok credits video chadventurestories fyp fy igorotak foryou foryoupage ☝ 🖤,igorots hunks happy panagbenga fyp fypシ fy fypシ viral igorotiktokers igorotak baguio viral baguiocity igorot foryou foryoupage tiktok credits video to chadventurestories,"['☝', '🖤']","['HASHTAG_fyp', 'HASHTAG_fypシ', 'HASHTAG_fy', 'HASHTAG_fypシ', 'HASHTAG_igorotiktokers', 'HASHTAG_igorotak', 'HASHTAG_baguio', 'HASHTAG_viral', 'HASHTAG_baguiocity', 'HASHTAG_igorot', 'HASHTAG_foryou', 'HASHTAG_foryoupage', 'HASHTAG_tiktok']",https://www.tiktok.com/@rtlung_0907/video/7339565881866898694,2024-02-25T15:44:12+00:00,182
TI-f3aa2747ec,"Singing Gongs with @inugmamontanyosa 🤠

Gawis!

#gangsa #igorot #baguiocity #panagbenga #igorotculture",singi gongs gangsa igorot baguiocity igorotculture 🤠,singing gongs with gawis gangsa igorot baguiocity panagbenga igorotculture,['🤠'],"['HASHTAG_gangsa', 'HASHTAG_igorot', 'HASHTAG_baguiocity', 'HASHTAG_igorotculture']",https://www.tiktok.com/@tawid.ti.igorot.ph/video/7546012224876334344,2025-09-03T23:41:33+00:00,513
TI-a3d4b4b415,lets go#baguio #panagbenga #letsgo #fyp #viral,lets letsgo fyp viral baguio,lets go baguio panagbenga letsgo fyp viral,[],"['HASHTAG_baguio', 'HASHTAG_letsgo', 'HASHTAG_fyp', 'HASHTAG_viral']",https://www.tiktok.com/@cuteanne2015/video/7612616041536998676,2026-03-02T11:18:21+00:00,257
TI-bc79429745,Uggayam Cultural Dance group ang ganda nya magaling pa sumayaw  #IgorotDance  #sayawanreels#naturalculture #followers➕ #PanagbengaFestival,uggayam cultural_dance group ali sumayaw igorotdance sayawanreels naturalculture followers ➕,uggayam cultural dance group ang ganda nya magaling pa sumayaw igorotdance sayawanreels naturalculture followers panagbengafestival,['➕'],"['HASHTAG_igorotdance', 'HASHTAG_sayawanreels', 'HASHTAG_naturalculture', 'HASHTAG_followers']",https://www.tiktok.com/@sgbunzo/video/7633185501763226898,2026-04-26T21:38:36+00:00,63
TI-d61f40c890,#panagbenga,,panagbenga,[],[],https://www.tiktok.com/@wellaxtine/video/7505900705245351174,2025-05-18T21:28:19+00:00,1
TI-539e864276,"kayaw di umili, the grand Champion during the rhythm of the highlands 2026.
Held at the Melvin Jones Grandstand. 
Video Highlights
#culture #dance #baguiocity #panagbenga#igorottiktokers",kayaw ili grand champion melv_jones video highlights culture dance baguiocity igorottiktokers,kayaw di umili the grand champion during the rhythm of the highlands held at the melvin jones grandstand video highlights culture dance baguiocity panagbenga igorottiktokers,[],"['HASHTAG_culture', 'HASHTAG_dance', 'HASHTAG_baguiocity', 'HASHTAG_igorottiktokers']",https://www.tiktok.com/@aranya01522/video/7609085580202331400,2026-02-20T22:58:25+00:00,30
TI-e47a504d13,"Ethereal🌷🌸🌺🪷
@yllanaaduana 
#fyp#beauty#captivating#precious",ethereal fyp beauty captivati precious 🌷 🌸 🌺 🪷,ethereal fyp beauty captivating precious,"['🌷', '🌸', '🌺', '🪷']","['HASHTAG_fyp', 'HASHTAG_beauty', 'HASHTAG_captivating', 'HASHTAG_precious']",https://www.tiktok.com/@lex.dits/video/7633802751566351636,2026-04-28T13:33:37+00:00,23
TI-7bda7a78f7,"Bagnet Festival Narvacan, Ilocos Sur ❤️
#panagbenga2024 #panagbenga #bagnetfestival #baguiocity #narvacanilocossur #festival #streetdancing",bagnet festival narvac ilocos sur bagnetfestival baguiocity narvacanilocossur streetdanci ❤,bagnet festival narvacan ilocos sur panagbenga panagbenga bagnetfestival baguiocity narvacanilocossur festival streetdancing,['❤'],"['HASHTAG_bagnetfestival', 'HASHTAG_baguiocity', 'HASHTAG_narvacanilocossur', 'HASHTAG_festival', 'HASHTAG_streetdancing']",https://www.tiktok.com/@rocky.stone/video/7339688781248859394,2024-02-25T23:41:39+00:00,348
TI-be52eb39de,Make me water 💦😍 #EyaBorja #Panagbenga2024,water eyaborja 💦 😍,make me water eyaborja panagbenga,"['💦', '😍']",['HASHTAG_eyaborja'],https://www.tiktok.com/@gamezonecommunity/video/7350503563061103878,2024-03-26T03:07:59+00:00,33600
TI-f41c44f566,Nasa Panagbenga arnis tournament daw ang true love sabi ni @Steph #fyp #panagbenga #arnis #inlove,nasa arnis tournament true love fyp inlove,nasa panagbenga arnis tournament daw ang true love sabi ni fyp panagbenga arnis inlove,[],"['HASHTAG_fyp', 'HASHTAG_arnis', 'HASHTAG_inlove']",https://www.tiktok.com/@mikeynastic/video/7614854460279475477,2026-03-08T12:04:34+00:00,447
TI-39c77cb1aa,"With Panagbenga in full swing, double the fun and shop your favorite Forever Living products today!

#ForeverTrusted",full double fun shop favorite livi products today forevertrusted,with panagbenga in full swing double the fun and shop your favorite forever living products today forevertrusted,[],['HASHTAG_forevertrusted'],https://www.tiktok.com/@foreverphilippineshq/video/7472220141330156818,2025-02-17T03:10:30+00:00,15
TI-8f405129fb,"PANAGBENGA FESTIVAL QUEEN!
#fyppppp #fypシ゚viral #fyppppppppppppppppppppppp #fyp #makeitviral",festival_queen fyppp fyp makeitviral,panagbenga festival queen fyppp fypシ viral fyppp fyp makeitviral,[],"['HASHTAG_fyppppp', 'HASHTAG_fypシ', 'HASHTAG_fyppppppppppppppppppppppp', 'HASHTAG_fyp', 'HASHTAG_makeitviral']",https://www.tiktok.com/@_nytkleksz/video/7597382950493162759,2026-01-20T10:06:06+00:00,1104
TI-91727b12d5,#panagbenga2025 #theresevillamor,theresevillamor panagbenga2025,panagbenga theresevillamor,[],"['HASHTAG_panagbenga2025', 'HASHTAG_theresevillamor']",https://www.tiktok.com/@thrsvllmrr/video/7476850210904313106,2025-03-01T14:37:31+00:00,35000
TI-86996197b2,Emote:Pangya 3.0 Dance#cute #fyp #roblox,emote ngya dance cute fyp roblox,emote pangya dance cute fyp roblox,[],"['HASHTAG_cute', 'HASHTAG_fyp', 'HASHTAG_roblox']",https://www.tiktok.com/@csxqq0/video/7574945449535163670,2025-11-20T22:57:12+00:00,5438
TI-b2240095d5,They ain’t learning about Pangea #election #trump #kamala #brain #departmentofeducation #democrat #republican #pangea #science #education,learni ngea election trump kamala brain republic science education democrat pangea,they ain t learning about pangea election trump kamala brain departmentofeducation democrat republican pangea science education,[],"['HASHTAG_election', 'HASHTAG_trump', 'HASHTAG_kamala', 'HASHTAG_brain', 'HASHTAG_departmentofeducation', 'HASHTAG_democrat', 'HASHTAG_republican', 'HASHTAG_pangea', 'HASHTAG_science', 'HASHTAG_education']",https://www.tiktok.com/@seann0203/video/7434713361243278635,2024-11-08T01:25:03+00:00,254300
TI-1486f454e2,#everyone 🇵🇭🇼🇸,everyone,everyone,[],['HASHTAG_everyone'],https://www.tiktok.com/@syfvlog/video/7615141814328347912,2026-03-09T06:39:38+00:00,478
TI-044d81db91,Ngiting kikilingin ka 🤭🥰😍 #michealsager #panagbenga2026 #tiktok #trend #highlight,michealsager tiktok trend highlight panagbenga2026 🤭 🥰 😍,ngiting kikilingin ka michealsager panagbenga tiktok trend highlight,"['🤭', '🥰', '😍']","['HASHTAG_michealsager', 'HASHTAG_panagbenga2026', 'HASHTAG_tiktok', 'HASHTAG_trend', 'HASHTAG_highlight']",https://www.tiktok.com/@motherof3kids32/video/7611833422041992456,2026-02-28T08:41:21+00:00,2846
TI-a7476b16f0,Slowly but surely 180 Score #darts #benguetdartevents,score darts benguetdartevents,slowly but surely score darts benguetdartevents,[],"['HASHTAG_darts', 'HASHTAG_benguetdartevents']",https://www.tiktok.com/@benguetdartevents/video/7633463987459329300,2026-05-02T10:00:00+00:00,760
TI-d8ad8dfa24,"The sound of Panagbenga 🌸
Nothing else needed.

#Panagbenga2026
#PanagbengaFestival
#TravelPH 
#BaguioCity
#CordilleraCulture",sound nothi travelph baguiocity cordilleraculture panagbenga2026 🌸,the sound of panagbenga nothing else needed panagbenga panagbengafestival travelph baguiocity cordilleraculture,['🌸'],"['HASHTAG_panagbenga2026', 'HASHTAG_travelph', 'HASHTAG_baguiocity', 'HASHTAG_cordilleraculture']",https://www.tiktok.com/@hustinaguide/video/7601799349764361493,2026-02-01T07:44:03+00:00,244
TI-db76cacf43,"wala, artista artistahan lang ganon #panagbenga #panagbenga2026 #fyp #xybca",artista ganon fyp xybca panagbenga2026,wala artista artistahan lang ganon panagbenga panagbenga fyp xybca,[],"['HASHTAG_panagbenga2026', 'HASHTAG_fyp', 'HASHTAG_xybca']",https://www.tiktok.com/@cldnjaye/video/7612668746062122248,2026-03-02T14:42:51+00:00,620
TI-705fc90223,"Famous Celebrities/ Popular Faces during the Panagbenga 2025 🌺

#Panagbenga2025 #BaguioCity #PhilippineFestivals #fypシ゚",famous celebrities popular baguiocity philippinefestivals panagbenga2025 🌺,famous celebrities popular faces during the panagbenga panagbenga baguiocity philippinefestivals fypシ,['🌺'],"['HASHTAG_panagbenga2025', 'HASHTAG_baguiocity', 'HASHTAG_philippinefestivals', 'HASHTAG_fypシ']",https://www.tiktok.com/@zaidooooi/video/7474622793800371474,2025-02-23T14:34:01+00:00,5884
TI-7ee6c1d2c3,"PNAGBENGA HYMN PMA MARCHING BAND
PANAGBENGA FESTIVAL 2026:
GRAND FLORAL FLOAT PARADE #panagbenga2026 #panagbengafestival #baguio #fypシ゚ #fypシ゚viral",pnagbenga hymn pma marchi band festival_grand floral_float rade_baguio panagbenga2026 baguio,pnagbenga hymn pma marching band panagbenga festival grand floral float parade panagbenga panagbengafestival baguio fypシ fypシ viral,[],"['HASHTAG_panagbenga2026', 'HASHTAG_baguio', 'HASHTAG_fypシ', 'HASHTAG_fypシ']",https://www.tiktok.com/@gelineadajar/video/7612248789176438024,2026-03-01T11:33:16+00:00,1634
TI-5a5704730c,"29th PANAGBENGA FESTIVAL | ""BLOSSOMS BEYOND BOUNDARIES""
Calendar of Events

February 1, 2025	Grand Opening Day Parade
February 1-March 2 	Panagbengascapes Landscaping Competition and Exhibition
February 1-March 2 	Baguio Blooms: A Market Encounter
February 9, 2025	Handog ng Panagbenga sa Pamily Baguio
February 13-15, 2025	PMA Grand Alumni Homecoming
February 15, 2025	Floral Bouquet Design Competition Dish Garden Competition
February 15, 2025	Rythm of the Highlands: A showcase of culture and dance
February 18, 2025	Baguio Country Club 120th Founding Anniversary Celebration
February 21, 2025	Supercentennial Parade
February 22-23, 2025	Sponsors and Exhibitors Day
February 22, 2025	Grand Street Dance Parade
February 23, 2025	Grand Floral Float Parade
February 24, 2025	School-Based Landscaping Competition (Judging)
February 24 – March 2, 2025	Session Road in Bloom
February 27, 2025	Fluvial Parade
February 28 – March 1, 2025	Panagbenga Flower Tee Golf Classic
March 2, 2025	Closing and Awarding Ceremonies
March 2, 2025	Grand Aerial Fireworks Display

#panagbenga  #baguio #philippines #festival #flowerfestival",festival blossoms boundaries events february grand openi day march bengascapes landscapi competition exhibition baguio market_encounter handog pma alumni floral bouquet design dish garden rythm showcase culture dance country club anniversary celebration supercentennial rade sponsors exhibitors grand_street grand_floral float_rade school judgi session_road bloom fluvial flower tee golf classic closi awardi ceremonies aerial fireworks philippines flowerfestival,th panagbenga festival blossoms beyond boundaries calendar of events february grand opening day parade february march panagbengascapes landscaping competition and exhibition february march baguio blooms a market encounter february handog ng panagbenga sa pamily baguio february pma grand alumni homecoming february floral bouquet design competition dish garden competition february rythm of the highlands a showcase of culture and dance february baguio country club th founding anniversary celebration february supercentennial parade february sponsors and exhibitors day february grand street dance parade february grand floral float parade february school based landscaping competition judging february march session road in bloom february fluvial parade february march panagbenga flower tee golf classic march closing and awarding ceremonies march grand aerial fireworks display panagbenga baguio philippines festival flowerfestival,[],"['HASHTAG_baguio', 'HASHTAG_philippines', 'HASHTAG_festival', 'HASHTAG_flowerfestival']",https://www.tiktok.com/@baguioheraldexpress/video/7464502657533775111,2025-01-27T08:02:41+00:00,360
TI-f7910ebe1d,FANGAN BA CHALLENGE,fang challenge,fangan ba challenge,[],[],https://www.tiktok.com/@flow.by.brandon/video/7575258289240296726,2025-11-21T19:11:07+00:00,60000
TI-e444703f4d,#panagbenga #festival #fyp,festival_fyp festival fyp,panagbenga festival fyp,[],"['HASHTAG_festival', 'HASHTAG_fyp']",https://www.tiktok.com/@sherillfav/video/7634442130269785362,2026-04-30T06:54:44+00:00,1
TI-f07ec543c9,"Panagbenga Float Parade 2025 

#fyp #baguio #baguiocity #panagbenga #panagbenga2025 #floatparade #panagbengafloatparade2025",float_rade fyp_baguio baguiocity bengafloatparade fyp baguio panagbenga2025,panagbenga float parade fyp baguio baguiocity panagbenga panagbenga floatparade panagbengafloatparade,[],"['HASHTAG_fyp', 'HASHTAG_baguio', 'HASHTAG_baguiocity', 'HASHTAG_panagbenga2025', 'HASHTAG_floatparade', 'HASHTAG_panagbengafloatparade2025']",https://www.tiktok.com/@jeneree_/video/7474410417473735944,2025-02-23T00:50:01+00:00,3315
TI-4c85804fe1,"The Panagbenga Season of Blooming: A Story of Spirits, Sun, and Survival 🌸✨

Reimagined video by: Grand Revel Creatives | Earl Haro

Music arranged by: @cs.musicalproductions (TikTok) | ""Dong Dong Ay"" by ALAMAT

Panagbenga is more than just a festival; it is the heartbeat of the Cordilleras. Long before the first float moved down Session Road, the indigenous tribes believed these mountains were the Land of the Anito. Every wildflower was seen as a gift from the spirits, and a bountiful bloom was a divine sign of favor for the fertility of the earth.
In those early days, wild sunflowers—associated with the Sun God looking down on the peaks—signaled the start of the dry season, a time for the community to gather in celebration.

But the most powerful ""folklore"" is Baguio’s own rebirth. Following the devastating 7.7 magnitude earthquake in July 1990, the city stood in ruins. From that despair, a vision of hope emerged. In 1995, Panagbenga was born—a metaphorical ""blooming"" from the rubble, proving that like a flower breaking through the frost, Baguio could rise again.

Today, the rhythm of the Bendiyan Dance echoes this journey. Once an ancient Ibaloi war dance for victory in battle, it has been reinterpreted into a dance of unity—a celebration of our collective victory over hardship.

From the ancient spirits to the modern streets, we dance, we bloom, and we remember. 🥁🌻🏙️

#Panagbenga 
#BaguioCity 
#SeasonOfBlooming #IgorotHeritage #BaguioResilience",season bloomi story spirits survival video grand revel creatives haro music musicalproductions dong alamat festival heartbeat cordilleras session_road digenous tribes mountains wildflower gift bountiful divine sign favor fertility early days sunflowers sun god peaks start time community celebration powerful baguio rebirth followi devastati nitude earthquake july city ruins despair vision hope born metaphorical rubble provi flower breaki frost today bendiy dance journey ancient ibaloi war victory battle unity collective hardship modern streets baguiocity seasonofbloomi igorotheritage baguioresilience 🌸 ✨ 🥁 🌻 🏙,the panagbenga season of blooming a story of spirits sun and survival reimagined video by grand revel creatives earl haro music arranged by musicalproductions tiktok dong dong ay by alamat panagbenga is more than just a festival it is the heartbeat of the cordilleras long before the first float moved down session road the indigenous tribes believed these mountains were the land of the anito every wildflower was seen as a gift from the spirits and a bountiful bloom was a divine sign of favor for the fertility of the earth in those early days wild sunflowers associated with the sun god looking down on the peaks signaled the start of the dry season a time for the community to gather in celebration but the most powerful folklore is baguio s own rebirth following the devastating magnitude earthquake in july the city stood in ruins from that despair a vision of hope emerged in panagbenga was born a metaphorical blooming from the rubble proving that like a flower breaking through the frost baguio could rise again today the rhythm of the bendiyan dance echoes this journey once an ancient ibaloi war dance for victory in battle it has been reinterpreted into a dance of unity a celebration of our collective victory over hardship from the ancient spirits to the modern streets we dance we bloom and we remember panagbenga baguiocity seasonofblooming igorotheritage baguioresilience,"['🌸', '✨', '🥁', '🌻', '🏙']","['HASHTAG_baguiocity', 'HASHTAG_seasonofblooming', 'HASHTAG_igorotheritage', 'HASHTAG_baguioresilience']",https://www.tiktok.com/@earlharo/video/7603751999384947989,2026-02-06T14:01:19+00:00,17
TI-ca3ad9aa78,Thank you Baguio City! Fireworks display on the closing of the weeklong celebration of the 2026 Panagbenga Festival. ❤️,thank baguio_city fireworks closi weeklo celebration festival ❤,thank you baguio city fireworks display on the closing of the weeklong celebration of the panagbenga festival,['❤'],[],https://www.tiktok.com/@jasonphi_101/video/7614868680668712212,2026-03-08T12:59:47+00:00,17700
TI-bc39540d8c,"Surf 

Panagbenga Festival 2025
Grand Floral Float Parade  

#fyp #baguio #baguiocity #panagbenga #panagbenga2025 #panagbenga2025 #floatparade #panagbengafloatparade2025",surf festival_grand floral_float rade fyp_baguio baguiocity floatparade bengafloatparade fyp baguio panagbenga2025,surf panagbenga festival grand floral float parade fyp baguio baguiocity panagbenga panagbenga panagbenga floatparade panagbengafloatparade,[],"['HASHTAG_fyp', 'HASHTAG_baguio', 'HASHTAG_baguiocity', 'HASHTAG_panagbenga2025', 'HASHTAG_panagbenga2025', 'HASHTAG_floatparade', 'HASHTAG_panagbengafloatparade2025']",https://www.tiktok.com/@jeneree_/video/7474474386586733842,2025-02-23T04:58:11+00:00,26
TI-97727f440d,panagbenga festival dance by Grade 9 falcon in NORALA NATIONAL HIGH SCHOOL BIDA ANG BATANG NORHIGH #darwinarellanosubiera #fypシ #panagbengafestival #panagbenga2024 #baguio #FESTIVALDANCE #grade9 #noralanationalhighschool,festival_dance grade falcon norala national high school bida bata norhigh baguio,panagbenga festival dance by grade falcon in norala national high school bida ang batang norhigh darwinarellanosubiera fypシ panagbengafestival panagbenga baguio festivaldance grade noralanationalhighschool,[],"['HASHTAG_darwinarellanosubiera', 'HASHTAG_fypシ', 'HASHTAG_baguio', 'HASHTAG_festivaldance', 'HASHTAG_grade9', 'HASHTAG_noralanationalhighschool']",https://www.tiktok.com/@djqt_13/video/7349561318677941509,2024-03-23T14:11:36+00:00,6667
TI-1e44269bad,"An endless bloom 
🎥 on FX30
#fyp #panagbenga #baguiocity",endless bloom fyp baguiocity 🎥,an endless bloom on fx fyp panagbenga baguiocity,['🎥'],"['HASHTAG_fyp', 'HASHTAG_baguiocity']",https://www.tiktok.com/@lorenzosucgang/video/7615924510893591816,2026-03-11T09:16:52+00:00,112
TI-e3b9d6717c,Panagbenga Grand Floral Float Parade #panagbenga #panagbenga2026 #flowerfestival #grandfloatparade #baguiocity,grand_floral float_rade flowerfestival grandfloatparade baguiocity panagbenga2026,panagbenga grand floral float parade panagbenga panagbenga flowerfestival grandfloatparade baguiocity,[],"['HASHTAG_panagbenga2026', 'HASHTAG_flowerfestival', 'HASHTAG_grandfloatparade', 'HASHTAG_baguiocity']",https://www.tiktok.com/@joemarieee8/video/7612613609838972167,2026-03-02T11:08:54+00:00,39
TI-642d7a7ada,"Everything I ate at a food festival in the Philippines! 🔥🍡🍦

📍Session Road in Bloom, Baguio City, Philippines 🇵🇭 (Panagbenga Flower Festival)

#philippines #streetfood #foodfestival #market #filipinofood",everythi ate food festival philippines session_road bloom baguio_city foodfestival market filipinofood streetfood 🔥 🍡 🍦 📍,everything i ate at a food festival in the philippines session road in bloom baguio city philippines panagbenga flower festival philippines streetfood foodfestival market filipinofood,"['🔥', '🍡', '🍦', '📍']","['HASHTAG_philippines', 'HASHTAG_streetfood', 'HASHTAG_foodfestival', 'HASHTAG_market', 'HASHTAG_filipinofood']",https://www.tiktok.com/@biteswithlily/video/7634047870081125653,2026-04-29T05:24:46+00:00,161000
TI-691a7f30b7,KAFAGWAY Cultural Group with their performace during the Rhythm of the Highlands 2026 | Panagbenga Festival #panagbengafestival2026 #rhythmofthehighlands #baguiocity,cultural_group performace festival rhythmofthehighlands baguiocity,kafagway cultural group with their performace during the rhythm of the highlands panagbenga festival panagbengafestival rhythmofthehighlands baguiocity,[],"['HASHTAG_panagbengafestival2026', 'HASHTAG_rhythmofthehighlands', 'HASHTAG_baguiocity']",https://www.tiktok.com/@jc.baguio14/video/7617660003415002388,2026-03-16T01:31:30+00:00,29
TI-736f259958,"beautiful another group #BumadangCulturalGroup during the #Panagbenga #GrandOpenningParade 👍👍👍
#BaguioCity #CulturalDance",beautiful group baguiocity culturaldance grandopenningparade 👍 👍 👍,beautiful another group bumadangculturalgroup during the panagbenga grandopenningparade baguiocity culturaldance,"['👍', '👍', '👍']","['HASHTAG_bumadangculturalgroup', 'HASHTAG_grandopenningparade', 'HASHTAG_baguiocity', 'HASHTAG_culturaldance']",https://www.tiktok.com/@ry.d.apprentice/video/7602544989536521492,2026-02-03T07:57:34+00:00,60
TI-a3dea79085,"PANAGBENGA GRAND FLOAT PARADE 2024

#panagbengafestival #panagbenga2024 #baguiocity #flowerfestival  #sabaguio #CapCut",grand_float rade sabaguio capcut baguiocity flowerfestival,panagbenga grand float parade panagbengafestival panagbenga baguiocity flowerfestival sabaguio capcut,[],"['HASHTAG_baguiocity', 'HASHTAG_flowerfestival', 'HASHTAG_sabaguio', 'HASHTAG_capcut']",https://www.tiktok.com/@maykelwilyum/video/7339364954144853253,2024-02-25T02:44:30+00:00,7447
TI-c3bbefa777,AHAHAHAHHA #king #festival #panagbenga #ifugao #fyppppppppppppppppppppppp,ahahahha festival ifugao fyppp king,ahahahahha king festival panagbenga ifugao fyppp,[],"['HASHTAG_king', 'HASHTAG_festival', 'HASHTAG_ifugao', 'HASHTAG_fyppppppppppppppppppppppp']",https://www.tiktok.com/@jhon_michaellllll/video/7617339791415315733,2026-03-15T04:49:04+00:00,38
TI-dd44d09ef4,"A hidden gem with a very local, laid-back vibe.
#baguiocity #baguiolife #baguiobornandraised #panagbengapark",hidden gem local vibe baguiocity baguiolife bengapark baguiobornandraised panagbengapark,a hidden gem with a very local laid back vibe baguiocity baguiolife baguiobornandraised panagbengapark,[],"['HASHTAG_baguiocity', 'HASHTAG_baguiolife', 'HASHTAG_baguiobornandraised', 'HASHTAG_panagbengapark']",https://www.tiktok.com/@baguio_unfiltered/video/7635952470644018450,2026-05-04T08:35:33+00:00,30
TI-27530c9221,CHAMPION Street Dancing Competition Panagbenga 2026 🌼 | TRIBU SIGLAT 🎋#panagbengafestival2026 #baguiocity,champion street_danci competition tribu siglat baguiocity 🌼 🎋,champion street dancing competition panagbenga tribu siglat panagbengafestival baguiocity,"['🌼', '🎋']","['HASHTAG_panagbengafestival2026', 'HASHTAG_baguiocity']",https://www.tiktok.com/@jc.baguio14/video/7613039932898020629,2026-03-03T14:43:17+00:00,18
TI-e697bf16fc,#CapCut #festival #panagbenga #fypシ゚viral,capcut festival,capcut festival panagbenga fypシ viral,[],"['HASHTAG_capcut', 'HASHTAG_festival', 'HASHTAG_fypシ']",https://www.tiktok.com/@cysha_alm/video/7599930189111381255,2026-01-27T06:50:43+00:00,421
TI-a3e25cd6fb,Lovely ladies of SLU CCA Dance Troupe | Panagbenga 2026 #SLUBaguio #baguiocity #panagbengafestival2026  #culturaldance #followers➕,slu cca dance troupe slubaguio baguiocity culturaldance followers ➕,lovely ladies of slu cca dance troupe panagbenga slubaguio baguiocity panagbengafestival culturaldance followers,['➕'],"['HASHTAG_slubaguio', 'HASHTAG_baguiocity', 'HASHTAG_panagbengafestival2026', 'HASHTAG_culturaldance', 'HASHTAG_followers']",https://www.tiktok.com/@sgbunzo/video/7594576703154834696,2026-01-12T20:36:30+00:00,866
TI-4b759d237b,kaya pala umaga ang #PanagbengaFloatParade2026 dahil may pa unli-pandesal naman pala hahaha #PanagbengaHunks #Panagbenga2026 #BaguioInBloom #TheChikkaness,pala aga unli ndesal bengahunks baguioinbloom thechikkaness panagbengahunks panagbenga2026,kaya pala umaga ang panagbengafloatparade dahil may pa unli pandesal naman pala hahaha panagbengahunks panagbenga baguioinbloom thechikkaness,[],"['HASHTAG_panagbengafloatparade2026', 'HASHTAG_panagbengahunks', 'HASHTAG_panagbenga2026', 'HASHTAG_baguioinbloom', 'HASHTAG_thechikkaness']",https://www.tiktok.com/@thechikkaness/video/7612151790410157332,2026-03-01T05:16:53+00:00,126
TI-6400f0a2f5,#panagbenga2025,panagbenga2025,panagbenga,[],['HASHTAG_panagbenga2025'],https://www.tiktok.com/@ryl1233456789/video/7474212195258191109,2025-02-22T12:00:42+00:00,21100
TI-d857fa7e03,#michealsager #panagbengabaguio#flowerfloatparade@TikTok,michealsager bengabaguio flowerfloatparade panagbengabaguio,michealsager panagbengabaguio flowerfloatparade,[],"['HASHTAG_michealsager', 'HASHTAG_panagbengabaguio', 'HASHTAG_flowerfloatparade']",https://www.tiktok.com/@jovenalazo/video/7612211053895666964,2026-03-01T09:06:50+00:00,49
TI-bfc2198fa5,#panangbenga2026 #Igorotculture #followers➕,nangbenga igorotculture followers panangbenga2026 ➕,panangbenga igorotculture followers,['➕'],"['HASHTAG_panangbenga2026', 'HASHTAG_igorotculture', 'HASHTAG_followers']",https://www.tiktok.com/@sgbunzo/video/7609615909933632776,2026-02-22T09:16:20+00:00,14200
TI-4342800ab5,Panagbenga Grand float parade #baguio #panagbenga2023 #lovipoe #asiancutie #flowerfestival2023 #fyp,grand_float rade_baguio lovipoe asiancutie flowerfestival fyp baguio panagbenga2023,panagbenga grand float parade baguio panagbenga lovipoe asiancutie flowerfestival fyp,[],"['HASHTAG_baguio', 'HASHTAG_panagbenga2023', 'HASHTAG_lovipoe', 'HASHTAG_asiancutie', 'HASHTAG_flowerfestival2023', 'HASHTAG_fyp']",https://www.tiktok.com/@victoria.lin/video/7204337896101285147,2023-02-26T05:50:36+00:00,4935
TI-68981b5760,"Nag enjoy ba kayo sa Grand street dance parade ng panagbenga 2026? kudos sa PNP for making the event orderly and peaceful.
#panagbenga2026 #baguio #festival #philippines",enjoy grand_street dance kudos pnp maki event peaceful baguio_festival philippines panagbenga2026 baguio festival,nag enjoy ba kayo sa grand street dance parade ng panagbenga kudos sa pnp for making the event orderly and peaceful panagbenga baguio festival philippines,[],"['HASHTAG_panagbenga2026', 'HASHTAG_baguio', 'HASHTAG_festival', 'HASHTAG_philippines']",https://www.tiktok.com/@boy.baguio074/video/7612462430353952007,2026-03-02T01:22:21+00:00,240600
TI-af9c939ae2,#panagbengafestival,,panagbengafestival,[],[],https://www.tiktok.com/@celisvierr_/video/7596349104351989010,2026-01-17T15:14:16+00:00,198
TI-50fe095104,"WATCH || Panagbenga 2024 Grand Street Dance Champion ""Tribu Rizal"" #Baguio #Panagbenga2024 #Champion #TribuRizal",watch grand_street dance champion tribu rizal baguio triburizal,watch panagbenga grand street dance champion tribu rizal baguio panagbenga champion triburizal,[],"['HASHTAG_baguio', 'HASHTAG_champion', 'HASHTAG_triburizal']",https://www.tiktok.com/@igocommunity/video/7339138431349476616,2024-02-24T15:20:00+00:00,60
TI-9c248c1ae7,"Talented Igorotas proudly wearing their Kalinga Traditional Attire!

Panagbenga Festival 2026 Opening Parade
#panangbenga2026 #Igorotculture #followers➕",igorotas kalinga traditional attire festival openi nangbenga igorotculture followers panangbenga2026 ➕,talented igorotas proudly wearing their kalinga traditional attire panagbenga festival opening parade panangbenga igorotculture followers,['➕'],"['HASHTAG_panangbenga2026', 'HASHTAG_igorotculture', 'HASHTAG_followers']",https://www.tiktok.com/@sgbunzo/video/7608917056829918482,2026-02-20T12:04:21+00:00,429
TI-bee2b690da,"It's our first Panagbenga. Core memory unlocked! 🌹🌸🌺🌷💐🌻🌼

#Panagbenga #Baguio #fyp  #foryou  #trendingvideo",memory unlocked baguio fyp_foryou trendingvideo fyp foryou 🌹 🌸 🌺 🌷 💐 🌻 🌼,it s our first panagbenga core memory unlocked panagbenga baguio fyp foryou trendingvideo,"['🌹', '🌸', '🌺', '🌷', '💐', '🌻', '🌼']","['HASHTAG_baguio', 'HASHTAG_fyp', 'HASHTAG_foryou', 'HASHTAG_trendingvideo']",https://www.tiktok.com/@aymiketan/video/7613228290970602770,2026-03-04T02:54:14+00:00,3158
TI-bd4d47034e,#venusparkviewhotel #baguiocity #CapCut,venusparkviewhotel baguiocity capcut,venusparkviewhotel baguiocity capcut,[],"['HASHTAG_venusparkviewhotel', 'HASHTAG_baguiocity', 'HASHTAG_capcut']",https://www.tiktok.com/@angellaydo7/video/7635475117539069204,2026-05-03T01:43:12+00:00,4
TI-bc9ae26f1a,Hottie ni Kobe Paras 😝 #fyp #foryou #panagbenga2024 #baguiocity #panagbengafestival,hottie kobe ras foryou baguiocity fyp 😝,hottie ni kobe paras fyp foryou panagbenga baguiocity panagbengafestival,['😝'],"['HASHTAG_fyp', 'HASHTAG_foryou', 'HASHTAG_baguiocity']",https://www.tiktok.com/@ellemenowpi/video/7339395741607152902,2024-02-25T04:43:59+00:00,1707
TI-95e6d3bd13,"Pangram's new AI tool catches content even when you humanize your AI text

What you'll learn:

Why trying to humanize your AI content doesn't work with the newest detection methods
How Pangram's new AI tool shows mixed classification with exact percentages
Why this April 2025 release beats traditional detection methods
How teachers now see 70-30 or 90-10 AI versus human breakdowns
Stop thinking you can humanize your AI and get away with it - the new tools are too advanced! 🔍✨

#HumanizeYourAI #PangramAI #NewAITool #AIDetection #ChatGPT",new tool catches humanize text learn tryi content work newest detection methods shows mixed classification exact april release traditional teachers versus human breakdowns thinki humanizeyourai ngramai newaitool 🔍 ✨,pangram s new ai tool catches content even when you humanize your ai text what you ll learn why trying to humanize your ai content doesn t work with the newest detection methods how pangram s new ai tool shows mixed classification with exact percentages why this april release beats traditional detection methods how teachers now see or ai versus human breakdowns stop thinking you can humanize your ai and get away with it the new tools are too advanced humanizeyourai pangramai newaitool aidetection chatgpt,"['🔍', '✨']","['HASHTAG_humanizeyourai', 'HASHTAG_pangramai', 'HASHTAG_newaitool', 'HASHTAG_aidetection', 'HASHTAG_chatgpt']",https://www.tiktok.com/@real.andresg/video/7543665114331794710,2025-08-28T15:53:27+00:00,61
TI-0171a64b42,"🌿 𝐒𝐞𝐧𝐚𝐤𝐮𝐥𝐨 𝟐𝟎𝟐𝟔: “𝐋𝐚𝐧𝐝𝐚𝐬 𝐧𝐠 𝐇𝐚𝐩𝐢𝐬” 🌿

Halina’t makiisa sa pagninilay at pag-alala sa Landas ng Hapis na tinahak ni Hesus para sa ating kaligtasan.

#Senakulo2026 #LentenSpecial #LandasNgHapis #SamahangSenakulistaNgCaingin",makiisa nilay ala hapis tinahak hesus kaligtas lentenspecial landasnghapis senakulo2026 🌿 🌿,𝐒𝐞𝐧𝐚𝐤𝐮𝐥𝐨 𝐋𝐚𝐧𝐝𝐚𝐬 𝐧𝐠 𝐇𝐚𝐩𝐢𝐬 halina t makiisa sa pagninilay at pag alala sa landas ng hapis na tinahak ni hesus para sa ating kaligtasan senakulo lentenspecial landasnghapis samahangsenakulistangcaingin,"['🌿', '🌿']","['HASHTAG_senakulo2026', 'HASHTAG_lentenspecial', 'HASHTAG_landasnghapis', 'HASHTAG_samahangsenakulistangcaingin']",https://www.tiktok.com/@then_shaw/video/7623097472335744264,2026-03-30T17:11:41+00:00,133600
TI-4cd1292cd0,to ey ibat ka#pangasinan#viral#festival#dagupancity#fyppppppppppppppppppppppp,ibat ngasin viral festival dagupancity fyppp pangasinan,to ey ibat ka pangasinan viral festival dagupancity fyppp,[],"['HASHTAG_pangasinan', 'HASHTAG_viral', 'HASHTAG_festival', 'HASHTAG_dagupancity', 'HASHTAG_fyppppppppppppppppppppppp']",https://www.tiktok.com/@wxp_dan1/video/7635131600631631125,2026-05-02T03:30:11+00:00,10400
TI-c8628552ff,Most amazing cultural experience in Bhujung lamjung,amazi cultural experience bhuju lamju,most amazing cultural experience in bhujung lamjung,[],[],https://www.tiktok.com/@anime_nomii/video/7635771588977249557,2026-05-03T20:53:50+00:00,3399
TI-29f7fc609c,"Social media is being flooded with AI-generated word slop.
Max Spero from Pangram labs joined us to talk about AI detectors and navigating the sea of AI-generated content.
Some AI detectors have a staggering 5% false positive rate, while Pangram impressively has a 1 in 10,000% rate.
This kind of utility is proving to be a necessity!
#pangram #aislop #detector #ai #grammer",social media generated word slop max spero ngram labs talk detectors sea content false positive rate kind utility provi necessity aislop grammer ai,social media is being flooded with ai generated word slop max spero from pangram labs joined us to talk about ai detectors and navigating the sea of ai generated content some ai detectors have a staggering false positive rate while pangram impressively has a in rate this kind of utility is proving to be a necessity pangram aislop detector ai grammer,[],"['HASHTAG_pangram', 'HASHTAG_aislop', 'HASHTAG_detector', 'HASHTAG_ai', 'HASHTAG_grammer']",https://www.tiktok.com/@altryne/video/7634720479009344782,2026-05-01T00:54:59+00:00,2
TI-2e4229bbe6,Puno nga siya #mabuhayphilippines🇵🇭🇵🇭🇵🇭 #viral #jokelang,puno mabuhayphilippines viral jokela,puno nga siya mabuhayphilippines viral jokelang,[],"['HASHTAG_mabuhayphilippines', 'HASHTAG_viral', 'HASHTAG_jokelang']",https://www.tiktok.com/@mukhang.bato/video/7624363706578701598,2026-04-03T03:05:26+00:00,2003
TI-b575280553,#2020Wrapped #tiktok #foryou #fyppage #fyp #fy #richmond  #xyzbca #trees #winter #uk,tiktok foryou fyppage fyp richmond trees 2020wrapped fy winter uk,wrapped tiktok foryou fyppage fyp fy richmond xyzbca trees winter uk,[],"['HASHTAG_2020wrapped', 'HASHTAG_tiktok', 'HASHTAG_foryou', 'HASHTAG_fyppage', 'HASHTAG_fyp', 'HASHTAG_fy', 'HASHTAG_richmond', 'HASHTAG_xyzbca', 'HASHTAG_trees', 'HASHTAG_winter', 'HASHTAG_uk']",https://www.tiktok.com/@panagbenga/video/6903791680181259521,2020-12-08T07:57:43+00:00,11
TI-ac99c489ae,#f #fy #fyp #fypシ #foryou #foryoupage #tiktok #life #regentspark #london #videoleap #flowers #garden,foryou_foryoupage tiktok life regentspark london videoleap flowers f fy fyp foryou foryoupage garden,f fy fyp fypシ foryou foryoupage tiktok life regentspark london videoleap flowers garden,[],"['HASHTAG_f', 'HASHTAG_fy', 'HASHTAG_fyp', 'HASHTAG_fypシ', 'HASHTAG_foryou', 'HASHTAG_foryoupage', 'HASHTAG_tiktok', 'HASHTAG_life', 'HASHTAG_regentspark', 'HASHTAG_london', 'HASHTAG_videoleap', 'HASHTAG_flowers', 'HASHTAG_garden']",https://www.tiktok.com/@panagbenga/video/6845201271733996806,2020-07-03T10:37:01+00:00,8
TI-6ee1b2f3cc,#greenscreenvideo #greenscreen America is Not Egypt! #america #egypt #conciousness #spirituality #quantum,greenscreenvideo greenscreen america egypt conciousness spirituality quantum,greenscreenvideo greenscreen america is not egypt america egypt conciousness spirituality quantum,[],"['HASHTAG_greenscreenvideo', 'HASHTAG_greenscreen', 'HASHTAG_america', 'HASHTAG_egypt', 'HASHTAG_conciousness', 'HASHTAG_spirituality', 'HASHTAG_quantum']",https://www.tiktok.com/@backwoodmedia/video/7512237916408515870,2025-06-04T23:20:14+00:00,182
TI-acb54435e9,ARE THEY SPITTING 🗣️🗣️⁉️⁉️🔥🔥💯 #xqc #adinross #thebigbang #thebigbangtheory #tbbt #pangea #pangrea #fiberoptic #fiberopticcable #fiberopticcablecore #tdokeyproductions #ytp #fyp #viral #trending @vz @𝕬𝖓𝖈𝖍𝖔𝖗.𝖆𝖊 @arch,spitti thebigba thebigbangtheory tbbt ngea fiberoptic fiberopticcable tdokeyproductions fyp viral trendi xqc adinross pangea ytp 🗣 🗣 ⁉ ⁉ 🔥 🔥 💯,are they spitting xqc adinross thebigbang thebigbangtheory tbbt pangea pangrea fiberoptic fiberopticcable fiberopticcablecore tdokeyproductions ytp fyp viral trending 𝖆𝖊,"['🗣', '🗣', '⁉', '⁉', '🔥', '🔥', '💯']","['HASHTAG_xqc', 'HASHTAG_adinross', 'HASHTAG_thebigbang', 'HASHTAG_thebigbangtheory', 'HASHTAG_tbbt', 'HASHTAG_pangea', 'HASHTAG_pangrea', 'HASHTAG_fiberoptic', 'HASHTAG_fiberopticcable', 'HASHTAG_fiberopticcablecore', 'HASHTAG_tdokeyproductions', 'HASHTAG_ytp', 'HASHTAG_fyp', 'HASHTAG_viral', 'HASHTAG_trending']",https://www.tiktok.com/@tdokey/video/7349648818104732970,2024-03-23T19:51:25+00:00,281900
TI-ab0f4f31b5,"I've been playing this for quite a while, ⁡I'm surprised I haven't discovered the pc version sooner 😞 // #pangya ⁡#pangyareborn #psp #golfgame ⁡#kawaii",playi version ngya ngyareborn psp golfgame kawaii pangya 😞,i ve been playing this for quite a while i m surprised i haven t discovered the pc version sooner pangya pangyareborn psp golfgame kawaii,['😞'],"['HASHTAG_pangya', 'HASHTAG_pangyareborn', 'HASHTAG_psp', 'HASHTAG_golfgame', 'HASHTAG_kawaii']",https://www.tiktok.com/@zanmbiie/video/7556409373254339858,2025-10-02T00:07:52+00:00,844
TI-65ff635ac4,#flowers #xyzbca #xybca #fy #fyp #fypシ #for #foryou #foryoupage #tiktok #life #love,flowers xybca foryou_foryoupage tiktok life love fy fyp for foryou foryoupage,flowers xyzbca xybca fy fyp fypシ for foryou foryoupage tiktok life love,[],"['HASHTAG_flowers', 'HASHTAG_xyzbca', 'HASHTAG_xybca', 'HASHTAG_fy', 'HASHTAG_fyp', 'HASHTAG_fypシ', 'HASHTAG_for', 'HASHTAG_foryou', 'HASHTAG_foryoupage', 'HASHTAG_tiktok', 'HASHTAG_life', 'HASHTAG_love']",https://www.tiktok.com/@panagbenga/video/6855339813705469189,2020-07-30T18:19:43+00:00,8
TI-29a990ae11,Evaluating the accuracy of pangram labs at detecting AI. #AIDetector #LLM #ArtificialIntelligence.,evaluati accuracy ngram labs detecti aidetector llm,evaluating the accuracy of pangram labs at detecting ai aidetector llm artificialintelligence,[],"['HASHTAG_aidetector', 'HASHTAG_llm', 'HASHTAG_artificialintelligence']",https://www.tiktok.com/@lthlnkso/video/7623873524263881997,2026-04-01T19:23:36+00:00,3592
TI-626122f361,#duet with @pajnyiag 🥰🥰🥰,duet 🥰 🥰 🥰,duet with,"['🥰', '🥰', '🥰']",['HASHTAG_duet'],https://www.tiktok.com/@chengvaj22/video/7625302733414731038,2026-04-05T15:49:17+00:00,5
TI-11076591a5,Wend panga#ouagadougou🇧🇫 #burkinatiktok🇧🇫,wend nga ouagadougou burkinatiktok,wend panga ouagadougou burkinatiktok,[],"['HASHTAG_ouagadougou', 'HASHTAG_burkinatiktok']",https://www.tiktok.com/@dglalegende226/video/7272820371466833157,2023-08-29T18:57:32+00:00,98
TI-95c7a5300c,life on panjia #pangea #fyp #viral #rareaesthetic #viralvideo,life ngea fyp viral rareaesthetic viralvideo pangea,life on panjia pangea fyp viral rareaesthetic viralvideo,[],"['HASHTAG_pangea', 'HASHTAG_fyp', 'HASHTAG_viral', 'HASHTAG_rareaesthetic', 'HASHTAG_viralvideo']",https://www.tiktok.com/@cnsosjxjeniwuxbbeb/video/7613615752288963871,2026-03-05T03:57:47+00:00,721
TI-1cc9d4f40b,"MSPEC GAY WORLD DOMINATION .✦ ֹ  ۪  
.
.
.
.
.
.
.
.
.
.
.
.
.
.
.
.
#lgbtq #mlm #gaytiktok #stimboard #queertiktok",mspec gay world domination lgbtq mlm stimboard queertiktok gaytiktok,mspec gay world domination lgbtq mlm gaytiktok stimboard queertiktok,[],"['HASHTAG_lgbtq', 'HASHTAG_mlm', 'HASHTAG_gaytiktok', 'HASHTAG_stimboard', 'HASHTAG_queertiktok']",https://www.tiktok.com/@julieromeric/video/7628698275025046797,2026-04-14T19:26:07+00:00,62
TI-5d19ab250a,#BuhusanFestival2026#lucbanquezon#fyp,buhusanfestival lucbanquezon fyp,buhusanfestival lucbanquezon fyp,[],"['HASHTAG_buhusanfestival2026', 'HASHTAG_lucbanquezon', 'HASHTAG_fyp']",https://www.tiktok.com/@johnharveyocado/video/7625257205847198996,2026-04-05T12:52:32+00:00,8486
TI-0c7ac2c70b,"#NORTHERNLUZON || uyyy LUZONIANS! 🇵🇭 here's my entry. OPO MAY MGA MALI PO SA VIDEOS. Naimbag nga bigat kadakayo amin, Maabig ya agew ed sikayo amin, Magandang umaga ta kanu amin, Magandang umaga ya ari-ariyo, Naimbag a bigat kanayo amin, Naimbag a bigat ken dakayo amin, Naimbag a bigat si sik-a am-in, Naimbag a bigat kanyo amin, Mapia a araw sa iyo ra tanan. Northern Luzon is a region in the Philippines known for its rich culture, diverse languages, and deep traditions. It is home to stunning landscapes such as mountains, rice terraces, beaches, and historic cities that reflect both natural beauty and cultural heritage. From the heritage streets of Vigan, the cool highlands of Baguio, the majestic rice terraces of Ifugao, to the beautiful islands of Batanes, Northern Luzon shows the unique identity and history of its people. It is a place where culture, nature, and tradition come together and continue to live through generations.
 
#luzon #touristspots #beaches #fypppppppppppppppppppppp",northernluzon uyyy luzonians opo mali videos bigat kadakayo maabig agew sikayo anda aga kanu ari ariyo naimbag kanayo sik mapia araw tanan northern luzon region philippines rich culture diverse deep traditions stunni landscapes rice terraces beaches historic cities natural beauty cultural heritage streets vigan cool highlands majestic beautiful islands batanes shows unique identity history people nature continue live generations touristspots,northernluzon uyyy luzonians here s my entry opo may mga mali po sa videos naimbag nga bigat kadakayo amin maabig ya agew ed sikayo amin magandang umaga ta kanu amin magandang umaga ya ari ariyo naimbag a bigat kanayo amin naimbag a bigat ken dakayo amin naimbag a bigat si sik a am in naimbag a bigat kanyo amin mapia a araw sa iyo ra tanan northern luzon is a region in the philippines known for its rich culture diverse languages and deep traditions it is home to stunning landscapes such as mountains rice terraces beaches and historic cities that reflect both natural beauty and cultural heritage from the heritage streets of vigan the cool highlands of baguio the majestic rice terraces of ifugao to the beautiful islands of batanes northern luzon shows the unique identity and history of its people it is a place where culture nature and tradition come together and continue to live through generations luzon touristspots beaches fyppp,[],"['HASHTAG_northernluzon', 'HASHTAG_luzon', 'HASHTAG_touristspots', 'HASHTAG_beaches', 'HASHTAG_fypppppppppppppppppppppp']",https://www.tiktok.com/@josa.51/video/7634071827463130386,2026-04-29T06:57:44+00:00,11
TI-586e2bdd88,"Post is finally here
Many people suggested butuan 
🫡
#fyp #viral",post many people butu fyp viral 🫡,post is finally here many people suggested butuan fyp viral,['🫡'],"['HASHTAG_fyp', 'HASHTAG_viral']",https://www.tiktok.com/@karkarkerkurkur0/video/7625461652795706644,2026-04-06T02:06:00+00:00,595
TI-21dc2695f1,🥰🥰#ยากปีดกานมองเห็นกันนะ😉 #tiktokindia,tiktokindia 🥰 🥰 😉,ยากป ดกานมองเห นก นนะ tiktokindia,"['🥰', '🥰', '😉']","['HASHTAG_ยากป', 'HASHTAG_tiktokindia']",https://www.tiktok.com/@pajnag410/video/7611062619616595221,2026-02-26T06:50:15+00:00,126
TI-f4bbd0734d,fire,fire,fire,[],[],https://www.tiktok.com/@pang.a95/video/7632168417448971528,2026-04-24T03:51:32+00:00,9982
TI-b0f808c202,"#appalachia 
-
The Appalachian mountains were said to have started forming more then a billion years ago when many supercontinents were collided like the formation of Rodinia, a supercontinent formed about 500 million years before Pangea. Furthermore, trees have only existed on Earth for 390 million years. If you’ve read this far another fun fact is that Saturns rings are even younger then these mountains.",appalachia mountains formi years many supercontinents formation rodinia trees earth fun fact rings younger,appalachia the appalachian mountains were said to have started forming more then a billion years ago when many supercontinents were collided like the formation of rodinia a supercontinent formed about million years before pangea furthermore trees have only existed on earth for million years if you ve read this far another fun fact is that saturns rings are even younger then these mountains,[],['HASHTAG_appalachia'],https://www.tiktok.com/@wrenworms/video/7543515570965089566,2025-08-28T06:13:45+00:00,5463
TI-c3f88dd7e5,"Ito na ang sign mo para mag Baguio. Panagbenga hunks and beauties during the opening parade.
i-tag ko na ba sila?

#TaraSaBaguio",sign baguio hunks beauties rade tag tarasabaguio,ito na ang sign mo para mag baguio panagbenga hunks and beauties during the opening parade i tag ko na ba sila tarasabaguio,[],['HASHTAG_tarasabaguio'],https://www.tiktok.com/@chadventures/video/7601731252705594642,2026-02-01T03:19:47+00:00,752
TI-f312d01338,"Nakabook naba ang lahat for Panagbenga 2026 ❤️🌻

#stephinbaguio #panagbenga2026 #panagbengafestival #baguiocity",book stephinbaguio baguiocity panagbenga2026 ❤ 🌻,nakabook naba ang lahat for panagbenga stephinbaguio panagbenga panagbengafestival baguiocity,"['❤', '🌻']","['HASHTAG_stephinbaguio', 'HASHTAG_panagbenga2026', 'HASHTAG_baguiocity']",https://www.tiktok.com/@stephanie_inbaguio/video/7597066319816609042,2026-01-19T13:37:25+00:00,13600
TI-26edeb6e88,"IU SUMULYAP NG TINGIN!🫣🥰 PANAGBENGA'S 2026 HOTTIES! PANAGBENGA FESTIVAL 2026!🥰🔥💪

#PageantManila #SaBaguio #Panagbenga2026 #BloomingWithoutEnd #BaguioCity",sumulyap hotties festival sabaguio bloomingwithoutend baguiocity pageantmanila panagbenga2026 🫣 🥰 🥰 🔥 💪,iu sumulyap ng tingin panagbenga s hotties panagbenga festival pageantmanila sabaguio panagbenga bloomingwithoutend baguiocity,"['🫣', '🥰', '🥰', '🔥', '💪']","['HASHTAG_pageantmanila', 'HASHTAG_sabaguio', 'HASHTAG_panagbenga2026', 'HASHTAG_bloomingwithoutend', 'HASHTAG_baguiocity']",https://www.tiktok.com/@pageantmanila/video/7611802831598767380,2026-02-28T06:42:40+00:00,1882
TI-d01dea7a54,"What we encountered in Panagbenga Market Encounter 🤗

#unwindwithdjapsk #travelph #panagbenga #wheretoeatinbaguio #baguiofoodtrip",encountered market_encounter unwindwithdjapsk travelph wheretoeatinbaguio baguiofoodtrip 🤗,what we encountered in panagbenga market encounter unwindwithdjapsk travelph panagbenga wheretoeatinbaguio baguiofoodtrip,['🤗'],"['HASHTAG_unwindwithdjapsk', 'HASHTAG_travelph', 'HASHTAG_wheretoeatinbaguio', 'HASHTAG_baguiofoodtrip']",https://www.tiktok.com/@unwindwithdjapsk/video/7606004678157012245,2026-02-12T15:42:50+00:00,24
TI-ded69e86b6,"Panagbenga Session Road in Bloom food ratings! 🌸 Just a heads-up: these are all based on my personal taste and opinion. This isn’t sponsored, and I’m not here to bash any businesses—just sharing my honest experience! #panagbenga2026 #sessionroadinbloom #panagbenga",session_road bloom food ratings heads personal taste opinion bash businesses shari honest experience sessionroadinbloom panagbenga2026 🌸,panagbenga session road in bloom food ratings just a heads up these are all based on my personal taste and opinion this isn t sponsored and i m not here to bash any businesses just sharing my honest experience panagbenga sessionroadinbloom panagbenga,['🌸'],"['HASHTAG_panagbenga2026', 'HASHTAG_sessionroadinbloom']",https://www.tiktok.com/@wapooolsxz/video/7613251338931162389,2026-03-04T04:23:40+00:00,75
TI-17aeba4c43,"Floats adorned with flowers show off at the Grand Float Parade along the central business district in Baguio City on Sunday, as part of the Panagbenga Festival 2024. (Photos by Andy Zapata Jr./The Philippine STAR) #philippinestar #socialnewsph #panagbenga #baguiocity #flowers",floats flowers grand_float rade central business district baguio_city sunday part festival photos andy zapata philippine star socialnewsph,floats adorned with flowers show off at the grand float parade along the central business district in baguio city on sunday as part of the panagbenga festival photos by andy zapata jr the philippine star philippinestar socialnewsph panagbenga baguiocity flowers,[],"['HASHTAG_philippinestar', 'HASHTAG_socialnewsph', 'HASHTAG_baguiocity', 'HASHTAG_flowers']",https://www.tiktok.com/@philippinestar/video/7339430099013471493,2024-02-25T06:57:19+00:00,471
TI-57d8f51db4,#fyppppppppppppppppppppppp #fyppp #festival #queen #panagbenga,fyppp festival_queen festival queen,fyppp fyppp festival queen panagbenga,[],"['HASHTAG_fyppppppppppppppppppppppp', 'HASHTAG_fyppp', 'HASHTAG_festival', 'HASHTAG_queen']",https://www.tiktok.com/@peyaanut/video/7590991276682595602,2026-01-03T04:43:09+00:00,24
TI-d65fd5f1e4,Panagbenga Festival Queen 2026 👑,festival_queen 👑,panagbenga festival queen,['👑'],[],https://www.tiktok.com/@promaxterabite/video/7613200287729241351,2026-03-04T01:05:33+00:00,13
TI-3ee72d3737,"It's the season of blooming. Happy Panagbenga Festival .

Panagbenga is an annual flower festival celebrated every February which takes place in Baguio City Philippines. The term ""Panagbenga"" comes from a kankanaey term meaning ""season of blooming"". This festival reflects the history, tradition, and values of Baguio and the Cordilleras. It lasts a month long and flourishes through community spirit involvement. 
© panagbengaflowerfestival.com

   #beau_catastrophe   #panagbengafestival2026",season bloomi happy festival annual flower_festival february place baguio_city philippines term kankanaey meani history tradition values cordilleras lasts month community spirit volvement com beau_catastrophe ©,it s the season of blooming happy panagbenga festival panagbenga is an annual flower festival celebrated every february which takes place in baguio city philippines the term panagbenga comes from a kankanaey term meaning season of blooming this festival reflects the history tradition and values of baguio and the cordilleras it lasts a month long and flourishes through community spirit involvement panagbengaflowerfestival com beau_catastrophe panagbengafestival,['©'],"['HASHTAG_beau_catastrophe', 'HASHTAG_panagbengafestival2026']",https://www.tiktok.com/@_beaucatastrophe/video/7603665374260841736,2026-02-06T08:25:07+00:00,46
TI-0b889d27cd,"Panagbenga market encounter 

#panagbenga
#panagbengamarketencounter2026 
#baguiocity 
#baguiofoodtrip 
#baguio",market_encounter baguiocity baguiofoodtrip baguio,panagbenga market encounter panagbenga panagbengamarketencounter baguiocity baguiofoodtrip baguio,[],"['HASHTAG_panagbengamarketencounter2026', 'HASHTAG_baguiocity', 'HASHTAG_baguiofoodtrip', 'HASHTAG_baguio']",https://www.tiktok.com/@highlyfavoreddddddd/video/7610516674512522517,2026-02-24T19:31:56+00:00,19
TI-3d74973fe9,"Kurt Rivera during his performances as part of the Bingo Plus celebration for Panagbenga Festival 2024. 

🗓 February 25, 2024 
📍Melvin Jones Grandstand, Baguio

#KurtRivera #AsteriskArtist 
#PanagbengaBP2024 
#kurt #thomasian #ruaño 
#fypシ #fy #fyp #panagbenga 
#panagbengafestival #baguio",kurt rivera performances part bingo celebration festival february melv_jones baguio kurtrivera asteriskartist bengabp thomasi fyp_baguio panagbengabp2024 fy fyp 🗓 📍,kurt rivera during his performances as part of the bingo plus celebration for panagbenga festival february melvin jones grandstand baguio kurtrivera asteriskartist panagbengabp kurt thomasian ruaño fypシ fy fyp panagbenga panagbengafestival baguio,"['🗓', '📍']","['HASHTAG_kurtrivera', 'HASHTAG_asteriskartist', 'HASHTAG_panagbengabp2024', 'HASHTAG_kurt', 'HASHTAG_thomasian', 'HASHTAG_ruaño', 'HASHTAG_fypシ', 'HASHTAG_fy', 'HASHTAG_fyp', 'HASHTAG_baguio']",https://www.tiktok.com/@kurtriveraofficial/video/7339918809672764678,2024-02-26T14:33:44+00:00,3347
TI-38cfad5e6c,"The Panagbenga  Festival, celebrated annually in February in Baguio City, Philippines. It is a month-long ""season of blooming""or ""time of blossoming"" that show cases the city's vibrant floral industry, culture, and resilience. Established in 1996 following the 1990 Luzon earthquake. It symbolizes rejuvenation, featuring grand flower-covered floats, street dancing, and community spirit.
#Panagbenga 
#FlowerFestival 
#floatparade 
#Flowers 
#fyp",festival february baguio_city philippines month season bloomi time show cases city vibrant floral culture resilience followi luzon earthquake symbolizes rejuvenation featuri grand flower floats danci community spirit flowerfestival floatparade fyp,the panagbenga festival celebrated annually in february in baguio city philippines it is a month long season of blooming or time of blossoming that show cases the city s vibrant floral industry culture and resilience established in following the luzon earthquake it symbolizes rejuvenation featuring grand flower covered floats street dancing and community spirit panagbenga flowerfestival floatparade flowers fyp,[],"['HASHTAG_flowerfestival', 'HASHTAG_floatparade', 'HASHTAG_flowers', 'HASHTAG_fyp']",https://www.tiktok.com/@ashantheisla/video/7612111378542906645,2026-03-01T02:40:03+00:00,41
TI-663b4ae452,"🤳🤳🤳🤳🤳🤳🤳🤳🤳
nandun irl pero sa screens nalang nila ako nakapanood 😭🤣#panagbenga #baguio #baguiocity #panagbenga2025",nandun irl screens baguio_baguiocity baguio baguiocity panagbenga2025 🤳 🤳 🤳 🤳 🤳 🤳 🤳 🤳 🤳 😭 🤣,nandun irl pero sa screens nalang nila ako nakapanood panagbenga baguio baguiocity panagbenga,"['🤳', '🤳', '🤳', '🤳', '🤳', '🤳', '🤳', '🤳', '🤳', '😭', '🤣']","['HASHTAG_baguio', 'HASHTAG_baguiocity', 'HASHTAG_panagbenga2025']",https://www.tiktok.com/@kiwijuixe/video/7477210657935363336,2025-03-02T13:56:15+00:00,45
TI-aea5901f07,"📌 Burnham Park, Baguio City

#panagbenga2026 #panagbengamarketencounter2026 #baguio #ginibii #panagbenga",burnham park baguio_city bengamarketencounter baguio ginibii panagbenga2026 📌,burnham park baguio city panagbenga panagbengamarketencounter baguio ginibii panagbenga,['📌'],"['HASHTAG_panagbenga2026', 'HASHTAG_panagbengamarketencounter2026', 'HASHTAG_baguio', 'HASHTAG_ginibii']",https://www.tiktok.com/@ginibii/video/7601526836555681044,2026-01-31T14:06:30+00:00,1061
TI-083843e032,"Representing The University of the Cordilleras Center for Creative Productions featuring Saeng Ya Kasay, Dance Company, Dance Squad and Percussion and Orchestra #aliwanfiesta2024 #panagbengafestival #baguio #igorotak #tatakuc #ccpartists #yesucan",representi university center creative productions saeng kasay dance company squad percussion aliwanfiesta baguio igorotak takuc ccpartists yesucan,representing the university of the cordilleras center for creative productions featuring saeng ya kasay dance company dance squad and percussion and orchestra aliwanfiesta panagbengafestival baguio igorotak tatakuc ccpartists yesucan,[],"['HASHTAG_aliwanfiesta2024', 'HASHTAG_baguio', 'HASHTAG_igorotak', 'HASHTAG_tatakuc', 'HASHTAG_ccpartists', 'HASHTAG_yesucan']",https://www.tiktok.com/@kenspacej/video/7387402132254657793,2024-07-03T13:33:20+00:00,192
TI-d41a8b7e82,#makethisviral #fyppppppppppppppppppppppp #panagbenga2026 #content,makethisviral fyppp content panagbenga2026,makethisviral fyppp panagbenga content,[],"['HASHTAG_makethisviral', 'HASHTAG_fyppppppppppppppppppppppp', 'HASHTAG_panagbenga2026', 'HASHTAG_content']",https://www.tiktok.com/@dumppxnamin/video/7606921724692630791,2026-02-15T03:01:30+00:00,43
TI-1b85a4a7b5,PANAGBENGA 2026,,panagbenga,[],[],https://www.tiktok.com/@xjarmainex/video/7612200736062999828,2026-03-01T08:26:48+00:00,1
TI-3fe4c50925,"FACECARD TALAGA SI IVAN LALO NA SA MALAPITAN!🥰  DURING PANAGBENGA FESTIVAL 2026!🔥💪🌲

#PageantManila #PanagbengaHunks #Trending #CityOfBaguio #SaBaguio",ivan lalo malapit festival eantmanila bengahunks cityofbaguio sabaguio panagbengahunks trending 🥰 🔥 💪 🌲,facecard talaga si ivan lalo na sa malapitan during panagbenga festival pageantmanila panagbengahunks trending cityofbaguio sabaguio,"['🥰', '🔥', '💪', '🌲']","['HASHTAG_pageantmanila', 'HASHTAG_panagbengahunks', 'HASHTAG_trending', 'HASHTAG_cityofbaguio', 'HASHTAG_sabaguio']",https://www.tiktok.com/@pageantmanila/video/7615258238799400213,2026-03-09T14:11:24+00:00,2549
TI-c9cc350886,"Stay in class kids

#bangalylive #pangea #googleearth 
#substituteteacher #flightreacts",stay class kids bangalylive ngea googleearth substituteteacher flightreacts pangea,stay in class kids bangalylive pangea googleearth substituteteacher flightreacts,[],"['HASHTAG_bangalylive', 'HASHTAG_pangea', 'HASHTAG_googleearth', 'HASHTAG_substituteteacher', 'HASHTAG_flightreacts']",https://www.tiktok.com/@bangalywashere/video/7457020308155895086,2025-01-07T04:07:30+00:00,737
TI-8fa833f9f8,Kev Hlub Ntawm Nkauj Nraug thiab kev hlub ntawm niam txiv tub sib txawv li cas? 😂😂#lisceeb #viral #pajnag #nkaujhuabcua,kev hlub ntawm nkauj nraug thiab niam txiv tub sib txawv cas lisceeb viral jnag nkaujhuabcua pajnag 😂 😂,kev hlub ntawm nkauj nraug thiab kev hlub ntawm niam txiv tub sib txawv li cas lisceeb viral pajnag nkaujhuabcua,"['😂', '😂']","['HASHTAG_lisceeb', 'HASHTAG_viral', 'HASHTAG_pajnag', 'HASHTAG_nkaujhuabcua']",https://www.tiktok.com/@chinhlac26/video/7617863627248356629,2026-03-16T14:41:37+00:00,463
TI-2004acf54e,This is what they don't tell you about Pangaea. #science #education #christiantiktok #genesis #noahsark #biblicalevidence #archeology,tell science education christiantiktok genesis noahsark biblicalevidence archeology,this is what they don t tell you about pangaea science education christiantiktok genesis noahsark biblicalevidence archeology,[],"['HASHTAG_science', 'HASHTAG_education', 'HASHTAG_christiantiktok', 'HASHTAG_genesis', 'HASHTAG_noahsark', 'HASHTAG_biblicalevidence', 'HASHTAG_archeology']",https://www.tiktok.com/@thewfeeds/video/7217544441219779845,2023-04-02T19:58:42+00:00,366800
TI-bdcbb453be,Vous voyez qui en remix sur le son 🗣️ #pourtoi #fyp #benga #newsong,vous voyez qui remix sur son pourtoi fyp benga newso 🗣,vous voyez qui en remix sur le son pourtoi fyp benga newsong,['🗣'],"['HASHTAG_pourtoi', 'HASHTAG_fyp', 'HASHTAG_benga', 'HASHTAG_newsong']",https://www.tiktok.com/@dalso_09/video/7624186196016614678,2026-04-02T15:36:25+00:00,20700
TI-2e932cc5f1,"whoopss 

• Map : Catalog
• Dance : pangYa dance
• ib : @jnhygssy2 
-

#catalogavatarcreator #robloxtrend #robloxdance",whoopss map catalog dance ngya catalogavatarcreator robloxdance robloxtrend,whoopss map catalog dance pangya dance ib catalogavatarcreator robloxtrend robloxdance,[],"['HASHTAG_catalogavatarcreator', 'HASHTAG_robloxtrend', 'HASHTAG_robloxdance']",https://www.tiktok.com/@mizuki_mieayam/video/7633736453473783060,2026-04-28T09:16:26+00:00,746
TI-4c28ee200a,Bengaaa #palops🇦🇴🇲🇿🇸🇹🇨🇻🇬🇼 #fyp #tiktok #dance #music @m.chanone @Djamila @Emergency 🔥🔥💯,bengaaa fyp tiktok dance music chanone palops 🔥 🔥 💯,bengaaa palops fyp tiktok dance music chanone,"['🔥', '🔥', '💯']","['HASHTAG_palops', 'HASHTAG_fyp', 'HASHTAG_tiktok', 'HASHTAG_dance', 'HASHTAG_music']",https://www.tiktok.com/@joanes111/video/7550279097448975638,2025-09-15T11:39:08+00:00,96
TI-c915f57376,"Gwapo sang Igorot
#igorot #baguiocity #philippines #trending #fyppppppppppppppppppppppp",gwapo igorot baguiocity philippines fyppp trending,gwapo sang igorot igorot baguiocity philippines trending fyppp,[],"['HASHTAG_igorot', 'HASHTAG_baguiocity', 'HASHTAG_philippines', 'HASHTAG_trending', 'HASHTAG_fyppppppppppppppppppppppp']",https://www.tiktok.com/@denver_nuggets09/video/7624306828586913045,2026-04-02T23:24:34+00:00,38000
TI-b79b09147e,Pan-Gaea,pan gaea,pan gaea,[],[],https://www.tiktok.com/@be.the.king/video/7077393018273189162,2022-03-21T03:39:32+00:00,2
TI-c8c663ffd9,"pangya on the 3ds ✩°｡⋆⸜(ू˙꒳ ˙ )
#pangya #pangyareborn #cutecore #animecore #3ds",ngya cutecore animecore pangya pangyareborn 3ds,pangya on the ds pangya pangyareborn cutecore animecore ds,[],"['HASHTAG_pangya', 'HASHTAG_pangyareborn', 'HASHTAG_cutecore', 'HASHTAG_animecore', 'HASHTAG_3ds']",https://www.tiktok.com/@kittykuma/video/7555287628233379086,2025-09-28T23:35:11+00:00,55600
TI-28ec308fda,Dormition of the Theotokos #fyp #dormition #panagia #orthodoxyaustralia #christianity #theotokos #motherofgod,dormition theotokos fyp nagia orthodoxyaustralia christianity motherofgod,dormition of the theotokos fyp dormition panagia orthodoxyaustralia christianity theotokos motherofgod,[],"['HASHTAG_fyp', 'HASHTAG_dormition', 'HASHTAG_panagia', 'HASHTAG_orthodoxyaustralia', 'HASHTAG_christianity', 'HASHTAG_theotokos', 'HASHTAG_motherofgod']",https://www.tiktok.com/@orthodox_parea/video/7398556184732617985,2024-08-02T14:56:43+00:00,4795
TI-b69b596e58,Pano papayat 🙈😅 #benggayvlog #foodie #yummy #fyp #foryou #fypシ゚viral #foryou #foryoupage #foryoupageofficiall #foryoupageofficiall❤️❤️tiktok #foryoupage❤️❤️,pano benggayvlog yummy fyp_foryou foryou_foryoupage foryoupageofficiall tiktok foryoupage foodie fyp foryou 🙈 😅 ❤ ❤ ❤ ❤,pano papayat benggayvlog foodie yummy fyp foryou fypシ viral foryou foryoupage foryoupageofficiall foryoupageofficiall tiktok foryoupage,"['🙈', '😅', '❤', '❤', '❤', '❤']","['HASHTAG_benggayvlog', 'HASHTAG_foodie', 'HASHTAG_yummy', 'HASHTAG_fyp', 'HASHTAG_foryou', 'HASHTAG_fypシ', 'HASHTAG_foryou', 'HASHTAG_foryoupage', 'HASHTAG_foryoupageofficiall', 'HASHTAG_foryoupageofficiall', 'HASHTAG_foryoupage']",https://www.tiktok.com/@bengpg/video/7383364306194287889,2024-06-22T16:24:33+00:00,5
TI-2e99e0c90a,Thanks @Mr General. For inspiration | I remember when Pangea broke up #pangea #fyp #edit #geography #xyzbca,general spiration ngea broke fyp edit geography pangea,thanks general for inspiration i remember when pangea broke up pangea fyp edit geography xyzbca,[],"['HASHTAG_pangea', 'HASHTAG_fyp', 'HASHTAG_edit', 'HASHTAG_geography', 'HASHTAG_xyzbca']",https://www.tiktok.com/@ur.wweak/video/7610787356659977502,2026-02-25T13:02:31+00:00,54500
TI-92a8dd1d50,craziest tag i’ve heard in my existence is s5 bengz ; if i’m lying i’m flying #fyp #danielbabafemi,craziest tag heard existence bengz flyi fyp danielbabafemi,craziest tag i ve heard in my existence is s bengz if i m lying i m flying fyp danielbabafemi,[],"['HASHTAG_fyp', 'HASHTAG_danielbabafemi']",https://www.tiktok.com/@wheresdanielgone/video/7443850449708453152,2024-12-02T16:21:47+00:00,2071
TI-71464efcde,Naisangsangayan Narvacan #FeetivalOfIlocosSur2026,naisangsangay narvac feetivalofilocossur,naisangsangayan narvacan feetivalofilocossur,[],['HASHTAG_feetivalofilocossur2026'],https://www.tiktok.com/@leo743710/video/7602478669897944340,2026-02-03T03:40:08+00:00,136
TI-448abd7e45,Le Benga nationale‼️💯 burkina faso #recettesafricaines #ricetteafricane #afrofood #burkinatiktok🇧🇫 #burkinafaso🇧🇫 #afriquetiktok #afriquedelouest #benga #haricotfagioli#beans,benga nationale burkina faso recettesafricaines afrofood burkinatiktok burkinafaso afriquetiktok afriquedelouest haricotfagioli beans ‼ 💯,le benga nationale burkina faso recettesafricaines ricetteafricane afrofood burkinatiktok burkinafaso afriquetiktok afriquedelouest benga haricotfagioli beans,"['‼', '💯']","['HASHTAG_recettesafricaines', 'HASHTAG_ricetteafricane', 'HASHTAG_afrofood', 'HASHTAG_burkinatiktok', 'HASHTAG_burkinafaso', 'HASHTAG_afriquetiktok', 'HASHTAG_afriquedelouest', 'HASHTAG_benga', 'HASHTAG_haricotfagioli', 'HASHTAG_beans']",https://www.tiktok.com/@abzetasanogo/video/7197756456270171397,2023-02-08T12:11:16+00:00,1219
TI-8086600dd3,#greenscreen #Pangia #what #earth #one #googleearth,greenscreen googleearth pangia what earth one,greenscreen pangia what earth one googleearth,[],"['HASHTAG_greenscreen', 'HASHTAG_pangia', 'HASHTAG_what', 'HASHTAG_earth', 'HASHTAG_one', 'HASHTAG_googleearth']",https://www.tiktok.com/@johnknight70/video/7380596881388358954,2024-06-15T05:25:34+00:00,75
TI-7aef71f1d5,"{ 『 #Celicia 』}
does anybody still plays or remembers pangya reborn? it's so dead nowadays😭
#fyp #edit #pangyareborn  #fyp",celicia anybody remembers ngya reborn dead nowadays edit ngyareborn fyp 😭,celicia does anybody still plays or remembers pangya reborn it s so dead nowadays fyp edit pangyareborn fyp,['😭'],"['HASHTAG_celicia', 'HASHTAG_fyp', 'HASHTAG_edit', 'HASHTAG_pangyareborn', 'HASHTAG_fyp']",https://www.tiktok.com/@ll.l_001/video/7621085007712652566,2026-03-25T07:02:26+00:00,58
TI-bcd3c95472,"Experience the vibrant performances as Panagbenga 2025 comes alive, showcasing the rich cultural heritage and rhythmic artistry of the highlands!🌻🌸
.
.
#PanagbengaFestival #CulturalHeritage #streetdance #igorotiktokers #foryoupagereels #fyp #foryou #cordillera @everyone  @highlight",experience vibrant performances alive showcasi rich cultural heritage artistry culturalheritage streetdance igorotiktokers fyp_foryou cordillera foryoupagereels fyp foryou 🌻 🌸,experience the vibrant performances as panagbenga comes alive showcasing the rich cultural heritage and rhythmic artistry of the highlands panagbengafestival culturalheritage streetdance igorotiktokers foryoupagereels fyp foryou cordillera,"['🌻', '🌸']","['HASHTAG_culturalheritage', 'HASHTAG_streetdance', 'HASHTAG_igorotiktokers', 'HASHTAG_foryoupagereels', 'HASHTAG_fyp', 'HASHTAG_foryou', 'HASHTAG_cordillera']",https://www.tiktok.com/@m0net_angann0y/video/7471592798878240007,2025-02-15T10:36:05+00:00,2995
TI-b8d1c6666f,"𝓟𝓪𝓷𝓪𝓰𝓫𝓮𝓷𝓰𝓪 𝓕𝓮𝓼𝓽𝓲𝓿𝓪𝓵 2023
street dance champion SLU #fypシ #foryou #BaguioCity#xyzbca  #panagbengafestival2023",street_dance champion slu foryou baguiocity,𝓟𝓪𝓷𝓪𝓰𝓫𝓮𝓷𝓰𝓪 𝓕𝓮𝓼𝓽𝓲𝓿𝓪𝓵 street dance champion slu fypシ foryou baguiocity xyzbca panagbengafestival,[],"['HASHTAG_fypシ', 'HASHTAG_foryou', 'HASHTAG_baguiocity', 'HASHTAG_xyzbca', 'HASHTAG_panagbengafestival2023']",https://www.tiktok.com/@rhaf930_/video/7204192842057583899,2023-02-25T20:28:14+00:00,12400
TI-ebeb7b383c,"These mochi from Session in Bloom are available all year at Aura Hill, Baguio. 
Same crowd-favorite flavors you loved from the festival, now easy to visit anytime.
#baguioeats #baguiofoodtrip #panagbenga #mochilovers #baguio",mochi session bloom available year aura hill baguio favorite flavors festival easy visit anytime baguioeats mochilovers baguiofoodtrip,these mochi from session in bloom are available all year at aura hill baguio same crowd favorite flavors you loved from the festival now easy to visit anytime baguioeats baguiofoodtrip panagbenga mochilovers baguio,[],"['HASHTAG_baguioeats', 'HASHTAG_baguiofoodtrip', 'HASHTAG_mochilovers', 'HASHTAG_baguio']",https://www.tiktok.com/@henniwfh/video/7563169457284189460,2025-10-20T05:20:21+00:00,49
TI-81e587e65a,"@Lance Justin Carr surprised by @Aubrey Caraan 

#BPxPanagbenga2026
#PanagbengaBP2026
#lancebrey 
#Panagbenga
#Baguio",carr cara bpxpanagbenga bengabp lancebrey baguio panagbengabp2026,justin carr surprised by caraan bpxpanagbenga panagbengabp lancebrey panagbenga baguio,[],"['HASHTAG_bpxpanagbenga2026', 'HASHTAG_panagbengabp2026', 'HASHTAG_lancebrey', 'HASHTAG_baguio']",https://www.tiktok.com/@marknorella/video/7613429394870111495,2026-03-04T15:54:32+00:00,15200
TI-c8830ec64f,Iba magpa-throwback ng Batang 90’s ang #sexbomb #sexbombdancers #sexbombconcert #panagbenga2026 #fyp,magpa throwback bata sexbomb sexbombdancers fyp sexbombconcert panagbenga2026,iba magpa throwback ng batang s ang sexbomb sexbombdancers sexbombconcert panagbenga fyp,[],"['HASHTAG_sexbomb', 'HASHTAG_sexbombdancers', 'HASHTAG_sexbombconcert', 'HASHTAG_panagbenga2026', 'HASHTAG_fyp']",https://www.tiktok.com/@awesomebert09/video/7612037295621000469,2026-02-28T21:52:34+00:00,212
TI-0d0f6314bd,bawal na pala tumalon ng mataas?,bawal pala tumalon mataas,bawal na pala tumalon ng mataas,[],[],https://www.tiktok.com/@jinxzy.ent/video/7601228345996528951,2026-01-30T18:48:20+00:00,427
TI-7daf1d4710,@cheikh_footstyle on souligne ça ❤️⚽️✌️ #joueurdefoot #badambengue,souligne joueurdefoot badambengue ❤ ⚽ ✌,on souligne ça joueurdefoot badambengue,"['❤', '⚽', '✌']","['HASHTAG_joueurdefoot', 'HASHTAG_badambengue']",https://www.tiktok.com/@panjr17/video/7483732250043927813,2025-03-20T03:43:25+00:00,18500
TI-73ba389657,carbon😍 #pagani #huayra #car,carbon ani huayra car pagani 😍,carbon pagani huayra car,['😍'],"['HASHTAG_pagani', 'HASHTAG_huayra', 'HASHTAG_car']",https://www.tiktok.com/@f90sashi/video/7604943950343884054,2026-02-09T19:06:40+00:00,66900
TI-2796a01b1f,"the cutest little racing mmo ever!! 
game: tales runner
#cutecore #animecore #pangya #pangyareborn #talesrunner",cutest little raci mmo game tales ngya ngyareborn talesrunner cutecore animecore pangya,the cutest little racing mmo ever game tales runner cutecore animecore pangya pangyareborn talesrunner,[],"['HASHTAG_cutecore', 'HASHTAG_animecore', 'HASHTAG_pangya', 'HASHTAG_pangyareborn', 'HASHTAG_talesrunner']",https://www.tiktok.com/@kittykuma/video/7556073371344047373,2025-10-01T02:24:10+00:00,4985
TI-6616526d17,"maraming salamat po, baguio city!! #BPxPanagbenga2026 #PanagbengaBP2026 #BPBoomTiSaya",marami salamat baguio_city bpxpanagbenga bengabp bpboomtisaya panagbengabp2026,maraming salamat po baguio city bpxpanagbenga panagbengabp bpboomtisaya,[],"['HASHTAG_bpxpanagbenga2026', 'HASHTAG_panagbengabp2026', 'HASHTAG_bpboomtisaya']",https://www.tiktok.com/@chloeredondo/video/7613684347366919432,2026-03-05T08:23:55+00:00,1153
TI-1576b2b055,"One of my bet this year itong Bibyun Lubuagan, Kalinga #Panagbenga2025 Street Dance Entry 🌼🌸💐

#BaguioCity #culturetiktok #panagbengafestival2025 #samyponz #samuelponsica #traveltiktok",bet year bibyun lubuag kalinga street_dance entry baguiocity culturetiktok samyponz samuelponsica traveltiktok panagbenga2025 🌼 🌸 💐,one of my bet this year itong bibyun lubuagan kalinga panagbenga street dance entry baguiocity culturetiktok panagbengafestival samyponz samuelponsica traveltiktok,"['🌼', '🌸', '💐']","['HASHTAG_panagbenga2025', 'HASHTAG_baguiocity', 'HASHTAG_culturetiktok', 'HASHTAG_panagbengafestival2025', 'HASHTAG_samyponz', 'HASHTAG_samuelponsica', 'HASHTAG_traveltiktok']",https://www.tiktok.com/@samyponz/video/7474251869427240200,2025-02-22T14:34:36+00:00,7522
TI-8960aca0bb,#foryou #fy #foryoupage❤️❤️,foryou_foryoupage foryou fy foryoupage ❤ ❤,foryou fy foryoupage,"['❤', '❤']","['HASHTAG_foryou', 'HASHTAG_fy', 'HASHTAG_foryoupage']",https://www.tiktok.com/@niuniubaqi/video/7601134129412853014,2026-01-30T12:42:36+00:00,73
TI-eef952c799,"LOOK | A short clip during the Baguio City's Panagbenga Festival 2025 opening parade, February 1, 2025 

#Panagbenga2025
#BaguioFlowerFestival
#yourifontokone",look short clip baguio_city festival rade february baguioflowerfestival yourifontokone panagbenga2025,look a short clip during the baguio city s panagbenga festival opening parade february panagbenga baguioflowerfestival yourifontokone,[],"['HASHTAG_panagbenga2025', 'HASHTAG_baguioflowerfestival', 'HASHTAG_yourifontokone']",https://www.tiktok.com/@inugmamontanyosa/video/7466331138273873160,2025-02-01T06:18:09+00:00,3578
TI-ddb05a9d63,"Mas mamumulaklak sa saya ang Panagbenga Festival Kapamilya Karavan kasama ang cast ng #ROJA na sina Inigo Jose, Gello Marquez, Lou Yanong, Harvey Bautista, AC Bonifacio, Kai Montinola, Yassi Pressman, #MaymayEntrata, #KyleEcharri, at #DonnyPangilinan! 🌻

Kaya ano pang hinihintay niyo? Sugod na ngayong MARCH 7, 4PM sa Melvin Jones Grandstand! Kita kits Kapamilya! 💜

#ABSCBN",mas mamumulaklak saya festival kapamilya karav cast roja sina igo jose gello marquez lou yano harvey bautista bonifacio kai montinola yassi maymayentrata kyleecharri donnypangilin pang hinihintay sugod march melv_jones kits 🌻 💜,mas mamumulaklak sa saya ang panagbenga festival kapamilya karavan kasama ang cast ng roja na sina inigo jose gello marquez lou yanong harvey bautista ac bonifacio kai montinola yassi pressman maymayentrata kyleecharri at donnypangilinan kaya ano pang hinihintay niyo sugod na ngayong march pm sa melvin jones grandstand kita kits kapamilya abscbn,"['🌻', '💜']","['HASHTAG_roja', 'HASHTAG_maymayentrata', 'HASHTAG_kyleecharri', 'HASHTAG_donnypangilinan', 'HASHTAG_abscbn']",https://www.tiktok.com/@abscbnpr/video/7612823151776435457,2026-03-03T00:42:56+00:00,1399
TI-6b5bfcdc64,Choose your fighter! #Panagbenga2026 #GrandStreetDanceParade #Igorot #PanagbengaGrandParade #TheChikkaness,choose fighter igorot thechikkaness panagbenga2026,choose your fighter panagbenga grandstreetdanceparade igorot panagbengagrandparade thechikkaness,[],"['HASHTAG_panagbenga2026', 'HASHTAG_grandstreetdanceparade', 'HASHTAG_igorot', 'HASHTAG_panagbengagrandparade', 'HASHTAG_thechikkaness']",https://www.tiktok.com/@thechikkaness/video/7611705831947570452,2026-02-28T00:26:16+00:00,608
TI-2f851d0c86,Panagbenga 2026 float parade! #panagbenga #baguio,float_rade baguio,panagbenga float parade panagbenga baguio,[],['HASHTAG_baguio'],https://www.tiktok.com/@lesterlegacy/video/7612216328128335124,2026-03-01T09:27:16+00:00,167
TI-8c1b5003ce,masaya nga talaga mag-Panagbenga noh hahaha #Panagbenga2026 #GrandStreetDanceParade #Igorot #PanagbengaGrandParade #TheChikkaness,masaya igorot thechikkaness panagbenga2026,masaya nga talaga mag panagbenga noh hahaha panagbenga grandstreetdanceparade igorot panagbengagrandparade thechikkaness,[],"['HASHTAG_panagbenga2026', 'HASHTAG_grandstreetdanceparade', 'HASHTAG_igorot', 'HASHTAG_panagbengagrandparade', 'HASHTAG_thechikkaness']",https://www.tiktok.com/@thechikkaness/video/7611955214635044116,2026-02-28T16:34:00+00:00,64300
TI-27e348316d,"PANAGBENGA FESTIVAL 🌻 
#champion #pedanceperformance❤ #Festivaldance#panagbengafestival #sayaw #viralvideo #frypgシ",festival champion pedanceperformance festivaldance sayaw viralvideo 🌻 ❤,panagbenga festival champion pedanceperformance festivaldance panagbengafestival sayaw viralvideo frypgシ,"['🌻', '❤']","['HASHTAG_champion', 'HASHTAG_pedanceperformance', 'HASHTAG_festivaldance', 'HASHTAG_sayaw', 'HASHTAG_viralvideo', 'HASHTAG_frypgシ']",https://www.tiktok.com/@jxstixn_y/video/7470505646442564872,2025-02-12T12:17:22+00:00,67
TI-fd9fa55fa0,#panagbengafestival #festival,festival,panagbengafestival festival,[],['HASHTAG_festival'],https://www.tiktok.com/@takzumi_joy/video/7468256448254921991,2025-02-06T10:49:20+00:00,268
TI-45b02c84aa,Tara na sa Baguio 😍,tara baguio 😍,tara na sa baguio,['😍'],[],https://www.tiktok.com/@zorellatravelandtours/video/7332677512247495941,2024-02-07T02:13:49+00:00,14
TI-e6fcf7a7db,Panagbenga 2024#panagbenga2024 #igorot #hunk #fyp #trend,igorot hunk fyp trend,panagbenga panagbenga igorot hunk fyp trend,[],"['HASHTAG_igorot', 'HASHTAG_hunk', 'HASHTAG_fyp', 'HASHTAG_trend']",https://www.tiktok.com/@dell_gwy/video/7343151010866597126,2024-03-06T07:36:20+00:00,405
TI-ddcd0a191c,#festivaldancer #panagbenga2026 #costume  #4u,festivaldancer costume panagbenga2026 4u,festivaldancer panagbenga costume u,[],"['HASHTAG_festivaldancer', 'HASHTAG_panagbenga2026', 'HASHTAG_costume', 'HASHTAG_4u']",https://www.tiktok.com/@valutskie/video/7613806243781692680,2026-03-05T16:16:59+00:00,68
TI-271604bc71,"#festival #pagibangdamarafestival #panagbenga2026 #fyp #viral 

📍 Festival location: Baguio City
🎉 Event history: Panagbenga Festival Grand Street Dance Competition",festival ibangdamarafestival fyp viral location city event history festival_grand street_dance competition panagbenga2026 📍 🎉,festival pagibangdamarafestival panagbenga fyp viral festival location baguio city event history panagbenga festival grand street dance competition,"['📍', '🎉']","['HASHTAG_festival', 'HASHTAG_pagibangdamarafestival', 'HASHTAG_panagbenga2026', 'HASHTAG_fyp', 'HASHTAG_viral']",https://www.tiktok.com/@lrxcsss/video/7612649704140131592,2026-03-02T13:28:54+00:00,69
TI-4485bfa32d,#fyp #panagbenga2026 #baguiocity #trending,fyp baguiocity trendi panagbenga2026,fyp panagbenga baguiocity trending,[],"['HASHTAG_fyp', 'HASHTAG_panagbenga2026', 'HASHTAG_baguiocity', 'HASHTAG_trending']",https://www.tiktok.com/@serendite/video/7612600027181010196,2026-03-02T10:16:10+00:00,6
TI-29e49d7cb1,"#fyppppp 
#Panagbengaparade 
#tiktok#fyp",fyppp bengaparade tiktok fyp panagbengaparade,fyppp panagbengaparade tiktok fyp,[],"['HASHTAG_fyppppp', 'HASHTAG_panagbengaparade', 'HASHTAG_tiktok', 'HASHTAG_fyp']",https://www.tiktok.com/@mhing513/video/7601659594292645128,2026-01-31T22:41:41+00:00,4
TI-a4e20ae409,"My baby's snapshot during the Panagbenga Grand Street Parade 2026

#Flowerfest #streetdsncer #Panagbenga2026",baby snapshot grand_street flowerfest streetdsncer panagbenga2026,my baby s snapshot during the panagbenga grand street parade flowerfest streetdsncer panagbenga,[],"['HASHTAG_flowerfest', 'HASHTAG_streetdsncer', 'HASHTAG_panagbenga2026']",https://www.tiktok.com/@bernavlopez/video/7613529712895413522,2026-03-04T22:23:54+00:00,4
TI-c08ee9c550,"Flower Festival held at city of pines bagio city
ctto",flower_festival city pines ctto,flower festival held at city of pines bagio city ctto,[],[],https://www.tiktok.com/@cherrybalasaphotography/video/7205020526891257115,2023-02-28T01:59:32+00:00,517
TI-b044c8b9ea,sideyyy #arnis #fyp #CapCut #foryourpage #panagbengafestival,sideyyy arnis fyp capcut foryourpage,sideyyy arnis fyp capcut foryourpage panagbengafestival,[],"['HASHTAG_arnis', 'HASHTAG_fyp', 'HASHTAG_capcut', 'HASHTAG_foryourpage']",https://www.tiktok.com/@_inazzjai/video/7475210728094420242,2025-02-25T04:35:34+00:00,1952
TI-4d5ac5bfa4,"Bengan fry
viral #trending view",beng fry viral trendi view,bengan fry viral trending view,[],['HASHTAG_trending'],https://www.tiktok.com/@palwshag/video/7631866649133468935,2026-04-23T08:20:31+00:00,150
TI-c3a85a7964,"MANANAYAW NI SAN GUILLERMO | BRGY BUTING

BRGY.BAMBANG 3RD PAN-ISDAAN FESTIVAL

#onedaungan #AnoTara? #kulturangnilala",mananayaw san guillermo brgy buti bamba pan festival onedaung anotara kulturangnilala,mananayaw ni san guillermo brgy buting brgy bambang rd pan isdaan festival onedaungan anotara kulturangnilala,[],"['HASHTAG_onedaungan', 'HASHTAG_anotara', 'HASHTAG_kulturangnilala']",https://www.tiktok.com/@17388_1/video/7635795497147534612,2026-05-03T22:26:34+00:00,19
TI-99e035b59a,#uk #MerryBOSSmas #xyzbca #fyp #foryou #huaweiphotography#tiktoklover #love #life #flowers,merrybossmas fyp_foryou huaweiphotography tiktoklover life flowers uk fyp foryou love,uk merrybossmas xyzbca fyp foryou huaweiphotography tiktoklover love life flowers,[],"['HASHTAG_uk', 'HASHTAG_merrybossmas', 'HASHTAG_xyzbca', 'HASHTAG_fyp', 'HASHTAG_foryou', 'HASHTAG_huaweiphotography', 'HASHTAG_tiktoklover', 'HASHTAG_love', 'HASHTAG_life', 'HASHTAG_flowers']",https://www.tiktok.com/@panagbenga/video/6906075065226448129,2020-12-14T11:38:25+00:00,9
TI-06869add71,"Panagbenga Festival 2026
#panagbenga2026 #panagbengafestival #baguio",festival_baguio panagbenga2026 baguio,panagbenga festival panagbenga panagbengafestival baguio,[],"['HASHTAG_panagbenga2026', 'HASHTAG_baguio']",https://www.tiktok.com/@dannlumayag/video/7611789990271470869,2026-02-28T05:52:51+00:00,95
TI-de72a03d69,"HORI7ON Jeromy and Sugar Mercado ""SuMy"" Locking Performance of Panagbenga Festival on @Stars On The Floor @GMA Network 

JEROMY SUGARLOCK FESTIVAL
#SuMyInBloom
#HORI7ON_JEROMY #JEROMY
#SOTFWorldDanceFest
@HORI7ONofficial",horion jeromy sugar mercado sumy locki performance festival floor network sugarlock sumyinbloom horion_jeromy sotfworlddancefest,horion jeromy and sugar mercado sumy locking performance of panagbenga festival on on the floor network jeromy sugarlock festival sumyinbloom horion_jeromy jeromy sotfworlddancefest,[],"['HASHTAG_sumyinbloom', 'HASHTAG_hori7on_jeromy', 'HASHTAG_jeromy', 'HASHTAG_sotfworlddancefest']",https://www.tiktok.com/@anchorjam/video/7633060578403093767,2026-04-26T13:33:33+00:00,77
TI-8ea5c58330,BAGUIO 📍 #fyp #foryou #panagbenga #fireworks,baguio fyp_foryou fireworks fyp foryou 📍,baguio fyp foryou panagbenga fireworks,['📍'],"['HASHTAG_fyp', 'HASHTAG_foryou', 'HASHTAG_fireworks']",https://www.tiktok.com/@.sir_nate/video/7614872133159669013,2026-03-08T13:13:10+00:00,61
TI-a9555aa6de,Panagbenga Festival 2023 - Grand Float Parade #panagbenga2023 #grandfloatparade2023 #flowerfestival2023,festival_grand float_rade grandfloatparade flowerfestival panagbenga2023,panagbenga festival grand float parade panagbenga grandfloatparade flowerfestival,[],"['HASHTAG_panagbenga2023', 'HASHTAG_grandfloatparade2023', 'HASHTAG_flowerfestival2023']",https://www.tiktok.com/@camouflage_hat/video/7204535484683439387,2023-02-26T18:37:32+00:00,571
TI-b39c4bb9ff,Panagbenga preparations: Baguio residents show their ingeniousness through their artistic floats #panagbenga #panagbenga2023 #panagbengafestival #panagbengafestival2023 #philippinestar,preparations residents geniousness artistic floats panagbenga2023 philippinestar,panagbenga preparations baguio residents show their ingeniousness through their artistic floats panagbenga panagbenga panagbengafestival panagbengafestival philippinestar,[],"['HASHTAG_panagbenga2023', 'HASHTAG_panagbengafestival2023', 'HASHTAG_philippinestar']",https://www.tiktok.com/@philippinestar/video/7205150337647332635,2023-02-28T10:23:14+00:00,67
TI-a938ce703d,"Coworking by day, fireworks by night. 🎆 Happy Panagbenga, Baguio! 🌸          #finespacecoworkinghub  #baguiocity #panagbenga",coworki day fireworks night happy baguio baguiocity 🎆 🌸,coworking by day fireworks by night happy panagbenga baguio finespacecoworkinghub baguiocity panagbenga,"['🎆', '🌸']","['HASHTAG_finespacecoworkinghub', 'HASHTAG_baguiocity']",https://www.tiktok.com/@finespacecoworkinghub/video/7614855494888344852,2026-03-08T12:08:37+00:00,12400
TI-0db280b120,"The Philippine Festivals | 𝗣𝗔𝗡𝗔𝗚𝗕𝗘𝗡𝗚𝗔 𝗙𝗘𝗦𝗧𝗜𝗩𝗔𝗟 𝟮𝟬𝟮𝟲
Unity Dance Video and Song
📍Baguio City | 📅 February 28, 2026

As we count down to the Grand Parade Weekend, it’s time to celebrate with the Panagbenga Unity Dance Video and Song—a special tribute for the festival’s 30th anniversary and this year’s theme, “Blooming Without End.” 🌸🌻

Now it’s your turn, Ka-Pista! 💃🕺
Learn the steps, dance your heart out, and post your own version so we can spread the fun and festival spirit everywhere! Don’t forget to use the hashtag #PanagbengaUnityDanceVideo so everyone can see and celebrate with you. Let’s make the whole season move as one! 🎉🎊 

𝐏𝐚𝐧𝐚𝐠𝐛𝐞𝐧𝐠𝐚: 𝐔𝐮𝐬𝐛𝐨𝐧𝐠 𝐌𝐚𝐠𝐩𝐚𝐤𝐚𝐢𝐥𝐚𝐧𝐦𝐚𝐧
Executive Producer: Baguio Flower Festival Foundation, Inc. (BFFFI)
Director: Chai Ramos
Choreographer: Jacqueline Go-Ramon
Words & Lyrics: V. Payno
Music Production (Instrumentation & Recording): Marivic Macadaeg
Additional Instrumentation & Remix: Ethan Ventura
Lead Vocal: Timmy Go
Backing Vocals: SOLCC Music Ministry, Erin Ventura, Emerald Ventura, and Ethan Ventura
Storyboard: Kathleen Nobleza
Video: Soulshine Collectives
In Collaboration with: Dance Association of Baguio
Panagbenga Creative and Cultural Council headed by Ms. Rebecca Nulud

Courtesy|
Hon.Benjie Magalong
Hon.Faustino Olowan
Panagbenga : The Baguio Flower Festival
Baguio Tourism
Baguio City Public Information Office
Baguio Visita
#BaguioCity #PanagbengaFestival #ThePhilippineFestivals
#LoveThePhilippines",philippine festivals unity dance video song baguio_city february count grand weekend time celebrate special tribute anniversary year theme bloomi end turn pista learn steps heart post version spread fun spirit use hashtag bengaunitydancevideo everyone let whole season executive producer flower_festival foundation inc bfffi director chai ramos choreographer jacqueline ramon words yno music production strumentation recordi marivic additional remix ethan lead vocal timmy backi ministry erin ventura emerald storyboard kathleen nobleza soulshine collaboration association creative cultural council rebecca courtesy hon benjie alo faustino baguio_flower tourism public formation office baguio_baguiocity lovethephilippines 📍 📅 🌸 🌻 💃 🕺 🎉 🎊,the philippine festivals 𝗣𝗔𝗡𝗔𝗚𝗕𝗘𝗡𝗚𝗔 𝗙𝗘𝗦𝗧𝗜𝗩𝗔𝗟 unity dance video and song baguio city february as we count down to the grand parade weekend it s time to celebrate with the panagbenga unity dance video and song a special tribute for the festival s th anniversary and this year s theme blooming without end now it s your turn ka pista learn the steps dance your heart out and post your own version so we can spread the fun and festival spirit everywhere don t forget to use the hashtag panagbengaunitydancevideo so everyone can see and celebrate with you let s make the whole season move as one 𝐏𝐚𝐧𝐚𝐠𝐛𝐞𝐧𝐠𝐚 𝐔𝐮𝐬𝐛𝐨𝐧𝐠 𝐌𝐚𝐠𝐩𝐚𝐤𝐚𝐢𝐥𝐚𝐧𝐦𝐚𝐧 executive producer baguio flower festival foundation inc bfffi director chai ramos choreographer jacqueline go ramon words lyrics v payno music production instrumentation recording marivic macadaeg additional instrumentation remix ethan ventura lead vocal timmy go backing vocals solcc music ministry erin ventura emerald ventura and ethan ventura storyboard kathleen nobleza video soulshine collectives in collaboration with dance association of baguio panagbenga creative and cultural council headed by ms rebecca nulud courtesy hon benjie magalong hon faustino olowan panagbenga the baguio flower festival baguio tourism baguio city public information office baguio visita baguiocity panagbengafestival thephilippinefestivals lovethephilippines,"['📍', '📅', '🌸', '🌻', '💃', '🕺', '🎉', '🎊']","['HASHTAG_panagbengaunitydancevideo', 'HASHTAG_baguiocity', 'HASHTAG_thephilippinefestivals', 'HASHTAG_lovethephilippines']",https://www.tiktok.com/@thephilippinefestivals/video/7609272191321918740,2026-02-21T11:02:32+00:00,316
TI-9771e2e182,"#Panagbenga 
#GrandStreetParade  
#PuguisElementarySchool
#DrumAndLyreCorps 🫡❤️🫡",grandstreetparade drumandlyrecorps 🫡 ❤ 🫡,panagbenga grandstreetparade puguiselementaryschool drumandlyrecorps,"['🫡', '❤', '🫡']","['HASHTAG_grandstreetparade', 'HASHTAG_puguiselementaryschool', 'HASHTAG_drumandlyrecorps']",https://www.tiktok.com/@ry.d.apprentice/video/7626520357217783061,2026-04-08T22:34:17+00:00,12
TI-5a11cb012c,"PANAGBENGA 2026 | GRAND STREET PARADE HIGHLIGHTS

Rewatch the highlights of the 30th Panagbenga Festival Grand Street Parade, Drum and Lyre, and Festival Street Dance Competition held on February 28, 2026, in Baguio City.

🎥 Annjay Domilies and J.M. Rosario/BHE

Music: Panagbenga: Uusbong Magpakailanman by V. Payno and Ethan Ventura

#Panagbenga2026 
#GrandStreetParade #DrumAndLyre",grand_street highlights festival_grand street drum_lyre festival street_dance competition february baguio_city annjay domilies bhe music uusbo kailanm yno ethan ventura drumandlyre panagbenga2026 grandstreetparade 🎥,panagbenga grand street parade highlights rewatch the highlights of the th panagbenga festival grand street parade drum and lyre and festival street dance competition held on february in baguio city annjay domilies and j m rosario bhe music panagbenga uusbong magpakailanman by v payno and ethan ventura panagbenga grandstreetparade drumandlyre,['🎥'],"['HASHTAG_panagbenga2026', 'HASHTAG_grandstreetparade', 'HASHTAG_drumandlyre']",https://www.tiktok.com/@baguioheraldexpress/video/7613013329065430290,2026-03-03T13:00:01+00:00,147
TI-3ba13f0ebb,"PANAGBENGA 2026 GRAND FLOAT PARADE HIGHLIGHTS🌻

Rewatch the highlights of the 30th Panagbenga Festival Grand Float Parade held in Baguio City on March 1, 2026. A total of 30 floral floats participated in the event, including 25 competing floats and 5 non-competing entries.

🎥 Annjay Domilies/BHE 

#Panagbenga2026 #BaguioCity #GrandFloatParade #heraldexpress",grand_float rade highlights festival_grand float held baguio_city march total floral event cludi competi entries domilies grandfloatparade heraldexpress panagbenga2026 🌻 🎥,panagbenga grand float parade highlights rewatch the highlights of the th panagbenga festival grand float parade held in baguio city on march a total of floral floats participated in the event including competing floats and non competing entries annjay domilies bhe panagbenga baguiocity grandfloatparade heraldexpress,"['🌻', '🎥']","['HASHTAG_panagbenga2026', 'HASHTAG_baguiocity', 'HASHTAG_grandfloatparade', 'HASHTAG_heraldexpress']",https://www.tiktok.com/@baguioheraldexpress/video/7613211237358308616,2026-03-04T01:48:02+00:00,28
TI-73762e276c,"Panagbenga2026 TRIBU BANNUAR ILOCANDIA ELYU
#BaguioFlowerFestival2026 
#Panagbenga2026 #TaraSaBaguio",tribu bannuar ilocandia elyu baguioflowerfestival tarasabaguio panagbenga2026,panagbenga tribu bannuar ilocandia elyu baguioflowerfestival panagbenga tarasabaguio,[],"['HASHTAG_baguioflowerfestival2026', 'HASHTAG_panagbenga2026', 'HASHTAG_tarasabaguio']",https://www.tiktok.com/@xenexiasiachaos/video/7611778739810225426,2026-02-28T05:09:14+00:00,33
TI-eda6586198,#Baguio #flower #festival gets more colorful with #grandstreetdanceparade  | #Panagbenga2024 #fyp #fiesta #BaguioCity #rappler,baguio_flower festival colorful fyp fiesta baguiocity rappler baguio flower,baguio flower festival gets more colorful with grandstreetdanceparade panagbenga fyp fiesta baguiocity rappler,[],"['HASHTAG_baguio', 'HASHTAG_flower', 'HASHTAG_festival', 'HASHTAG_grandstreetdanceparade', 'HASHTAG_fyp', 'HASHTAG_fiesta', 'HASHTAG_baguiocity', 'HASHTAG_rappler']",https://www.tiktok.com/@rappler/video/7339015538389028097,2024-02-24T04:08:38+00:00,257
TI-ac7caea379,Panagbenga Festival-Grade 9 Performance #festivaldance #panagbengafestival #panagbenga #grade9festivaldance,festival grade performance festivaldance gradefestivaldance,panagbenga festival grade performance festivaldance panagbengafestival panagbenga gradefestivaldance,[],"['HASHTAG_festivaldance', 'HASHTAG_grade9festivaldance']",https://www.tiktok.com/@stewie9675/video/7593219315214650631,2026-01-09T04:49:04+00:00,2513
TI-ba03c8efe4,"Panagbenga 2026

#highlights #highligthseveryone #tiktokeveryone #viraltiktok",highlights tiktokeveryone viraltiktok highligthseveryone,panagbenga highlights highligthseveryone tiktokeveryone viraltiktok,[],"['HASHTAG_highlights', 'HASHTAG_highligthseveryone', 'HASHTAG_tiktokeveryone', 'HASHTAG_viraltiktok']",https://www.tiktok.com/@eekznahd31/video/7602260637741370632,2026-02-02T13:34:00+00:00,106
TI-f0585e4eef,"WATCH: The Gameng di Cordillera Cultural Group captivates the audience with a vibrant presentation of the traditional dances, chants, and music of the Western Mountain Province.

This performance was part of the 2026 Panagbenga Festival's ""Rhythm of the Highlands,"" a grand showcase of indigenous culture and dance.💃🏻🕺🏻

 #panagbenga2026",watch game cordillera cultural_group audience vibrant presentation traditional dances music western mounta province performance part festival highlands grand digenous culture panagbenga2026 💃 🏻 🕺 🏻,watch the gameng di cordillera cultural group captivates the audience with a vibrant presentation of the traditional dances chants and music of the western mountain province this performance was part of the panagbenga festival s rhythm of the highlands a grand showcase of indigenous culture and dance panagbenga,"['💃', '🏻', '🕺', '🏻']",['HASHTAG_panagbenga2026'],https://www.tiktok.com/@m0net_angann0y/video/7607288061885795592,2026-02-16T02:43:04+00:00,166
TI-3c2f7faf9f,"Panagbenga 2026 ending with a bang 🎆

Front row seat to the Grand Fireworks Display! What a night in Baguio! ✨

#Panagbenga #Baguio #Fireworks",endi bang front row seat grand fireworks night baguio 🎆 ✨,panagbenga ending with a bang front row seat to the grand fireworks display what a night in baguio panagbenga baguio fireworks,"['🎆', '✨']","['HASHTAG_baguio', 'HASHTAG_fireworks']",https://www.tiktok.com/@metropinesinn/video/7614857637842128148,2026-03-08T12:16:56+00:00,9866
TI-6696e8ed70,"lala 

#Panagbenga #MammangiFestival",lala mammangifestival,lala panagbenga mammangifestival,[],['HASHTAG_mammangifestival'],https://www.tiktok.com/@wonieyahhh__/video/7608915806746856712,2026-02-20T11:59:28+00:00,77
TI-77c549ca6a,"Happy Panagbenga, Baguio! #baguio #baguiocity #panagbenga2026",happy baguio baguio_baguiocity baguiocity panagbenga2026,happy panagbenga baguio baguio baguiocity panagbenga,[],"['HASHTAG_baguio', 'HASHTAG_baguiocity', 'HASHTAG_panagbenga2026']",https://www.tiktok.com/@fernando.knnth/video/7615212138860154130,2026-03-09T11:12:28+00:00,597
TI-6f5aca5e1b,🄿🄰🄽🄰🄶🄱🄴🄽🄶🄰 2023 Highlights Full #panagbenga #baguiocity #baguio #benguet #philippines #panagbengafestiva2023 #igorot #sessionroad #motobex #openingparade #marketencounter #openpaintingcontest #kiteflying #burnhamlake #blueming #sessionroad #greensoldier #fluvialparade #mardigras #streetdancing #floatparade #flowerfestival,highlights full baguiocity_baguio benguet philippines igorot sessionroad motobex marketencounter openpaintingcontest kiteflyi bluemi greensoldier mardigras streetdanci flowerfestival baguiocity baguio openingparade burnhamlake fluvialparade floatparade,highlights full panagbenga baguiocity baguio benguet philippines panagbengafestiva igorot sessionroad motobex openingparade marketencounter openpaintingcontest kiteflying burnhamlake blueming sessionroad greensoldier fluvialparade mardigras streetdancing floatparade flowerfestival,[],"['HASHTAG_baguiocity', 'HASHTAG_baguio', 'HASHTAG_benguet', 'HASHTAG_philippines', 'HASHTAG_panagbengafestiva2023', 'HASHTAG_igorot', 'HASHTAG_sessionroad', 'HASHTAG_motobex', 'HASHTAG_openingparade', 'HASHTAG_marketencounter', 'HASHTAG_openpaintingcontest', 'HASHTAG_kiteflying', 'HASHTAG_burnhamlake', 'HASHTAG_blueming', 'HASHTAG_sessionroad', 'HASHTAG_greensoldier', 'HASHTAG_fluvialparade', 'HASHTAG_mardigras', 'HASHTAG_streetdancing', 'HASHTAG_floatparade', 'HASHTAG_flowerfestival']",https://www.tiktok.com/@1motobex/video/7208789750457683205,2023-03-10T05:46:06+00:00,47
TI-2b8440dbe9,Panagbenga 2026 Session Road in Bloom #panagbenga #sessioninbloom #sessionroad #panagbenga2026 #foodtripbaguio,session_road bloom sessioninbloom foodtripbaguio panagbenga2026,panagbenga session road in bloom panagbenga sessioninbloom sessionroad panagbenga foodtripbaguio,[],"['HASHTAG_sessioninbloom', 'HASHTAG_sessionroad', 'HASHTAG_panagbenga2026', 'HASHTAG_foodtripbaguio']",https://www.tiktok.com/@sherilyndeguzman74/video/7614544764456668436,2026-03-07T16:02:46+00:00,3023
TI-0145b8836b,Last day of panagbenga 2024 #baguiocity #panagbengafestival2024 #Cityofpines #GALANTE❤️,last day baguiocity cityofpines galante ❤,last day of panagbenga baguiocity panagbengafestival cityofpines galante,['❤'],"['HASHTAG_baguiocity', 'HASHTAG_cityofpines', 'HASHTAG_galante']",https://www.tiktok.com/@bellis114/video/7342246243462040837,2024-03-03T21:05:22+00:00,37
TI-b0510b378f,"Minha família é hit!
#angola🇦🇴portugal🇵🇹brasil🇧🇷mocambique #angola🇦🇴portugal🇵🇹brasil🇧🇷 #angola #benga",minha angola portugal brasil mocambique benga,minha família é hit angola portugal brasil mocambique angola portugal brasil angola benga,[],"['HASHTAG_angola', 'HASHTAG_angola', 'HASHTAG_angola', 'HASHTAG_benga']",https://www.tiktok.com/@callmegomes1/video/7632820126416473352,2026-04-25T22:30:12+00:00,13900
TI-1bcd97dd5f,"🌸 Did You Know? 🎶

The Panagbenga Hymn was originally composed on February 8, 1989 by Professor Macario “Mac” Fronda, a longtime music educator and bandleader from Saint Louis University who helped shape Baguio’s musical culture.

Although it became the official song of the Panagbenga Festival, the hymn was first written to inspire athletes in the Palarong Pambansa before being adopted for the festival.

Professor Fronda passed away on March 14, 2013, at the age of 91 due to complications from prostate cancer, and the Panagbenga Hymn remains one of his most beloved legacies.

Today, it continues to be sung as a symbol of unity, hope, and the ever-blooming spirit of Baguio City. 🌼✨

#DidYouKnow #PanagbengaHymn #PanagbengaFestival #baguiocity #flowerfestival2026",february professor macario mac fronda longtime music educator bandleader saint louis university baguio culture official song festival hymn spire athletes march age due complications cancer beloved legacies today sung unity bloomi spirit baguio_city bengahymn didyouknow panagbengahymn flowerfestival2026 🌸 🎶 🌼 ✨,did you know the panagbenga hymn was originally composed on february by professor macario mac fronda a longtime music educator and bandleader from saint louis university who helped shape baguio s musical culture although it became the official song of the panagbenga festival the hymn was first written to inspire athletes in the palarong pambansa before being adopted for the festival professor fronda passed away on march at the age of due to complications from prostate cancer and the panagbenga hymn remains one of his most beloved legacies today it continues to be sung as a symbol of unity hope and the ever blooming spirit of baguio city didyouknow panagbengahymn panagbengafestival baguiocity flowerfestival,"['🌸', '🎶', '🌼', '✨']","['HASHTAG_didyouknow', 'HASHTAG_panagbengahymn', 'HASHTAG_baguiocity', 'HASHTAG_flowerfestival2026']",https://www.tiktok.com/@kennys.video/video/7601813356592270600,2026-02-01T08:38:22+00:00,27
TI-8ef727ae36,ประวัติความเป็นมาของเทศกาลเพลงและเต้นรำของชาวฟิลิปปินส์ #panagbengafestival #igorota #culturaldance♥️,igorota culturaldance ♥,ประว ต ความเป นมาของเทศกาลเพลงและเต นรำของชาวฟ ล ปป นส panagbengafestival igorota culturaldance,['♥'],"['HASHTAG_igorota', 'HASHTAG_culturaldance']",https://www.tiktok.com/@rubin9664/video/7619844514009664781,2026-03-21T22:49:00+00:00,0
TI-7df5083327,"#BaguioCentralUniversity 
#Panagbenga2026 #GrandOpeningParade 
#Culturaldance
#Ethnicdance",grandopeningparade culturaldance ethnicdance panagbenga2026,baguiocentraluniversity panagbenga grandopeningparade culturaldance ethnicdance,[],"['HASHTAG_baguiocentraluniversity', 'HASHTAG_panagbenga2026', 'HASHTAG_grandopeningparade', 'HASHTAG_culturaldance', 'HASHTAG_ethnicdance']",https://www.tiktok.com/@ry.d.apprentice/video/7606133963278552341,2026-02-13T00:04:36+00:00,47
TI-1e93b830a4,"Tribu Siglat from San Luis, Pugo, La Union #Baguio #panagbenga #parade",tribu siglat san luis pugo union baguio rade parade,tribu siglat from san luis pugo la union baguio panagbenga parade,[],"['HASHTAG_baguio', 'HASHTAG_parade']",https://www.tiktok.com/@wen.ngarud7/video/7622362825108901127,2026-03-28T17:40:52+00:00,8
TI-efea3cd92e,Watch Panagbenga 2024 Baguio Flower Festival Grand Opening Parade #panagbenga2024 #panagbenga #baguioflowerfestival #baguiocity,watch baguio_flower festival_grand openi baguioflowerfestival baguiocity,watch panagbenga baguio flower festival grand opening parade panagbenga panagbenga baguioflowerfestival baguiocity,[],"['HASHTAG_baguioflowerfestival', 'HASHTAG_baguiocity']",https://www.tiktok.com/@thebaguiochannel2600/video/7333424621284281602,2024-02-09T02:33:30+00:00,19
TI-2ac91e5ce3,"2026 #Panagbenga Grand Street Dance Parade 🌼🌸

#BaguioCity #FlowerFestival",grand_street dance rade baguiocity flowerfestival 🌼 🌸,panagbenga grand street dance parade baguiocity flowerfestival,"['🌼', '🌸']","['HASHTAG_baguiocity', 'HASHTAG_flowerfestival']",https://www.tiktok.com/@deveracj/video/7611899393490291975,2026-02-28T12:57:19+00:00,20
TI-288c0dba41,"ANG GALING NIYANG SUMAYAW! DURING CORDILLERA'S CULTURAL DANCE!🥰🔥💪 PANAGBENGA FESTIVAL 2026!🔥💪🌲

#PageantManila #SaBaguio #Panagbenga2026 #BloomingWithoutEnd #BaguioCity",gali sumayaw cordillera cultural_dance festival eantmanila sabaguio bloomingwithoutend baguiocity panagbenga2026 🥰 🔥 💪 🔥 💪 🌲,ang galing niyang sumayaw during cordillera s cultural dance panagbenga festival pageantmanila sabaguio panagbenga bloomingwithoutend baguiocity,"['🥰', '🔥', '💪', '🔥', '💪', '🌲']","['HASHTAG_pageantmanila', 'HASHTAG_sabaguio', 'HASHTAG_panagbenga2026', 'HASHTAG_bloomingwithoutend', 'HASHTAG_baguiocity']",https://www.tiktok.com/@pageantmanila/video/7611855327910300948,2026-02-28T10:06:23+00:00,311
TI-25f9a6b00d,"PANAGBENGA FESTIVAL!! 🌷💐🌼🌻||ROBLOX GROW A GARDEN EDIT! 🎉💙🌼💐#growagarden#festival #growagardenroblox
#foryoupage #robloxedit #rxhaniea3dits #bloxy_bee02 

MEMBERS: 🙈🤪✌
Lhayt, lhy, bxnny,nowarh ,hnzie
thankyou so much guys!! ✌🤪",festival roblox garden edit growagarden growagardenroblox foryoupage robloxedit rxhanieadits members lhy bxnny nowarh hnzie much guys bloxy_bee02 🌷 💐 🌼 🌻 🎉 💙 🌼 💐 🙈 🤪 ✌ ✌ 🤪,panagbenga festival roblox grow a garden edit growagarden festival growagardenroblox foryoupage robloxedit rxhanieadits bloxy_bee members lhayt lhy bxnny nowarh hnzie thankyou so much guys,"['🌷', '💐', '🌼', '🌻', '🎉', '💙', '🌼', '💐', '🙈', '🤪', '✌', '✌', '🤪']","['HASHTAG_growagarden', 'HASHTAG_festival', 'HASHTAG_growagardenroblox', 'HASHTAG_foryoupage', 'HASHTAG_robloxedit', 'HASHTAG_rxhaniea3dits', 'HASHTAG_bloxy_bee02']",https://www.tiktok.com/@bloxy_bee02/video/7513405055622483208,2025-06-08T02:49:00+00:00,93
TI-b4faa2c661,Performer Spotlight! A beautiful igorota of Uggayam Cultural Dancers during Panagbenga Grand Floral Float Parade 2026 #panagbengafestival2026 #baguiocity,performer beautiful igorota uggayam cultural dancers grand_floral float_rade baguiocity,performer spotlight a beautiful igorota of uggayam cultural dancers during panagbenga grand floral float parade panagbengafestival baguiocity,[],"['HASHTAG_panagbengafestival2026', 'HASHTAG_baguiocity']",https://www.tiktok.com/@jc.baguio14/video/7625277410262404372,2026-04-05T14:10:54+00:00,16
TI-d201919f62,"Today, February 1, 2026, is the official first day of Panagbenga 2026. I hope everyone will enjoy the events this year ☺☺ CTTO: Baguio PIO ☺

#panagbenga2026 #baguioflowerfestival #BaguioTourism #coldweather   #fyppppppppppppppppppppppp",today february official first day everyone enjoy events year baguio pio baguioflowerfestival baguiotourism coldweather fyppp panagbenga2026 ☺ ☺ ☺,today february is the official first day of panagbenga i hope everyone will enjoy the events this year ctto baguio pio panagbenga baguioflowerfestival baguiotourism coldweather fyppp,"['☺', '☺', '☺']","['HASHTAG_panagbenga2026', 'HASHTAG_baguioflowerfestival', 'HASHTAG_baguiotourism', 'HASHTAG_coldweather', 'HASHTAG_fyppppppppppppppppppppppp']",https://www.tiktok.com/@zrjdigicraftycliq4/video/7601770390683225365,2026-02-01T05:51:42+00:00,162
TI-f44365bc86,Aubrey Caraan surprised Lance Carr in the middle of his song performance at Panagbenga Festival in Baguio😍💙 #fyp #LanceBrey #Baguio #AubreyCaraan #LanceCarr,aubrey cara lance carr middle song performance festival_baguio fyp lancebrey baguio aubreycara lancecarr 😍 💙,aubrey caraan surprised lance carr in the middle of his song performance at panagbenga festival in baguio fyp lancebrey baguio aubreycaraan lancecarr,"['😍', '💙']","['HASHTAG_fyp', 'HASHTAG_lancebrey', 'HASHTAG_baguio', 'HASHTAG_aubreycaraan', 'HASHTAG_lancecarr']",https://www.tiktok.com/@aotd_4ever/video/7613380986465799431,2026-03-04T12:46:44+00:00,1036
TI-d8a4ec0220,Reply to @antonjr24 PANAGBENGA FESTIVAL HIGHLIGHTS #festival #baguio #2019 #tiktokph #thefaceoftheindustry #byahengred #trending #viral #foryou,reply festival highlights festival_baguio tiktokph thefaceoftheindustry trendi viral foryou baguio 2019 byahengred,reply to panagbenga festival highlights festival baguio tiktokph thefaceoftheindustry byahengred trending viral foryou,[],"['HASHTAG_festival', 'HASHTAG_baguio', 'HASHTAG_2019', 'HASHTAG_tiktokph', 'HASHTAG_thefaceoftheindustry', 'HASHTAG_byahengred', 'HASHTAG_trending', 'HASHTAG_viral', 'HASHTAG_foryou']",https://www.tiktok.com/@maestrang.bisaya/video/6993098509062868250,2021-08-05T23:53:49+00:00,84
TI-f8c4c1b111,"Panagbenga festival 
#panagbenga #IgorotBoys #wheninbaguio #fypviral #takido",festival wheninbaguio fypviral takido igorotboys,panagbenga festival panagbenga igorotboys wheninbaguio fypviral takido,[],"['HASHTAG_igorotboys', 'HASHTAG_wheninbaguio', 'HASHTAG_fypviral', 'HASHTAG_takido']",https://www.tiktok.com/@takido/video/7603798330455461140,2026-02-06T17:01:06+00:00,119
TI-61902486dd,"session road in bloom | panagbenga 2026

#panagbenga2026 #baguiocity #sessionroadbaguiocity",session_road bloom baguiocity panagbenga2026,session road in bloom panagbenga panagbenga baguiocity sessionroadbaguiocity,[],"['HASHTAG_panagbenga2026', 'HASHTAG_baguiocity', 'HASHTAG_sessionroadbaguiocity']",https://www.tiktok.com/@razdiaryy/video/7614139694812646676,2026-03-06T13:50:53+00:00,37
TI-dbdf1acbf7,happy panagbenga!!             #creatorsearchinsights #panagbenga2026 #panagbenga #cowboyhat #cowboy,happy panagbenga2026 cowboyhat cowboy,happy panagbenga creatorsearchinsights panagbenga panagbenga cowboyhat cowboy,[],"['HASHTAG_creatorsearchinsights', 'HASHTAG_panagbenga2026', 'HASHTAG_cowboyhat', 'HASHTAG_cowboy']",https://www.tiktok.com/@arkroldanpasiliaonadong/video/7613043381261978900,2026-03-03T14:56:40+00:00,25
TI-4f1d52cf54,"""30 Petals of Pride: Panagbenga 2026 – Where Baguio's Roots Bloom into Tomorrow!"" Each petal represents a year of the Baguio Flower Festival, unfolding a story as rich and colorful as the blooms that adorn the City of Pines. For three decades, Panagbenga has risen from the ground like a resilient flower – rooted in the strength of the Cordillera people who rebuilt their home after the 1990 earthquake, and nourished by centuries-old indigenous traditions, vibrant folk arts, and warm community bonds. These ""30 Petals of Pride"" celebrate every milestone: from the first small street parades to becoming a globally recognized event that draws visitors from across the world, honoring the farmers who tend to Baguio's famed flowers, the artisans who craft intricate costumes and floats, and every local who carries the festival's spirit in their heart. As each petal opens to the sun, it points forward – symbolizing how Baguio's deep cultural roots are the foundation for a bright future, weaving age-old practices with modern creativity, showcasing sustainable floral designs, innovative performances, and initiatives that ensure the Cordillera's heritage thrives for generations to come, where the past is not just remembered – it blossoms into what lies ahead. #Highlandtravelers",petals baguio roots bloom tomorrow year baguio_flower festival unfoldi story rich colorful city pines decades ground resilient flower cordillera people home earthquake nourished centuries old digenous traditions folk arts community bonds celebrate milestone small street rades event draws visitors world honori farmers artisans tricate costumes local spirit heart sun points deep cultural foundation future weavi age practices modern creativity showcasi sustainable floral designs novative performances heritage generations blossoms highlandtravelers,petals of pride panagbenga where baguio s roots bloom into tomorrow each petal represents a year of the baguio flower festival unfolding a story as rich and colorful as the blooms that adorn the city of pines for three decades panagbenga has risen from the ground like a resilient flower rooted in the strength of the cordillera people who rebuilt their home after the earthquake and nourished by centuries old indigenous traditions vibrant folk arts and warm community bonds these petals of pride celebrate every milestone from the first small street parades to becoming a globally recognized event that draws visitors from across the world honoring the farmers who tend to baguio s famed flowers the artisans who craft intricate costumes and floats and every local who carries the festival s spirit in their heart as each petal opens to the sun it points forward symbolizing how baguio s deep cultural roots are the foundation for a bright future weaving age old practices with modern creativity showcasing sustainable floral designs innovative performances and initiatives that ensure the cordillera s heritage thrives for generations to come where the past is not just remembered it blossoms into what lies ahead highlandtravelers,[],['HASHTAG_highlandtravelers'],https://www.tiktok.com/@highlandtravelers/video/7612192192592956690,2026-03-01T07:53:35+00:00,50
TI-e96e43582d,"Panagbenga Festival 2026

Pa Tapos Na Parade Ang Dami Parin Naka Abang Para Masilayan Sila ❤️ 

#IgorotBoys #panagbengafestival2026 #FloatParade #fypviral #takido",festival tapos rade dami rin naka abang masilay floatparade fypviral takido igorotboys ❤,panagbenga festival pa tapos na parade ang dami parin naka abang para masilayan sila igorotboys panagbengafestival floatparade fypviral takido,['❤'],"['HASHTAG_igorotboys', 'HASHTAG_panagbengafestival2026', 'HASHTAG_floatparade', 'HASHTAG_fypviral', 'HASHTAG_takido']",https://www.tiktok.com/@takido/video/7614068980524911893,2026-03-06T09:16:33+00:00,75
TI-beae791d8a,Oh ayan with Panagbenga Hymn yan sya 🌻 #fyp  #jesdantaraki  #panagbenga,ayan hymn sya fyp jesdantaraki 🌻,oh ayan with panagbenga hymn yan sya fyp jesdantaraki panagbenga,['🌻'],"['HASHTAG_fyp', 'HASHTAG_jesdantaraki']",https://www.tiktok.com/@jesdan_uly/video/7606145427217419527,2026-02-13T00:49:01+00:00,660
TI-e5cfe6eef0,My current fave band🫶🏻🌸 PMA MARCHING BAND'S performance during the Panagbenga Festival 2026: Grand Floral Float Parade #panagbenga #panagbengafestival #panagbenga2026 #fypシ゚viral #fypシ゚,current fave band pma marchi performance festival_grand floral_float rade panagbenga2026 🫶 🏻 🌸,my current fave band pma marching band s performance during the panagbenga festival grand floral float parade panagbenga panagbengafestival panagbenga fypシ viral fypシ,"['🫶', '🏻', '🌸']","['HASHTAG_panagbenga2026', 'HASHTAG_fypシ', 'HASHTAG_fypシ']",https://www.tiktok.com/@gelineadajar/video/7612244985399889170,2026-03-01T11:18:24+00:00,45
TI-cbf093f5a0,Panagbenga Festival Performance Task in MAPEH 9 #fypシ゚viral #fyp #foryoupageofficiall #trending,festival performance task mapeh fyp foryoupageofficiall trendi,panagbenga festival performance task in mapeh fypシ viral fyp foryoupageofficiall trending,[],"['HASHTAG_fypシ', 'HASHTAG_fyp', 'HASHTAG_foryoupageofficiall', 'HASHTAG_trending']",https://www.tiktok.com/@haroldpedrosa/video/7342309665851723014,2024-03-04T01:11:31+00:00,16700
TI-d38b3e5c9a,Sakusak Musical Ensemble of Pinsao Elementary School #baguio #panagbenga #traditionaldance,sakusak musical ensemble pinsao elementary school baguio traditionaldance,sakusak musical ensemble of pinsao elementary school baguio panagbenga traditionaldance,[],"['HASHTAG_baguio', 'HASHTAG_traditionaldance']",https://www.tiktok.com/@wen.ngarud7/video/7618369267976654088,2026-03-17T23:23:47+00:00,26
TI-25d6501188,"Experience Panagbenga with the speed of 5G @Globe Telecom 📶🌸

Join the 5G Dance Challenge and bring the Panagbenga 
energy around Baguio ⚡️

#GlobePanagbenga2026
#GlobePanagbenga5GMissions 
#GoForwardTogether
#5GEnergyTok 
#Globe5GEnergy",experience speed telecom join dance challenge energy baguio globepanagbenga genergytok globegenergy goforwardtogether 📶 🌸 ⚡,experience panagbenga with the speed of g telecom join the g dance challenge and bring the panagbenga energy around baguio globepanagbenga globepanagbengagmissions goforwardtogether genergytok globegenergy,"['📶', '🌸', '⚡']","['HASHTAG_globepanagbenga2026', 'HASHTAG_globepanagbenga5gmissions', 'HASHTAG_goforwardtogether', 'HASHTAG_5genergytok', 'HASHTAG_globe5genergy']",https://www.tiktok.com/@caleblozares/video/7612617606037556487,2026-03-02T11:24:25+00:00,4207
TI-f5a0785d98,Nauna na kami mag parade guys🤣🤣🤣#foryou #panagbenga #baguiocity,rade guys baguiocity foryou 🤣 🤣 🤣,nauna na kami mag parade guys foryou panagbenga baguiocity,"['🤣', '🤣', '🤣']","['HASHTAG_foryou', 'HASHTAG_baguiocity']",https://www.tiktok.com/@brentsorian_027/video/7611584523163274503,2026-02-27T16:35:32+00:00,4485
TI-8620697529,@James Reid at Baguio Panagbenga Festival with Mountain Dew Ph 💚 #jamesreid #panagbenga #panagbengafestival #baguio #baguiocity,reid baguio_festival mounta dew jamesreid baguio_baguiocity baguio baguiocity 💚,reid at baguio panagbenga festival with mountain dew ph jamesreid panagbenga panagbengafestival baguio baguiocity,['💚'],"['HASHTAG_jamesreid', 'HASHTAG_baguio', 'HASHTAG_baguiocity']",https://www.tiktok.com/@antoniailaria14/video/7612986424119463191,2026-03-03T11:15:38+00:00,2271
TI-05b45d212e,Panagbenga Festival of BSAIS-1B A.Y. 2021-2022. This video is taken few months ago. #foryoupage #fyp #foryou #panagbenga #festival,festival bsais video fyp_foryou foryoupage fyp foryou,panagbenga festival of bsais b a y this video is taken few months ago foryoupage fyp foryou panagbenga festival,[],"['HASHTAG_foryoupage', 'HASHTAG_fyp', 'HASHTAG_foryou', 'HASHTAG_festival']",https://www.tiktok.com/@javalencia02/video/7161400813179522331,2022-11-02T12:52:47+00:00,44
TI-82c67c858b,"Some scenes from the opening parade of the Panagbenga Flower Festival in Baguio City which was held last Sunday, February 1. Several street dancing groups and cultural performing groups participated in the event. 

#panagbenga #panagbengafestival #baguio #baguiocity #streetdancing",scenes flower_festival baguio_city last sunday february several street_danci groups cultural performi event baguio_baguiocity baguio,some scenes from the opening parade of the panagbenga flower festival in baguio city which was held last sunday february several street dancing groups and cultural performing groups participated in the event panagbenga panagbengafestival baguio baguiocity streetdancing,[],"['HASHTAG_baguio', 'HASHTAG_baguiocity', 'HASHTAG_streetdancing']",https://www.tiktok.com/@danieltedart/video/7602090445350456596,2026-02-02T02:33:42+00:00,38
TI-64b5da85ee,Uggayam Cultural Dancers #baguio #panagbenga #parade,uggayam cultural dancers rade baguio parade,uggayam cultural dancers baguio panagbenga parade,[],"['HASHTAG_baguio', 'HASHTAG_parade']",https://www.tiktok.com/@wen.ngarud7/video/7618152524947803399,2026-03-17T09:22:46+00:00,33
TI-8b8c77433a,Panagbenga Festival 2026 🌸🌺🌻 #panagbenga #baguio #festival #fyp,festival_baguio festival_fyp baguio festival fyp 🌸 🌺 🌻,panagbenga festival panagbenga baguio festival fyp,"['🌸', '🌺', '🌻']","['HASHTAG_baguio', 'HASHTAG_festival', 'HASHTAG_fyp']",https://www.tiktok.com/@gvrr_mrvn/video/7612438428340194568,2026-03-01T23:49:07+00:00,54
TI-5ad63b4635,Days before our performance— had to post this ‘cuz I still get goosebumps watching it. (Walang magmo-move on)😭🤍 #Panagbenga2026 #Champion #TinungboFestival #TribuSiglat #fyp,days performance post cuz goosebumps magmo champion tinungbofestival tribusiglat fyp panagbenga2026 😭 🤍,days before our performance had to post this cuz i still get goosebumps watching it walang magmo move on panagbenga champion tinungbofestival tribusiglat fyp,"['😭', '🤍']","['HASHTAG_panagbenga2026', 'HASHTAG_champion', 'HASHTAG_tinungbofestival', 'HASHTAG_tribusiglat', 'HASHTAG_fyp']",https://www.tiktok.com/@njsvb/video/7615223712849202453,2026-03-09T11:57:26+00:00,153300
TI-82f354b211,#panagbengafestival #cordillera,cordillera,panagbengafestival cordillera,[],['HASHTAG_cordillera'],https://www.tiktok.com/@cyrus_pakak/video/7340635219185257734,2024-02-28T12:53:47+00:00,240
TI-bda50cba5c,🄿🄰🄽🄰🄶🄱🄴🄽🄶🄰 2023 | Street Dancing #panagbenga #baguiocity #baguio #benguet #philippines #panagbengafestiva2023 #igorot #sessionroad #motobex #streetdancing #bongabon #nuevaecija #sibuyasfestival,street_danci baguiocity_baguio benguet philippines igorot sessionroad motobex bongabon nuevaecija sibuyasfestival baguiocity baguio,street dancing panagbenga baguiocity baguio benguet philippines panagbengafestiva igorot sessionroad motobex streetdancing bongabon nuevaecija sibuyasfestival,[],"['HASHTAG_baguiocity', 'HASHTAG_baguio', 'HASHTAG_benguet', 'HASHTAG_philippines', 'HASHTAG_panagbengafestiva2023', 'HASHTAG_igorot', 'HASHTAG_sessionroad', 'HASHTAG_motobex', 'HASHTAG_streetdancing', 'HASHTAG_bongabon', 'HASHTAG_nuevaecija', 'HASHTAG_sibuyasfestival']",https://www.tiktok.com/@1motobex/video/7204079820454513947,2023-02-25T13:09:06+00:00,1345
TI-3b6108cb9f,"Good luck nalang mataleons😃
#foryoupage #fypシ゚viral #grade7 #panagbenga   #festival",good luck nala mataleons grade festival foryoupage 😃,good luck nalang mataleons foryoupage fypシ viral grade panagbenga festival,['😃'],"['HASHTAG_foryoupage', 'HASHTAG_fypシ', 'HASHTAG_grade7', 'HASHTAG_festival']",https://www.tiktok.com/@g7mataleons/video/7616479099124534546,2026-03-12T21:09:03+00:00,85
TI-784f987fc9,"Panagbenga memories with them ♥️
#family #happymoments #joyfultimes #creatorsearchinsights",memories family happymoments joyfultimes ♥,panagbenga memories with them family happymoments joyfultimes creatorsearchinsights,['♥'],"['HASHTAG_family', 'HASHTAG_happymoments', 'HASHTAG_joyfultimes', 'HASHTAG_creatorsearchinsights']",https://www.tiktok.com/@senoritamaria_01/video/7615229064252574983,2026-03-09T12:18:09+00:00,5
TI-e083806762,"This cafe is literally where the Panagbenga parade starts 🌸 If you want a calm spot + good view, save this now. 

More parade cafes coming soon 👀

#BaguioCafe
#SessionRoad
#Panagbenga2026
#BaguioGuide
#BaguioTips",cafe calm spot good view comi baguiocafe sessionroad baguiotips panagbenga2026 baguioguide 🌸 👀,this cafe is literally where the panagbenga parade starts if you want a calm spot good view save this now more parade cafes coming soon baguiocafe sessionroad panagbenga baguioguide baguiotips,"['🌸', '👀']","['HASHTAG_baguiocafe', 'HASHTAG_sessionroad', 'HASHTAG_panagbenga2026', 'HASHTAG_baguioguide', 'HASHTAG_baguiotips']",https://www.tiktok.com/@hustinaguide/video/7598510378586295572,2026-01-23T11:01:13+00:00,900
TI-af47edb047,"The official music of Panagbenga, commonly known as the Panagbenga Hymn, emerged during the festival’s early years in the mid-1990s, when organizers sought a unifying piece that would capture Baguio’s recovery, resilience, and renewed spirit after the 1990 earthquake. The hymn was composed by the late Dean Macario “Mac” Fronda Jr. of the Saint Louis University (SLU) Band. 

Drawing from Baguio’s cultural pride and close ties to nature, the hymn was written with a celebratory yet solemn tone suited for parades and mass performances. Through the years, while arrangements have been adapted for different ensembles and generations, the original composition remains intact. Today, the Panagbenga official music continues to be a defining sound of the festival—symbolizing unity, gratitude, and the enduring spirit of Baguio every blooming season.

#panagbenga2026 #baguioflowerfestival #slumarchingband",official music hymn festival early years mid organizers unifyi piece baguio recovery resilience spirit earthquake late dean macario mac fronda saint louis university slu band drawi cultural pride close ties celebratory solemn tone rades mass performances different ensembles generations original composition tact today sound symbolizi unity enduri bloomi season baguioflowerfestival slumarchingband panagbenga2026,the official music of panagbenga commonly known as the panagbenga hymn emerged during the festival s early years in the mid s when organizers sought a unifying piece that would capture baguio s recovery resilience and renewed spirit after the earthquake the hymn was composed by the late dean macario mac fronda jr of the saint louis university slu band drawing from baguio s cultural pride and close ties to nature the hymn was written with a celebratory yet solemn tone suited for parades and mass performances through the years while arrangements have been adapted for different ensembles and generations the original composition remains intact today the panagbenga official music continues to be a defining sound of the festival symbolizing unity gratitude and the enduring spirit of baguio every blooming season panagbenga baguioflowerfestival slumarchingband,[],"['HASHTAG_panagbenga2026', 'HASHTAG_baguioflowerfestival', 'HASHTAG_slumarchingband']",https://www.tiktok.com/@baguio.buzz/video/7601811543008808213,2026-02-01T08:31:21+00:00,678
TI-ac2ccca531,Best in Panagbenga Gown of Little Miss Panagbenga 2026 #Baguio #Panagbenga2026 #littlemisspanagbenga2026,best gown little miss baguio littlemisspanagbenga panagbenga2026,best in panagbenga gown of little miss panagbenga baguio panagbenga littlemisspanagbenga,[],"['HASHTAG_baguio', 'HASHTAG_panagbenga2026', 'HASHTAG_littlemisspanagbenga2026']",https://www.tiktok.com/@wen.ngarud7/video/7616738414188186887,2026-03-13T13:55:15+00:00,10
TI-adcc014da7,Top version #festival #festivaldance #panagbenga #fypシ,top version festival festivaldance,top version festival festivaldance panagbenga fypシ,[],"['HASHTAG_festival', 'HASHTAG_festivaldance', 'HASHTAG_fypシ']",https://www.tiktok.com/@9diamownd/video/7600569342639475985,2026-01-29T00:11:57+00:00,124
TI-2fd10287fe,#panagbenga2024,,panagbenga,[],[],https://www.tiktok.com/@jojiiieeee/video/7339530679266495749,2024-02-25T13:27:35+00:00,2614
TI-bfa32a552d,"And the crowd goes wild for SEXBOMB!

Puno ng hiyawan at palakpakan ang Melvin Jones Grandstand sa pagpasok nina #Sexbomb members Weng, Monic at Rochelle sa PANAGBENGA FESTIVAL 2026!

#BPxPanagbenga2026 #PanagbengaBP2026
#BPBloomTiSaya #BPGetGetAwwInBaguio",crowd wild sexbomb hiyaw lakpak melv_jones sok members monic rochelle festival bpxpanagbenga bengabp bpbloomtisaya bpgetgetawwinbaguio panagbengabp2026,and the crowd goes wild for sexbomb puno ng hiyawan at palakpakan ang melvin jones grandstand sa pagpasok nina sexbomb members weng monic at rochelle sa panagbenga festival bpxpanagbenga panagbengabp bpbloomtisaya bpgetgetawwinbaguio,[],"['HASHTAG_sexbomb', 'HASHTAG_bpxpanagbenga2026', 'HASHTAG_panagbengabp2026', 'HASHTAG_bpbloomtisaya', 'HASHTAG_bpgetgetawwinbaguio']",https://www.tiktok.com/@maniaph/video/7611943778936589588,2026-02-28T15:49:37+00:00,2246
TI-e2af2b984a,Panagbenga hymn 💗 #panagbenga #foryou #fyp #slu,hymn foryou slu fyp 💗,panagbenga hymn panagbenga foryou fyp slu,['💗'],"['HASHTAG_foryou', 'HASHTAG_fyp', 'HASHTAG_slu']",https://www.tiktok.com/@blssjdlc/video/7474447674998082823,2025-02-23T03:14:30+00:00,31700
TI-76a72fbef4,"#Panagbenga2026 | Floral Float Parade

#Baguio #FloatParade #Panagbenga #ibadoya",floral_float rade_baguio ibadoya panagbenga2026 baguio floatparade,panagbenga floral float parade baguio floatparade panagbenga ibadoya,[],"['HASHTAG_panagbenga2026', 'HASHTAG_baguio', 'HASHTAG_floatparade', 'HASHTAG_ibadoya']",https://www.tiktok.com/@ibadoyagetaways/video/7612123408448490773,2026-03-01T03:26:44+00:00,27500
TI-63a20d3ae1,Its Cultural dance from the community of Cordillera Province of the tourist spot in Philippines. They participate i Cordilleea festival and also in Panabengga Gong festival in Bagiuo City..❤️❤️❤️#tiktokphilippines🇵🇭 #canadatikto🇨🇦🇨🇦🇨🇦😘👈 #cordillerandance #indonesiathailand🇮🇩🇹🇭,cultural_dance community cordillera province tourist spot philippines festival gong bagiuo city tiktokphilippines cordillerandance donesiathailand canadatikto ❤ ❤ ❤ 😘 👈,its cultural dance from the community of cordillera province of the tourist spot in philippines they participate i cordilleea festival and also in panabengga gong festival in bagiuo city tiktokphilippines canadatikto cordillerandance indonesiathailand,"['❤', '❤', '❤', '😘', '👈']","['HASHTAG_tiktokphilippines', 'HASHTAG_canadatikto', 'HASHTAG_cordillerandance', 'HASHTAG_indonesiathailand']",https://www.tiktok.com/@allen39672/video/7590813941069057301,2026-01-02T17:15:03+00:00,214
TI-abfc385cdb,"Panagbenga Festival 2026

#Panagbenga2026 | Floral Float Parade
#panagbengafestival2026 
#Baguio #FloatParade #Panagbenga",festival floral_float rade_baguio floatparade panagbenga2026 baguio,panagbenga festival panagbenga floral float parade panagbengafestival baguio floatparade panagbenga,[],"['HASHTAG_panagbenga2026', 'HASHTAG_panagbengafestival2026', 'HASHTAG_baguio', 'HASHTAG_floatparade']",https://www.tiktok.com/@takido/video/7612303218781179156,2026-03-01T15:04:28+00:00,3833
TI-b3ae4a2683,Panagbenga festival of Baguio inspired gigantic costume. #fyp #fypシ #pageant #pageantry #pageantryphilippines #transpageantry #longgown #gownsforrent #gowns4rent #costumesforrent #costumes4rent #bestinlonggown #forrent #altacouture #altacouturebyjpdr,festival_baguio gigantic costume eant eantry eantryphilippines longgown gownsforrent costumesforrent bestinlonggown forrent altacouture altacouturebyjpdr fyp pageant transpageantry gowns4rent,panagbenga festival of baguio inspired gigantic costume fyp fypシ pageant pageantry pageantryphilippines transpageantry longgown gownsforrent gownsrent costumesforrent costumesrent bestinlonggown forrent altacouture altacouturebyjpdr,[],"['HASHTAG_fyp', 'HASHTAG_fypシ', 'HASHTAG_pageant', 'HASHTAG_pageantry', 'HASHTAG_pageantryphilippines', 'HASHTAG_transpageantry', 'HASHTAG_longgown', 'HASHTAG_gownsforrent', 'HASHTAG_gowns4rent', 'HASHTAG_costumesforrent', 'HASHTAG_costumes4rent', 'HASHTAG_bestinlonggown', 'HASHTAG_forrent', 'HASHTAG_altacouture', 'HASHTAG_altacouturebyjpdr']",https://www.tiktok.com/@altacouturebyjpdr/video/7338826605197937925,2024-02-23T15:55:25+00:00,436
TI-19d423f5bc,"🫶
#panagbenga #streetdancecompetition #panagbenga2025 #panagbengafestival #philippines #ctto",philippines ctto panagbenga2025 🫶,panagbenga streetdancecompetition panagbenga panagbengafestival philippines ctto,['🫶'],"['HASHTAG_streetdancecompetition', 'HASHTAG_panagbenga2025', 'HASHTAG_philippines', 'HASHTAG_ctto']",https://www.tiktok.com/@itsmegeroooome/video/7474748575868603666,2025-02-23T22:42:18+00:00,119
TI-3a560c4e38,"NICE MOVES!🥰 PANAGBENGA HUNKS!🥰 DURING PANAGBENGA FESTIVAL 2026!🔥💪🌲

#PageantManila #PanagbengaHunks #Trending #CityOfBaguio #SaBaguio",nice moves hunks festival eantmanila bengahunks cityofbaguio sabaguio panagbengahunks trending 🥰 🥰 🔥 💪 🌲,nice moves panagbenga hunks during panagbenga festival pageantmanila panagbengahunks trending cityofbaguio sabaguio,"['🥰', '🥰', '🔥', '💪', '🌲']","['HASHTAG_pageantmanila', 'HASHTAG_panagbengahunks', 'HASHTAG_trending', 'HASHTAG_cityofbaguio', 'HASHTAG_sabaguio']",https://www.tiktok.com/@pageantmanila/video/7613791807851285780,2026-03-05T15:20:58+00:00,692
TI-28fc18011a,#Panagbenga2026 #panagbengahunks #Baguio #panagbengafloatparade2026 #igorot,bengahunks bengafloatparade igorot panagbenga2026 panagbengahunks baguio,panagbenga panagbengahunks baguio panagbengafloatparade igorot,[],"['HASHTAG_panagbenga2026', 'HASHTAG_panagbengahunks', 'HASHTAG_baguio', 'HASHTAG_panagbengafloatparade2026', 'HASHTAG_igorot']",https://www.tiktok.com/@markeegaviola/video/7612605691643137300,2026-03-02T10:38:11+00:00,104
TI-d7f1c670bd,I will miss you Panagbenga “we can be together but never forever” 😭😭#schoollife #memories #fyp,schoollife memories fyp 😭 😭,i will miss you panagbenga we can be together but never forever schoollife memories fyp,"['😭', '😭']","['HASHTAG_schoollife', 'HASHTAG_memories', 'HASHTAG_fyp']",https://www.tiktok.com/@4_panagbenga/video/7628138313928412424,2026-04-13T07:12:40+00:00,23
TI-8e8fd25956,"#ElTribuDiLucban 
#BaguioCity
#panagbenga",eltribudilucb baguiocity,eltribudilucban baguiocity panagbenga,[],"['HASHTAG_eltribudilucban', 'HASHTAG_baguiocity']",https://www.tiktok.com/@ry.d.apprentice/video/7631829558420835605,2026-04-23T05:56:37+00:00,23
TI-b60d875465,"Best surprise and an unforgettable perfomance😆
Had the most amazing time in Baguio with the most amazing person🤍@Aubrey Caraan 
#BPxPanagbenga2026
#PanagbengaBP2026",best surprise unforgettable perfomance amazi time baguio person cara bpxpanagbenga bengabp panagbengabp2026 😆 🤍,best surprise and an unforgettable perfomance had the most amazing time in baguio with the most amazing person caraan bpxpanagbenga panagbengabp,"['😆', '🤍']","['HASHTAG_bpxpanagbenga2026', 'HASHTAG_panagbengabp2026']",https://www.tiktok.com/@imlancejustincarr/video/7618739517595372808,2026-03-18T23:20:35+00:00,12000
TI-95a54db754,"GRABE! VERY ACCOMODATING NG MGA IGOROT HOTTIES SA MGA TURISTA!🥰 PANAGBENGA FESTIVAL 2026!🔥💪

#PageantManila #SaBaguio #Panagbenga2026 #BloomingWithoutEnd #BaguioCity",accomodati igorot hotties festival eantmanila sabaguio baguiocity panagbenga2026 bloomingwithoutend 🥰 🔥 💪,grabe very accomodating ng mga igorot hotties sa mga turista panagbenga festival pageantmanila sabaguio panagbenga bloomingwithoutend baguiocity,"['🥰', '🔥', '💪']","['HASHTAG_pageantmanila', 'HASHTAG_sabaguio', 'HASHTAG_panagbenga2026', 'HASHTAG_bloomingwithoutend', 'HASHTAG_baguiocity']",https://www.tiktok.com/@pageantmanila/video/7611806884164685077,2026-02-28T06:58:29+00:00,25800
TI-6e71ffc6c3,"Ipagpatawad by Bugoy na koykoy
#Baguio #panagbenga #bingoplusph #bryanchong",tawad bugoy koy baguio bingoplusph bryancho,ipagpatawad by bugoy na koykoy baguio panagbenga bingoplusph bryanchong,[],"['HASHTAG_baguio', 'HASHTAG_bingoplusph', 'HASHTAG_bryanchong']",https://www.tiktok.com/@lifeofpee28/video/7613806121282866453,2026-03-05T16:16:28+00:00,153
TI-b50bcf87a6,#michaelsager #michaelsagerpbb ##panagbenga,michaelsager,michaelsager michaelsagerpbb panagbenga,[],"['HASHTAG_michaelsager', 'HASHTAG_michaelsagerpbb']",https://www.tiktok.com/@topdrawerfinds/video/7612415792096840961,2026-03-01T22:22:26+00:00,68
TI-dbf1ed63ec,Some videos of @James Reid at Baguio Panagbenga Festival with Mountain Dew Ph 💚 #jamesreid #panagbenga #panagbengafestival #baguio #baguiocity,videos baguio_festival mounta dew jamesreid baguio_baguiocity baguio baguiocity 💚,some videos of reid at baguio panagbenga festival with mountain dew ph jamesreid panagbenga panagbengafestival baguio baguiocity,['💚'],"['HASHTAG_jamesreid', 'HASHTAG_baguio', 'HASHTAG_baguiocity']",https://www.tiktok.com/@antoniailaria14/video/7613531240590773506,2026-03-04T22:29:47+00:00,28
TI-765717dc28,"Tribute to Cordillera / Panagbenga Festival Hymn composed bv Mr. Macario """"Mac"" Fronda (1989) The melody captures the terrain of the mountains, smooth valleys, blowing winds, and grandeur of the region's nature.

👤 Saint Louis University
🗓 2026 Panagbenga Festival Grand Floral Float Parade
📍 Baguio City, Philippines 🇵🇭

30th Panagbenga-Baguio Flower Festival
""Blooming Without End""
🌻🌹🌸🌷🏵

#Panagbenga2026 #BaguioFlowerFestival #PanagbengaFestival #tawidtiigorotph #creatorsearchinsights",tribute cordillera festival hymn macario mac fronda melody terra mountains smooth valleys winds grandeur region nature saint louis university festival_grand floral_float rade_baguio city philippines flower_festival bloomi end baguioflowerfestival tawidtiigorotph panagbenga2026 👤 🗓 📍 🌻 🌹 🌸 🌷 🏵,tribute to cordillera panagbenga festival hymn composed bv mr macario mac fronda the melody captures the terrain of the mountains smooth valleys blowing winds and grandeur of the region s nature saint louis university panagbenga festival grand floral float parade baguio city philippines th panagbenga baguio flower festival blooming without end panagbenga baguioflowerfestival panagbengafestival tawidtiigorotph creatorsearchinsights,"['👤', '🗓', '📍', '🌻', '🌹', '🌸', '🌷', '🏵']","['HASHTAG_panagbenga2026', 'HASHTAG_baguioflowerfestival', 'HASHTAG_tawidtiigorotph', 'HASHTAG_creatorsearchinsights']",https://www.tiktok.com/@aranya01522/video/7615958296301718792,2026-03-11T11:27:57+00:00,21
TI-b590b9a4d2,"After the competition, many of us were in tears—not from losing, but from excruciating pain. During our performance, the synthetic grass beneath us had scorched under the blazing sun. It felt soft and safe at first, but as we danced, it burned the soles of our feet.

We pushed through the agony to finish, but our movements grew sloppy as blisters formed and every step seared. From our experience, the real problem was not our performance, but the unsafe condition of the dancing area.

#fyppppppppppppppppppppppp #makeitvirаl #fypシ゚viral #fypシ゚ #pinagbengga",competition many tears excruciati pain performance synthetic grass beneath blazi sun soft safe soles feet agony finish movements blisters step experience real problem unsafe condition danci area fyppp pinagbengga,after the competition many of us were in tears not from losing but from excruciating pain during our performance the synthetic grass beneath us had scorched under the blazing sun it felt soft and safe at first but as we danced it burned the soles of our feet we pushed through the agony to finish but our movements grew sloppy as blisters formed and every step seared from our experience the real problem was not our performance but the unsafe condition of the dancing area fyppp makeitvirаl fypシ viral fypシ pinagbengga,[],"['HASHTAG_fyppppppppppppppppppppppp', 'HASHTAG_makeitvirаl', 'HASHTAG_fypシ', 'HASHTAG_fypシ', 'HASHTAG_pinagbengga']",https://www.tiktok.com/@defnot_kate17/video/7612600342848539924,2026-03-02T10:17:27+00:00,156
TI-dfdd104c11,"A little escape from our Manila life, this really made me miss Baguio’s cozy weather 🤗  we also went here during my baby’s 8th month old celeb, plus its her first panagbenga fest!! Thanks to my husband for this wonderful and unforgettable solo family trip ❤️

#Baguio #Familytrip #babytok #panagbenga",little escape manila life miss baguio cozy weather baby month old celeb first fest wonderful unforgettable solo family trip familytrip babytok 🤗 ❤,a little escape from our manila life this really made me miss baguio s cozy weather we also went here during my baby s th month old celeb plus its her first panagbenga fest thanks to my husband for this wonderful and unforgettable solo family trip baguio familytrip babytok panagbenga,"['🤗', '❤']","['HASHTAG_baguio', 'HASHTAG_familytrip', 'HASHTAG_babytok']",https://www.tiktok.com/@ashiko.143/video/7620060608288787719,2026-03-22T12:47:00+00:00,5
TI-55cd0cddea,"Planning for Panagbenga 2026? 🌸✨ Read this before you head up the zigzag road! 🏔️

Having a home base that actually feels like home makes all the difference during festival season. 🏠☕

Check the link in our bio for available Feb-Mar dates! 📌

#MiradorHomes #Baguio #Panagbenga #TravelPH #staycation",planni head road home base difference festival season check link bio available feb mar dates miradorhomes travelph staycation baguio 🌸 ✨ 🏔 🏠 ☕ 📌,planning for panagbenga read this before you head up the zigzag road having a home base that actually feels like home makes all the difference during festival season check the link in our bio for available feb mar dates miradorhomes baguio panagbenga travelph staycation,"['🌸', '✨', '🏔', '🏠', '☕', '📌']","['HASHTAG_miradorhomes', 'HASHTAG_baguio', 'HASHTAG_travelph', 'HASHTAG_staycation']",https://www.tiktok.com/@mirador_homes/video/7597722237180939538,2026-01-21T08:02:45+00:00,51
TI-97a7a85b19,"PANABENGA FESTIVAL 2026 
#smugglaz 
#baguiocity 
#sonya6400 
#sonyphotography 
#camarografo",nabenga festival smugglaz baguiocity sonya sonyphotography camarografo sonya6400,panabenga festival smugglaz baguiocity sonya sonyphotography camarografo,[],"['HASHTAG_smugglaz', 'HASHTAG_baguiocity', 'HASHTAG_sonya6400', 'HASHTAG_sonyphotography', 'HASHTAG_camarografo']",https://www.tiktok.com/@daymnyel/video/7614125130335178004,2026-03-06T12:54:23+00:00,6514
TI-2018c5c257,"🍓🍓BAGUIO CITY TOUR with Panagbenga Festival 2025 🍓🍓

𝘼𝙧𝙖𝙬 𝙖𝙧𝙖𝙬 𝙢𝙖𝙮 𝘽𝙖𝙜𝙪𝙞𝙤 𝙏𝙤𝙪𝙧‼️

Option 1: 1499 DAYTOUR
Option 2: 2399 2D1N
Option 3: 3399 3D2N

Places to Visit:
🦁 Lion's head
🌈Colorful House
🔔Bell Church
🍓Strawberry Farm 
⛩️Mirador
🗿Lourdes Grotto
🏚️Diplomat Hotel
🏩The Mansion
🏞️Burnham Park
🌃Baguio Night Market
⛲Wright Park
🌅Mines View
🍝Good taste restaurant
🪶Tam-awan Village 
🛍️Good Shepherd
🌾Fruits and Veggies Market
🎏 Pasalubong
💐 Botanical Garden
🐼 Bamboo Sanctuary

Pick-up Points:
📍MOA
📍Greenfield
📍Centris
📍NLEX Exit

BOOK NOW! BOOK NOW!
‐--------------------------------------------
DTI REGISTERED 💯
📞 0975 532 9073
FB : Habla Ney",baguio_city tour festival option daytour places lion head colorful house bell strawberry farm mirador grotto diplomat hotel mansion burnham park baguio night market mines view good taste restaurant tam awan village shepherd fruits veggies botanical garden bamboo sanctuary pick points moa greenfield centris nlex exit book dti habla ney 🍓 🍓 🍓 🍓 ‼ 🦁 🌈 🔔 🍓 ⛩ 🗿 🏚 🏩 🏞 🌃 ⛲ 🌅 🍝 🪶 🛍 🌾 🎏 💐 🐼 📍 📍 📍 📍 💯 📞,baguio city tour with panagbenga festival 𝘼𝙧𝙖𝙬 𝙖𝙧𝙖𝙬 𝙢𝙖𝙮 𝘽𝙖𝙜𝙪𝙞𝙤 𝙏𝙤𝙪𝙧 option daytour option dn option dn places to visit lion s head colorful house bell church strawberry farm mirador lourdes grotto diplomat hotel the mansion burnham park baguio night market wright park mines view good taste restaurant tam awan village good shepherd fruits and veggies market pasalubong botanical garden bamboo sanctuary pick up points moa greenfield centris nlex exit book now book now dti registered fb habla ney,"['🍓', '🍓', '🍓', '🍓', '‼', '🦁', '🌈', '🔔', '🍓', '⛩', '🗿', '🏚', '🏩', '🏞', '🌃', '⛲', '🌅', '🍝', '🪶', '🛍', '🌾', '🎏', '💐', '🐼', '📍', '📍', '📍', '📍', '💯', '📞']",[],https://www.tiktok.com/@travelventure31/video/7466803099764657415,2025-02-02T12:49:36+00:00,7
TI-169bff3880,"Dadalhin natin ang pasabog na sayawan sa Panagbenga Festival sa Baguio City kasama sina ROCHELLE PANGILINAN! 

#RochellePangilinan 
#showsomePPLlove #pplentertainmentinc  #PPLArtists",dalh sabog sayaw festival_baguio city kasama rochelle ngilin rochellepangilin pplentertainmentinc pplartists showsomeppllove,dadalhin natin ang pasabog na sayawan sa panagbenga festival sa baguio city kasama sina rochelle pangilinan rochellepangilinan showsomeppllove pplentertainmentinc pplartists,[],"['HASHTAG_rochellepangilinan', 'HASHTAG_showsomeppllove', 'HASHTAG_pplentertainmentinc', 'HASHTAG_pplartists']",https://www.tiktok.com/@sarcasticxi/video/7609540159004019984,2026-02-22T04:23:03+00:00,68
TI-36cd3f0c47,"Here's the 2025 Panagbenga Festival Schedule of Activities in the City of Baguio with the theme, ""Blossoms beyond boundaries.""

#Panagbenga 
#PanagbengaFestival 
#Panagbenga2025
#BlossomsBeyondBoundaries
#BaguioCity 
#BCG
#fypツ #fyppppppppppppppppppppppp #fypシ゚viral🖤tiktok #baguiocity #baguiocityvibes",festival schedule activities city theme blossoms boundaries baguiocity fyppp tiktok baguiocityvibes panagbenga2025 bcg 🖤,here s the panagbenga festival schedule of activities in the city of baguio with the theme blossoms beyond boundaries panagbenga panagbengafestival panagbenga blossomsbeyondboundaries baguiocity bcg fypツ fyppp fypシ viral tiktok baguiocity baguiocityvibes,['🖤'],"['HASHTAG_panagbenga2025', 'HASHTAG_blossomsbeyondboundaries', 'HASHTAG_baguiocity', 'HASHTAG_bcg', 'HASHTAG_fypツ', 'HASHTAG_fyppppppppppppppppppppppp', 'HASHTAG_fypシ', 'HASHTAG_baguiocity', 'HASHTAG_baguiocityvibes']",https://www.tiktok.com/@piethehappyhiglander/video/7456617890222050578,2025-01-06T02:05:58+00:00,75
TI-11c674a1d8,"The Philippine Festival | 𝗣𝗔𝗡𝗔𝗚𝗕𝗨𝗡𝗚𝗔 𝗙𝗘𝗦𝗧𝗜𝗩𝗔𝗟 𝟮𝟬𝟮𝟱
𝑪𝒂𝒍𝒆𝒏𝒅𝒂𝒓 𝒐𝒇 𝑬𝒗𝒆𝒏𝒕𝒔
📍Conner, Apayao | 📅 October 7-9, 2025

🌾 CELEBRATING A DOZEN YEARS OF HARVEST, HERITAGE, AND HARMONY! 🎉

It’s that time of the year again when the community of Caglayan, Conner, Apayao bursts with color, rhythm, and flavor for the 12th Panagbunga Festival! 🍍🍌🌽

From October 7 to 9, 2025, join us as we honor the bounty of the land and the unity of its people — through vibrant dances, local delicacies, refreshing drinks, and live music that capture the true spirit of Apayao! 🎶💃

Let’s celebrate our harvest, heritage, and harmony — the heart of Panagbunga! ❤️💛💚

Save the dates, tag your family and friends, and support local talent and enterprises. Wear your brightest colors, join the activities, cheer on the performers, and capture the moments that make your city glow. See you at #PanagbungaFestival2025 Ka-Pista! 🎊🎉
________
Courtesy|
Provincial Government of Apayao
LGU-Conner Public Information Office
Conner Tourism
Hon.Jorico F. Bayaua
#PanagbungaFestival #ThePhilippineFestivals
#LoveThePhilippines #LoveThePhilippineFestivals",philippine festival conner october celebrati dozen years heritage harmony time community apayao flavor bunga join honor bounty land unity people vibrant dances local delicacies music capture true spirit let harvest heart dates family friends talent enterprises brightest colors activities performers moments city glow bungafestival pista ___ courtesy provincial government lgu public formation office tourism hon jorico bayaua panagbungafestival lovethephilippines 📍 📅 🌾 🎉 🍍 🍌 🌽 🎶 💃 ❤ 💛 💚 🎊 🎉,the philippine festival 𝗣𝗔𝗡𝗔𝗚𝗕𝗨𝗡𝗚𝗔 𝗙𝗘𝗦𝗧𝗜𝗩𝗔𝗟 𝑪𝒂𝒍𝒆𝒏𝒅𝒂𝒓 𝒐𝒇 𝑬𝒗𝒆𝒏𝒕𝒔 conner apayao october celebrating a dozen years of harvest heritage and harmony it s that time of the year again when the community of caglayan conner apayao bursts with color rhythm and flavor for the th panagbunga festival from october to join us as we honor the bounty of the land and the unity of its people through vibrant dances local delicacies refreshing drinks and live music that capture the true spirit of apayao let s celebrate our harvest heritage and harmony the heart of panagbunga save the dates tag your family and friends and support local talent and enterprises wear your brightest colors join the activities cheer on the performers and capture the moments that make your city glow see you at panagbungafestival ka pista ___ courtesy provincial government of apayao lgu conner public information office conner tourism hon jorico f bayaua panagbungafestival thephilippinefestivals lovethephilippines lovethephilippinefestivals,"['📍', '📅', '🌾', '🎉', '🍍', '🍌', '🌽', '🎶', '💃', '❤', '💛', '💚', '🎊', '🎉']","['HASHTAG_panagbungafestival2025', 'HASHTAG_panagbungafestival', 'HASHTAG_thephilippinefestivals', 'HASHTAG_lovethephilippines', 'HASHTAG_lovethephilippinefestivals']",https://www.tiktok.com/@thephilippinefestivals/video/7557749078797405458,2025-10-05T14:46:27+00:00,5
TI-e30cfd06fc,bukas na ang street dancing parade panagbenga 2026 #fyp #panagbenga2026 #baguiocity #baguio #panagbenga,street_danci fyp baguiocity_baguio panagbenga2026 baguiocity baguio,bukas na ang street dancing parade panagbenga fyp panagbenga baguiocity baguio panagbenga,[],"['HASHTAG_fyp', 'HASHTAG_panagbenga2026', 'HASHTAG_baguiocity', 'HASHTAG_baguio']",https://www.tiktok.com/@affiliateanthony/video/7611555616917687560,2026-02-27T14:43:18+00:00,2
TI-2f5c370b31,Panagbenga 2026. Baguio Flower Festival 2026 schedule of events #panagbenga #baguio #flowerfestival2026,baguio_flower festival schedule events flowerfestival baguio,panagbenga baguio flower festival schedule of events panagbenga baguio flowerfestival,[],"['HASHTAG_baguio', 'HASHTAG_flowerfestival2026']",https://www.tiktok.com/@boy.baguio074/video/7594400266967862546,2026-01-12T09:11:49+00:00,4
TI-444c2bd31b,"STILL CONGRATS BARYO KAMAISAN BAWI TAYO NXT YEAR #Panagbenga2026
#artificialgrassinpanagbenga 
#followerstiktok 
#fypage",baryo kamais bawi nxt year followerstiktok fypage panagbenga2026,still congrats baryo kamaisan bawi tayo nxt year panagbenga artificialgrassinpanagbenga followerstiktok fypage,[],"['HASHTAG_panagbenga2026', 'HASHTAG_artificialgrassinpanagbenga', 'HASHTAG_followerstiktok', 'HASHTAG_fypage']",https://www.tiktok.com/@cjvinluanbernese/video/7612637977940036871,2026-03-02T12:43:28+00:00,152
TI-18cdda215b,"Kitakits tomorrow night at 7pm, February 21, 2025. First come , First serve basis. No reservation arrangement. #panagbengaguitarfestival  #panagbengafestival  #panagbengaguitarfest  #blackboxmusicstrudio  #baguio  #baguiocity  #blackboxproductions  #guitarsolo   @BLACKBOX MUSIC STUDIO",kitakits tomorrow night february serve basis reservation arrangement bengaguitarfestival blackboxmusicstrudio baguio_baguiocity blackboxproductions music studio panagbengaguitarfest baguio baguiocity guitarsolo,kitakits tomorrow night at pm february first come first serve basis no reservation arrangement panagbengaguitarfestival panagbengafestival panagbengaguitarfest blackboxmusicstrudio baguio baguiocity blackboxproductions guitarsolo music studio,[],"['HASHTAG_panagbengaguitarfestival', 'HASHTAG_panagbengaguitarfest', 'HASHTAG_blackboxmusicstrudio', 'HASHTAG_baguio', 'HASHTAG_baguiocity', 'HASHTAG_blackboxproductions', 'HASHTAG_guitarsolo']",https://www.tiktok.com/@blackboxmusicstudioph/video/7473382411506650376,2025-02-20T06:20:42+00:00,4
TI-904598d0c9,"Tutal every year niyo naman dino-dogshow yung design namin, oh ayan 😂
Baguio City Guide 
#PanagbengaFestival2025
#Panagbenga2025
#TrafficAdvisory 
#BaguioCity",tutal year dino dogshow design ayan baguio_city trafficadvisory panagbenga2025 😂,tutal every year niyo naman dino dogshow yung design namin oh ayan baguio city guide panagbengafestival panagbenga trafficadvisory baguiocity,['😂'],"['HASHTAG_panagbengafestival2025', 'HASHTAG_panagbenga2025', 'HASHTAG_trafficadvisory', 'HASHTAG_baguiocity']",https://www.tiktok.com/@mrs._g/video/7458646345092599058,2025-01-11T13:17:12+00:00,54
TI-8c8a705758,"Panagbenga 2026 Calendar of Activities is out! 
Traffic nanaman? 😁 Kaya make sure na pumili ng accommodation na malapit sa town para sure na makauwi ng walang stress…. gaya samin 😁

Location: 16 DPS Compound, Baguio City

Few steps away kung saan nag sstart ang Grand Street Parade kaya naman di ka mahihirapan ☺️

Book now sa aming official FB page ❤️",calendar activities traffic sure pumili accommodation malapit town uwi gaya samin location dps compound city steps grand_street mahihirap book official page 😁 😁 ☺ ❤,panagbenga calendar of activities is out traffic nanaman kaya make sure na pumili ng accommodation na malapit sa town para sure na makauwi ng walang stress gaya samin location dps compound baguio city few steps away kung saan nag sstart ang grand street parade kaya naman di ka mahihirapan book now sa aming official fb page,"['😁', '😁', '☺', '❤']",[],https://www.tiktok.com/@jigzplacebaguiotransient/video/7594333945857117447,2026-01-12T04:54:27+00:00,905
TI-efce5f0a6a,"Akyat na tayo-namumulaklak na ang Baguio.
Baguio + Panagbenga + tayo = solid. 🫶🏻✨
#baguio #touristspot #baguiofeels #panagbengafestival2026 #fyp",akyat baguio solid touristspot baguiofeels fyp 🫶 🏻 ✨,akyat na tayo namumulaklak na ang baguio baguio panagbenga tayo solid baguio touristspot baguiofeels panagbengafestival fyp,"['🫶', '🏻', '✨']","['HASHTAG_baguio', 'HASHTAG_touristspot', 'HASHTAG_baguiofeels', 'HASHTAG_panagbengafestival2026', 'HASHTAG_fyp']",https://www.tiktok.com/@cherriquefinds/video/7602482885626514696,2026-02-03T03:56:32+00:00,7
TI-cd0ebdeb60,"Panagbenga Market Encounter 2024 🌺🌻
.
.
.
.
.
.
.
.
.

#Baguio #baguiocity #baguioeats #baguiofoodtrip #baguiofoodie #baguiofood  #ugc #ugccreator #ugccontentcreator #baguiougc #baguiougccreator #ugcbaguio #ugccontent #ugccreators #baguiomusttry #musttry #musttryinbaguio #panagbenga #panagbengafestival #panagbenga2024 #marketencounter #baguiopanagbenga #burnhampark #burnhamparkbaguio",market_encounter baguiocity baguioeats baguiofood ugc ugccreator ugccontentcreator baguiougc baguiougccreator ugcbaguio ugccontent musttryinbaguio baguiopanagbenga burnhampark burnhamparkbaguio baguio baguiomusttry 🌺 🌻,panagbenga market encounter baguio baguiocity baguioeats baguiofoodtrip baguiofoodie baguiofood ugc ugccreator ugccontentcreator baguiougc baguiougccreator ugcbaguio ugccontent ugccreators baguiomusttry musttry musttryinbaguio panagbenga panagbengafestival panagbenga marketencounter baguiopanagbenga burnhampark burnhamparkbaguio,"['🌺', '🌻']","['HASHTAG_baguio', 'HASHTAG_baguiocity', 'HASHTAG_baguioeats', 'HASHTAG_baguiofoodtrip', 'HASHTAG_baguiofoodie', 'HASHTAG_baguiofood', 'HASHTAG_ugc', 'HASHTAG_ugccreator', 'HASHTAG_ugccontentcreator', 'HASHTAG_baguiougc', 'HASHTAG_baguiougccreator', 'HASHTAG_ugcbaguio', 'HASHTAG_ugccontent', 'HASHTAG_ugccreators', 'HASHTAG_baguiomusttry', 'HASHTAG_musttry', 'HASHTAG_musttryinbaguio', 'HASHTAG_marketencounter', 'HASHTAG_baguiopanagbenga', 'HASHTAG_burnhampark', 'HASHTAG_burnhamparkbaguio']",https://www.tiktok.com/@naliedixic/video/7333221032964164870,2024-02-08T13:22:57+00:00,269
TI-0475893869,PMA Marching Band Dancing #fypシ  #viraltiktok #panagbenga2026,pma marchi danci viraltiktok panagbenga2026,pma marching band dancing fypシ viraltiktok panagbenga,[],"['HASHTAG_fypシ', 'HASHTAG_viraltiktok', 'HASHTAG_panagbenga2026']",https://www.tiktok.com/@juanpaulobautista11/video/7611935062589820181,2026-02-28T15:15:47+00:00,1029
TI-409deb9dd3,pasabog SI Pampanga grave level up Allyson!!! #MUPH2026 #missuniversephilippines #pampanga #puertorico🇵🇷 #philippines,sabog mpanga level allyson muph puertorico philippines,pasabog si pampanga grave level up allyson muph missuniversephilippines pampanga puertorico philippines,[],"['HASHTAG_muph2026', 'HASHTAG_missuniversephilippines', 'HASHTAG_pampanga', 'HASHTAG_puertorico', 'HASHTAG_philippines']",https://www.tiktok.com/@pageantryupdate02/video/7635281668651404551,2026-05-02T13:12:29+00:00,332
TI-fba59dcf7a,"panagbenga theme song, try lang kung puede bha? hehe",theme song try puede bha,panagbenga theme song try lang kung puede bha hehe,[],[],https://www.tiktok.com/@haydenlatugan326/video/7082282394849381659,2022-04-03T07:52:49+00:00,25900
TI-eacb2473a9,"CAN I INTERVIEW YOU IN JAPANESE? 🎤🇯🇵

ネパール出身の男性3人組、渋谷に現る 🇳🇵🔥
3 men from Nepal appear in Shibuya 🇳🇵🔥

🇳🇵🤝🇯🇵🔥

渋谷のど真ん中で出会った、ネパール出身の男性たち。
In the middle of Shibuya, I met these men from Nepal.

「どこから来ましたか？」
“Where are you from?”

「ネパールです」
“From Nepal.”

3人ともネパール出身。
All three are from Nepal.

今は日本で働いている。
Now they’re working in Japan.

「何の仕事をしていますか？」
“What do you do?”

「レストランです」
“I work at a restaurant.”

「コンビニです」
“At a convenience store.”

それぞれの場所で、
At different places,

日本語を使って働いている。
they’re using Japanese to work.

「アルバイト？」
“Part-time?”

「はい、バイトです」
“Yeah, part-time.”

慣れない環境でも、
Even in an unfamiliar environment,

しっかり前に進んでいる。
they’re moving forward.

そして——
And then—

「日本語の早口言葉できる？」
“Can you do a Japanese tongue twister?”

「生麦 生米 生卵」
“Namamugi, namagome, namatamago”

「ガス バス カパス」
“Gas, bas, kapas”

笑いながらも挑戦する姿。
Trying while laughing.

最後はネパール語の早口言葉。
And finally, a Nepali tongue twister.

言葉を超えて、
Beyond language,

ちゃんと伝わるものがある。
something still connects.

あなたは早口言葉、得意ですか？ 🤔
Are you good at tongue twisters? 🤔

「日本語が上手」とは、完璧に話すことではなく、
こうして勇気を出して日本語で話してくれる人たちのことです。

Being “good at Japanese” isn’t about perfection —
it’s about having the courage to speak like this.

#streetinterview #shibuya #japanlife #learnjapanese #japan @豚🐷🫴🗣️🐖",terview japanese men nepal shibuya middle worki japan restaurant convenience store different places part time unfamiliar environment tongue twister namamugi namagome namatamago gas bas kapas tryi laughi language somethi good perfection courage speak streetinterview japanlife learnjapanese 🎤 🔥 🔥 🤝 🔥 🤔 🤔 🐷 🫴 🗣 🐖,can i interview you in japanese ネパール出身の男性人組 渋谷に現る men from nepal appear in shibuya 渋谷のど真ん中で出会った ネパール出身の男性たち in the middle of shibuya i met these men from nepal どこから来ましたか where are you from ネパールです from nepal 人ともネパール出身 all three are from nepal 今は日本で働いている now they re working in japan 何の仕事をしていますか what do you do レストランです i work at a restaurant コンビニです at a convenience store それぞれの場所で at different places 日本語を使って働いている they re using japanese to work アルバイト part time はい バイトです yeah part time 慣れない環境でも even in an unfamiliar environment しっかり前に進んでいる they re moving forward そして and then 日本語の早口言葉できる can you do a japanese tongue twister 生麦 生米 生卵 namamugi namagome namatamago ガス バス カパス gas bas kapas 笑いながらも挑戦する姿 trying while laughing 最後はネパール語の早口言葉 and finally a nepali tongue twister 言葉を超えて beyond language ちゃんと伝わるものがある something still connects あなたは早口言葉 得意ですか are you good at tongue twisters 日本語が上手 とは 完璧に話すことではなく こうして勇気を出して日本語で話してくれる人たちのことです being good at japanese isn t about perfection it s about having the courage to speak like this streetinterview shibuya japanlife learnjapanese japan,"['🎤', '🔥', '🔥', '🤝', '🔥', '🤔', '🤔', '🐷', '🫴', '🗣', '🐖']","['HASHTAG_streetinterview', 'HASHTAG_shibuya', 'HASHTAG_japanlife', 'HASHTAG_learnjapanese', 'HASHTAG_japan']",https://www.tiktok.com/@shintaro_tik/video/7635239640936598804,2026-05-02T10:29:27+00:00,12700
TI-21712aa015,@Kyle Echarri 🫶🏻#kaikyle #ROJA #PANAGBENGA2026 #kapamilyakaravan2026 #fypシ゚,echarri kaikyle roja kapamilyakarav panagbenga2026 kapamilyakaravan2026 🫶 🏻,echarri kaikyle roja panagbenga kapamilyakaravan fypシ,"['🫶', '🏻']","['HASHTAG_kaikyle', 'HASHTAG_roja', 'HASHTAG_panagbenga2026', 'HASHTAG_kapamilyakaravan2026', 'HASHTAG_fypシ']",https://www.tiktok.com/@_prixess_/video/7614703823352778005,2026-03-08T02:20:05+00:00,37400
TI-779927914d,"@prabikrai_everestodyssey
📍 itahari -5, baishak purnima 
#itahari_muser😊😊 #sakela #raiculture #foryou #proudofmyculture",itahari baishak purnima itahari_muser sakela raiculture proudofmyculture foryou 📍 😊 😊,itahari baishak purnima itahari_muser sakela raiculture foryou proudofmyculture,"['📍', '😊', '😊']","['HASHTAG_itahari_muser', 'HASHTAG_sakela', 'HASHTAG_raiculture', 'HASHTAG_foryou', 'HASHTAG_proudofmyculture']",https://www.tiktok.com/@ancientrok/video/7636242949881269525,2026-05-05T03:22:51+00:00,1010
TI-0b1267e546,希望通り！,,希望通り,[],[],https://www.tiktok.com/@user19091282476990/video/7635653445277584648,2026-05-03T13:15:11+00:00,445
TI-3ecb3a610c,#fyp #pajnag #viralvideo #hmongtiktok #💗💗,fyp jnag viralvideo hmongtiktok pajnag 💗 💗,fyp pajnag viralvideo hmongtiktok,"['💗', '💗']","['HASHTAG_fyp', 'HASHTAG_pajnag', 'HASHTAG_viralvideo', 'HASHTAG_hmongtiktok']",https://www.tiktok.com/@pajjnagg/video/7539593975909371166,2025-08-17T16:35:41+00:00,95
TI-33fdc2d5da,i know this isnt the type of videos i post but I LOVE THIS GAME SO MUCH #pangya #pangyareborn #y2k,isnt type videos post game much ngya ngyareborn pangya y2k,i know this isnt the type of videos i post but i love this game so much pangya pangyareborn yk,[],"['HASHTAG_pangya', 'HASHTAG_pangyareborn', 'HASHTAG_y2k']",https://www.tiktok.com/@toyapigeon/video/7553298527108025630,2025-09-23T14:56:20+00:00,91
TI-7339c04287,Panga #ApostleTFChiwenga #Java #Zimtiktok #Zimcomedy,nga apostletfchiwenga java zimtiktok zimcomedy,panga apostletfchiwenga java zimtiktok zimcomedy,[],"['HASHTAG_apostletfchiwenga', 'HASHTAG_java', 'HASHTAG_zimtiktok', 'HASHTAG_zimcomedy']",https://www.tiktok.com/@bayero.media.bu/video/7632334960073968929,2026-04-24T14:37:25+00:00,356
TI-51f59b97e0,"April 30, 2026, the Kathmandu Metropolitan City (KMC) Police conducted a widespread miking campaign in the Sukumbasi (squatter) settlements of Basundhara and Maharajgunj area. The authorities issued a final ultimatum, ordering residents to vacate their homes by tomorrow.

#kathmandu #nepal #balenshah #sukumbasi #wildemationnews",april kathmandu metropolit city police widespread miki campaign sukumbasi squatter settlements maharajgunj area authorities final ultimatum orderi residents homes tomorrow nepal balenshah wildemationnews,april the kathmandu metropolitan city kmc police conducted a widespread miking campaign in the sukumbasi squatter settlements of basundhara and maharajgunj area the authorities issued a final ultimatum ordering residents to vacate their homes by tomorrow kathmandu nepal balenshah sukumbasi wildemationnews,[],"['HASHTAG_kathmandu', 'HASHTAG_nepal', 'HASHTAG_balenshah', 'HASHTAG_sukumbasi', 'HASHTAG_wildemationnews']",https://www.tiktok.com/@wildemation.news6/video/7634508303757774100,2026-04-30T11:11:27+00:00,74
TI-108e00cc9a,#THE KING OF EAGLE* #PHILIPPINES,eagle philippines the,the king of eagle philippines,[],"['HASHTAG_the', 'HASHTAG_philippines']",https://www.tiktok.com/@iamtheking252/video/7628101896607190280,2026-04-13T04:51:23+00:00,168
TI-bc85c7e916,"gonna show off more of this game tomorrow hehe it's my bedtime for now though
#animecore #cutecore #pangyareborn #pangya #mmorpg",gon show game tomorrow cutecore ngyareborn ngya animecore pangya,gonna show off more of this game tomorrow hehe it s my bedtime for now though animecore cutecore pangyareborn pangya mmorpg,[],"['HASHTAG_animecore', 'HASHTAG_cutecore', 'HASHTAG_pangyareborn', 'HASHTAG_pangya', 'HASHTAG_mmorpg']",https://www.tiktok.com/@kittykuma/video/7553877980829797646,2025-09-25T04:25:20+00:00,8462
TI-c968a9780c,ទីបំផុត! រូបសំណាកព្រះវិស្ណុគង់លើស្តេចគ្រុឌត្រូវបានយាងមកដាក់ទីតាំងដើមនៅខេត្តសៀមរាបវិញហើយ | #fyp #cambotimes,fyp cambotimes,ទ ប ផ ត រ បស ណ កព រ វ ស ណ គង ល ស ត ចគ រ ឌត រ វប នយ ងមកដ ក ទ ត ងដ មន ខ ត តស មរ បវ ញហ យ fyp cambotimes,[],"['HASHTAG_fyp', 'HASHTAG_cambotimes']",https://www.tiktok.com/@cambo.times/video/7635939992887512321,2026-05-04T07:48:19+00:00,3721
TI-88b37214ce,"Rombongan wisatawan asal Surabaya diserang sekelompok orang tak dikenal (OTK) di Pantai Wediawu, Kabupaten Malang, Jawa Timur, Selasa (5/5/2026) dini hari. Aksi brutal yang viral di media sosial ini menyebabkan enam orang pengunjung mengalami luka-luka serta enam unit kendaraan roda empat rusak berat akibat pengeroyokan dan perusakan oleh massa.
Polres Malang kini tengah melakukan penyelidikan untuk mengumpulkan keterangan saksi dan alat bukti, termasuk balok kayu hingga botol minuman keras di lokasi. Polisi mengimbau masyarakat agar tetap tenang dan tidak terprovokasi, sementara petugas memberikan pengawalan bagi rombongan wisatawan guna memastikan keamanan mereka tetap terjaga.
Simak berita selengkapnya di BeritaSatu.com, BeritaSatu TV, YouTube BeritaSatu dan unduh aplikasi BeritaSatu di iOS dan Apps Store!
#BeritaSatu #SaatnyaMajuBersama #ViralMalang #PantaiWediawu #Bonek",rombong wisataw asal surabaya disera sekelompok orang dikenal otk ntai wediawu mala jawa timur selasa dini hari brutal yang viral media sosial menyebabk enam pengunju mengalami luka serta unit kendara roda empat rusak berat akibat pengeroyok dan oleh massa kini melakuk penyelidik untuk mengumpulk keterang saksi alat bukti termasuk balok kayu hingga botol minum keras polisi mengimbau masyarakat agar tetap tena tidak terprovokasi sementara petugas memberik pengawal bagi guna memastik keaman mereka terjaga simak berita selengkapnya beritasatu com youtube unduh aplikasi ios apps store saatnyamajubersama viralmala ntaiwediawu bonek,rombongan wisatawan asal surabaya diserang sekelompok orang tak dikenal otk di pantai wediawu kabupaten malang jawa timur selasa dini hari aksi brutal yang viral di media sosial ini menyebabkan enam orang pengunjung mengalami luka luka serta enam unit kendaraan roda empat rusak berat akibat pengeroyokan dan perusakan oleh massa polres malang kini tengah melakukan penyelidikan untuk mengumpulkan keterangan saksi dan alat bukti termasuk balok kayu hingga botol minuman keras di lokasi polisi mengimbau masyarakat agar tetap tenang dan tidak terprovokasi sementara petugas memberikan pengawalan bagi rombongan wisatawan guna memastikan keamanan mereka tetap terjaga simak berita selengkapnya di beritasatu com beritasatu tv youtube beritasatu dan unduh aplikasi beritasatu di ios dan apps store beritasatu saatnyamajubersama viralmalang pantaiwediawu bonek,[],"['HASHTAG_beritasatu', 'HASHTAG_saatnyamajubersama', 'HASHTAG_viralmalang', 'HASHTAG_pantaiwediawu', 'HASHTAG_bonek']",https://www.tiktok.com/@beritasatuofficial/video/7636300472374136080,2026-05-05T07:06:54+00:00,44600
TI-8974ef9292,"बालेन सरकारलाई भारतको कडा जवाफ, चीनले मुख खोलेन, सरकारले अब के गर्दैछ ? 
 #balenshah #narendramodi #creatorsearchinsights #tokiyojapan🇯🇵🇯🇵🎌🎌🇳🇵 #japantokiyo🇯🇵🎌🏯",balenshah narendramodi japantokiyo tokiyojapan 🎌 🎌 🎌 🏯,ब ल न सरक रल ई भ रतक कड जव फ च नल म ख ख ल न सरक रल अब क गर द छ balenshah narendramodi creatorsearchinsights tokiyojapan japantokiyo,"['🎌', '🎌', '🎌', '🏯']","['HASHTAG_balenshah', 'HASHTAG_narendramodi', 'HASHTAG_creatorsearchinsights', 'HASHTAG_tokiyojapan', 'HASHTAG_japantokiyo']",https://www.tiktok.com/@nepali.online.news/video/7635894943512268050,2026-05-04T04:52:19+00:00,44200
TI-a1f8a8cf5a,"Isang dekadang pagpapaganda—hindi lang ng kaanyuan, kundi ng buhay ng bawat isa.
Isang dekadang dumaan sa pagsubok, pero piniling tumayo, lumaban, at manatiling matatag.

Sa SCD, hindi lang ito negosyo—isa itong tahanan, isang pamilyang handang umalalay, umintindi, at sabay mangarap. 

Poem written by: Anallie Aguilar Song Lyrics and arrangements : Anallie Aguilar Choreography: Chai Jimenez Perfomed by: Anallie ,Chai and Analyn #scdgottalent #scd10thanniversary @Gracee SCD CEO @SCD.OFFICIAL @Shine Pascual @Mamichai🩵 @Ana Aguilar",dekada paganda kaanyu kundi buhay duma subok pinili tumayo lumab manatili matatag scd negosyo itong tahan milya handa alay tindi sabay mangarap poem anallie aguilar song arrangements choreography chai jimenez analyn scdgottalent scdthanniversary ceo official scual 🩵,isang dekadang pagpapaganda hindi lang ng kaanyuan kundi ng buhay ng bawat isa isang dekadang dumaan sa pagsubok pero piniling tumayo lumaban at manatiling matatag sa scd hindi lang ito negosyo isa itong tahanan isang pamilyang handang umalalay umintindi at sabay mangarap poem written by anallie aguilar song lyrics and arrangements anallie aguilar choreography chai jimenez perfomed by anallie chai and analyn scdgottalent scdthanniversary scd ceo official pascual aguilar,['🩵'],"['HASHTAG_scdgottalent', 'HASHTAG_scd10thanniversary']",https://www.tiktok.com/@ellie.s_beautique/video/7634006286866058514,2026-04-29T02:43:23+00:00,14
TI-fb6fe60e8c,Devant nous ils assument pas c’qu’ils ont dit 🗣️ #pourtoi #benga #fallaitpastoucher,devant nous ils assument pas dit pourtoi benga fallaitpastoucher 🗣,devant nous ils assument pas c qu ils ont dit pourtoi benga fallaitpastoucher,['🗣'],"['HASHTAG_pourtoi', 'HASHTAG_benga', 'HASHTAG_fallaitpastoucher']",https://www.tiktok.com/@dalso_09/video/7615748721875209494,2026-03-10T21:54:44+00:00,69000
TI-ae79a08e24,"May 2026 BLUECHARM Magazine cover #ZhanXuan #展轩

Together with Zhan Xuan and BLUECHARM, let’s step into the stories of his hometown’s intangible cultural heritage. Guided by Teacher Ge Xia, an inheritor of Yangzhou's traditional paper-cutting art, he picked up the scissors and fully immersed in the moment.
With every cut into the paper, he reveals not just the charm of this of the ""water towns,"" but a craftsmanship that that has been passed down for generations.

📸 A few snapshots of the moment to share with you~

#chineseactor #revengedlove #fyp",bluecharm azine cover zhanxu zhan xuan stories tangible cultural heritage xia heritor yangzhou traditional cutti scissors moment cut reveals charm water towns ssed generations share chineseactor fyp revengedlove 📸,may bluecharm magazine cover zhanxuan 展轩 together with zhan xuan and bluecharm let s step into the stories of his hometown s intangible cultural heritage guided by teacher ge xia an inheritor of yangzhou s traditional paper cutting art he picked up the scissors and fully immersed in the moment with every cut into the paper he reveals not just the charm of this of the water towns but a craftsmanship that that has been passed down for generations a few snapshots of the moment to share with you chineseactor revengedlove fyp,['📸'],"['HASHTAG_zhanxuan', 'HASHTAG_展轩', 'HASHTAG_chineseactor', 'HASHTAG_revengedlove', 'HASHTAG_fyp']",https://www.tiktok.com/@elkleinblue/video/7635961141587381522,2026-05-04T09:09:14+00:00,64
TI-4281d24143,អត់ពេញចិត្តlumuក៏ទៅងាប់ទៅអត់បង្ខំទេកុំរស់នៅក្នុងអណ្តូងពេចមីឡប់#Lumu #wanglujie王橹杰 #muzhicheng_穆祉丞 #tffamily🇨🇳💫,lumu tffamily 💫,អត ព ញច ត តlumuក ទ ង ប ទ អត បង ខ ទ ក រស ន ក ន ងអណ ត ងព ចម ឡប lumu wanglujie王橹杰 muzhicheng_穆祉丞 tffamily,['💫'],"['HASHTAG_lumu', 'HASHTAG_wanglujie王橹杰', 'HASHTAG_muzhicheng_穆祉丞', 'HASHTAG_tffamily']",https://www.tiktok.com/@zhi.enhan15/video/7636190083489484053,2026-05-04T23:57:42+00:00,545
TI-150bfaa28a,"#benga #bengaremix #luo #viral
#trending",benga bengaremix luo viral trendi,benga bengaremix luo viral trending,[],"['HASHTAG_benga', 'HASHTAG_bengaremix', 'HASHTAG_luo', 'HASHTAG_viral', 'HASHTAG_trending']",https://www.tiktok.com/@ombidhotv/video/7284165980920564997,2023-09-29T08:44:18+00:00,989
TI-7f3140494a,Bawal tumingin!#kuyaren,bawal kuyaren,bawal tumingin kuyaren,[],['HASHTAG_kuyaren'],https://www.tiktok.com/@_kuyaren/video/7635820342073658645,2026-05-04T00:03:00+00:00,66
TI-795b743f47,"WATCH: US HIMARS fired in Balikatan Exercises against sea targets in Laoag, Ilocos Norte, today, May 4, 2026.

Unmanned sea drones also took part in the counter-landing exercises. | via Chino Gaston/GMA News

#GMANews",watch himars balikat exercises targets ilocos norte today sea drones part counter landi chino gaston gma news gmanews,watch us himars fired in balikatan exercises against sea targets in laoag ilocos norte today may unmanned sea drones also took part in the counter landing exercises via chino gaston gma news gmanews,[],['HASHTAG_gmanews'],https://www.tiktok.com/@gmanews/video/7635850629679828232,2026-05-04T02:00:30+00:00,63800
TI-851e318636,"Apaan sihh linn,,garing amat😭 #tffamily_5th_generation #tffamily🇨🇳💫 #余政霖🤎🇨🇳 #fypシ゚ #fyppppppppppppppppppppppp @TF_FAMILYofficial",apaan sihh linn gari amat fyppp tffamily 😭 💫 🤎,apaan sihh linn garing amat tffamily_th_generation tffamily 余政霖 fypシ fyppp,"['😭', '💫', '🤎']","['HASHTAG_tffamily_5th_generation', 'HASHTAG_tffamily', 'HASHTAG_余政霖', 'HASHTAG_fypシ', 'HASHTAG_fyppppppppppppppppppppppp']",https://www.tiktok.com/@tffamilyofficial.4/video/7636309036773690642,2026-05-05T07:39:15+00:00,1589
TI-a14ea52fa6,#ratomachindranath #jatra #newar #culture #patan,ratomachindranath jatra newar culture tan patan,ratomachindranath jatra newar culture patan,[],"['HASHTAG_ratomachindranath', 'HASHTAG_jatra', 'HASHTAG_newar', 'HASHTAG_culture', 'HASHTAG_patan']",https://www.tiktok.com/@suyan.sir7/video/7632523450455706887,2026-04-25T02:49:14+00:00,250
TI-7d7c261bd6,"कतै हावाहुरी,कतै असिना पानी,कतै मुसल्धारे वर्षा आजको यस्तै भयो। पाकेको गहुँ बाढिले लग्यो। #heavyrain #flood #strom #nature #newupdate",heavyra flood strom nature newupdate,कत ह व ह र कत अस न प न कत म सल ध र वर ष आजक यस त भय प क क गह ब ढ ल लग य heavyrain flood strom nature newupdate,[],"['HASHTAG_heavyrain', 'HASHTAG_flood', 'HASHTAG_strom', 'HASHTAG_nature', 'HASHTAG_newupdate']",https://www.tiktok.com/@jani_rakhe_ramro/video/7634212734757784850,2026-04-29T16:04:28+00:00,1370
TI-45150d0115,"NHCP SA LUMUTANG NA 'LUPANG HINIRANG RAVE PARTY' VIDEO

Naglabas ng pahayag ang National Historical Commission of the Philippines (NHCP) sa lumutang na video kung saan ginamit ang ""Lupang Hinirang"" sa outdoor rave party.

Ayon sa NHCP, nangyari ito sa Amerika noon pang December 2025. Dahil dito ay pahirapan ang paggawa ng legal na aksyon. Pero sa kabila nito ay kinondena ng ahensya kung paano ginamit ang Pambansang Awit ng Pilipinas para sa party.

""Overseas Filipino communities are nonetheless reminded that that our official national symbols such as the National Flag, the National Anthem and the Coat of Arms and Great Seal of the Republic are protected from misuse under Republic Act No. 8491,"" paalala ng NHCP.",nhcp lumuta lupa hinira rty video labas national historical commission philippines ginamit outdoor ayon nangyari amerika pang hirap legal aksyon kabila kinondena ahensya mbansa awit pilipinas filipino communities official flag anthem coat arms great seal republic act ala,nhcp sa lumutang na lupang hinirang rave party video naglabas ng pahayag ang national historical commission of the philippines nhcp sa lumutang na video kung saan ginamit ang lupang hinirang sa outdoor rave party ayon sa nhcp nangyari ito sa amerika noon pang december dahil dito ay pahirapan ang paggawa ng legal na aksyon pero sa kabila nito ay kinondena ng ahensya kung paano ginamit ang pambansang awit ng pilipinas para sa party overseas filipino communities are nonetheless reminded that that our official national symbols such as the national flag the national anthem and the coat of arms and great seal of the republic are protected from misuse under republic act no paalala ng nhcp,[],[],https://www.tiktok.com/@news5everywhere/video/7633787818585738517,2026-04-28T12:35:38+00:00,87500
TI-f0b2513375,Balik kana sa Baguio habang napakalamig pa #baguio #baguiofeels #stairs #fypシ #panagbenga2026,balik kana baguio napakalamig baguiofeels stairs panagbenga2026,balik kana sa baguio habang napakalamig pa baguio baguiofeels stairs fypシ panagbenga,[],"['HASHTAG_baguio', 'HASHTAG_baguiofeels', 'HASHTAG_stairs', 'HASHTAG_fypシ', 'HASHTAG_panagbenga2026']",https://www.tiktok.com/@jcilagan17/video/7601292192505777429,2026-01-30T22:56:04+00:00,27500
TI-ec4754a0fe,"History of Panagbenga Festival

#PanagbengaFestival #BaguioCity #FlowerFestival #SeasonOfBlooming #mindblownai",history festival seasonofbloomi mindblownai baguiocity flowerfestival,history of panagbenga festival panagbengafestival baguiocity flowerfestival seasonofblooming mindblownai,[],"['HASHTAG_baguiocity', 'HASHTAG_flowerfestival', 'HASHTAG_seasonofblooming', 'HASHTAG_mindblownai']",https://www.tiktok.com/@mindblownaiofficial/video/7605550189088132359,2026-02-11T10:19:10+00:00,3125
TI-c2fba9f172,🍓💖,🍓 💖,,"['🍓', '💖']",[],https://www.tiktok.com/@walespale/video/7341545042927979781,2024-03-01T23:44:21+00:00,88
TI-e3233599f9,#BreatheBaguio #baguiocity #supportmypage💖fyp😍 #littlemisspanagbenga2025,breathebaguio baguiocity supportmypage fyp littlemisspanagbenga 💖 😍,breathebaguio baguiocity supportmypage fyp littlemisspanagbenga,"['💖', '😍']","['HASHTAG_breathebaguio', 'HASHTAG_baguiocity', 'HASHTAG_supportmypage', 'HASHTAG_littlemisspanagbenga2025']",https://www.tiktok.com/@glaizarupio1/video/7479076647971474696,2025-03-07T14:37:14+00:00,58
TI-13f42c60d8,"Who will rise above the 22 contingents representing the cities and municipalities of Ilocos Norte? Witness the spectacle at the grandest and most prestigious Festival of Festivals in the North on Saturday, Feb 28, 2026 @Ferdinand E. Marcos Memorial Stadium.  The Tan-ok ni Ilocano Festival of Festivals 2026. #tanokniilokano #ilocosnorte #fyp #fypage #tanok2026",rise contingents representi cities municipalities norte witness spectacle grandest prestigious festival saturday feb marcos memorial stadium tan ilocano ilocosnorte fyp fypage tanok tanokniilokano tanok2026,who will rise above the contingents representing the cities and municipalities of ilocos norte witness the spectacle at the grandest and most prestigious festival of festivals in the north on saturday feb e marcos memorial stadium the tan ok ni ilocano festival of festivals tanokniilokano ilocosnorte fyp fypage tanok,[],"['HASHTAG_tanokniilokano', 'HASHTAG_ilocosnorte', 'HASHTAG_fyp', 'HASHTAG_fypage', 'HASHTAG_tanok2026']",https://www.tiktok.com/@arkijhay/video/7611205504672484624,2026-02-26T16:04:51+00:00,2179
TI-251f37e83f,"Pangya: Fantasy Golf ⛳️

Gameplay - Gamer Svck

Tags -

.

.

.

#game #games #gaming #gamer #videogame #videogames #videogaming #videogamer #videogamecollection #videogamecollector #videogamecollecting #handheldgaming #handheld #sony #psp #nostalgia #nostalgic #foryou #foryoupage #foryourpage #fyp #fypシ #fypシ゚viral #fypage",ngya fantasy golf gameplay gamer svck tags games videogame videogamecollection handheldgami sony psp nostalgia foryou_foryoupage foryourpage fypage gaming videogaming handheld foryou fyp ⛳,pangya fantasy golf gameplay gamer svck tags game games gaming gamer videogame videogames videogaming videogamer videogamecollection videogamecollector videogamecollecting handheldgaming handheld sony psp nostalgia nostalgic foryou foryoupage foryourpage fyp fypシ fypシ viral fypage,['⛳'],"['HASHTAG_game', 'HASHTAG_games', 'HASHTAG_gaming', 'HASHTAG_gamer', 'HASHTAG_videogame', 'HASHTAG_videogames', 'HASHTAG_videogaming', 'HASHTAG_videogamer', 'HASHTAG_videogamecollection', 'HASHTAG_videogamecollector', 'HASHTAG_videogamecollecting', 'HASHTAG_handheldgaming', 'HASHTAG_handheld', 'HASHTAG_sony', 'HASHTAG_psp', 'HASHTAG_nostalgia', 'HASHTAG_nostalgic', 'HASHTAG_foryou', 'HASHTAG_foryoupage', 'HASHTAG_foryourpage', 'HASHTAG_fyp', 'HASHTAG_fypシ', 'HASHTAG_fypシ', 'HASHTAG_fypage']",https://www.tiktok.com/@kirocantgame/video/7528150400478825759,2025-07-17T20:28:34+00:00,99
TI-20180a93e5,#gabon🇬🇦 #benga #ethniedugabon🇬🇦,gabon benga ethniedugabon,gabon benga ethniedugabon,[],"['HASHTAG_gabon', 'HASHTAG_benga', 'HASHTAG_ethniedugabon']",https://www.tiktok.com/@lesgabonitudes/video/7331479189721255201,2024-02-03T20:43:44+00:00,3054
TI-e16d8edcd0,😘,😘,,['😘'],[],https://www.tiktok.com/@bbcakes818/video/7633765294099516693,2026-04-28T11:08:15+00:00,22
TI-17a11d6cdf,pangeia #pangea #continent #facts #foryou #fyp,ngeia continent facts fyp pangea foryou,pangeia pangea continent facts foryou fyp,[],"['HASHTAG_pangea', 'HASHTAG_continent', 'HASHTAG_facts', 'HASHTAG_foryou', 'HASHTAG_fyp']",https://www.tiktok.com/@dark.world89/video/7623035041576176904,2026-03-30T13:09:20+00:00,108300
TI-b3f95c155f,"The Living Gifts Nursery in La Trinidad, Benguet || Panagbenga 2024: Commuter's Guide Episode 02 #Baguio #panagbenga",livi gifts benguet commuter guide episode baguio,the living gifts nursery in la trinidad benguet panagbenga commuter s guide episode baguio panagbenga,[],['HASHTAG_baguio'],https://www.tiktok.com/@ibadoyagetaways/video/7331683042639072518,2024-02-04T09:54:45+00:00,15300
TI-29e2de19d2,PANAGBENGA FESTIVAL 2024  | GRAND FLOAT PARADE #panagbenga2024 #panagbengagrandfloatparade2024 #panagbengafestival #baguiocity #panagbenga #flowerfestival #festival,festival_grand float_rade festival baguiocity flowerfestival,panagbenga festival grand float parade panagbenga panagbengagrandfloatparade panagbengafestival baguiocity panagbenga flowerfestival festival,[],"['HASHTAG_panagbengagrandfloatparade2024', 'HASHTAG_baguiocity', 'HASHTAG_flowerfestival', 'HASHTAG_festival']",https://www.tiktok.com/@peepsicol/video/7339388139414228229,2024-02-25T04:14:29+00:00,7101
TI-443f7513cb,"Panagbenga 2026 with @Globe Telecom 💙

So grateful for this experience—my first event! Thank you, Globe, for inviting me!

Make sure to drop by their booth before the Session in Bloom ends and have your own 5G Pit Stop experience! The Globe 5G Energy Jam is also happening this March 5 & 6 at Hot Cat and Rebel Bakehouse so see you guys there! #GoForIt

#GoForwardTogether #GlobePanagbenga2026 #Globe5GEnergy #Globe5GEnergyJam",telecom grateful experience event thank globe viti sure drop session bloom pit stop energy jam march hot cat rebel see guys globepanagbenga globegenergy goforit goforwardtogether 💙,panagbenga with telecom so grateful for this experience my first event thank you globe for inviting me make sure to drop by their booth before the session in bloom ends and have your own g pit stop experience the globe g energy jam is also happening this march at hot cat and rebel bakehouse so see you guys there goforit goforwardtogether globepanagbenga globegenergy globegenergyjam,['💙'],"['HASHTAG_goforit', 'HASHTAG_goforwardtogether', 'HASHTAG_globepanagbenga2026', 'HASHTAG_globe5genergy', 'HASHTAG_globe5genergyjam']",https://www.tiktok.com/@yiry.dmd/video/7613338980448259349,2026-03-04T10:03:46+00:00,80
TI-3bbfabd57e,Panagbenga Grand street dance parade #baguio #baguiocity #viral #panagbenga2023,grand_street dance_baguio baguiocity viral baguio panagbenga2023,panagbenga grand street dance parade baguio baguiocity viral panagbenga,[],"['HASHTAG_baguio', 'HASHTAG_baguiocity', 'HASHTAG_viral', 'HASHTAG_panagbenga2023']",https://www.tiktok.com/@hixonofbaguio/video/7204345967821278491,2023-02-26T06:21:56+00:00,27300
TI-0a5b47e029,Sunflower #Panagbenga2023 #PanagbengaFestival #BaguioFlowerFestival #karlpatacsilfilms #photography,sunflower baguioflowerfestival karlpatacsilfilms photography panagbenga2023,sunflower panagbenga panagbengafestival baguioflowerfestival karlpatacsilfilms photography,[],"['HASHTAG_panagbenga2023', 'HASHTAG_baguioflowerfestival', 'HASHTAG_karlpatacsilfilms', 'HASHTAG_photography']",https://www.tiktok.com/@karlpatacsil_/video/7203676069805821210,2023-02-24T11:02:22+00:00,19000
TI-37ec3a75ea,Sana all sayo ya .#fy #fyyyppp #foryoupage #panagbengafestival #baguio,sayo foryoupage baguio fy,sana all sayo ya fy fyyyppp foryoupage panagbengafestival baguio,[],"['HASHTAG_fy', 'HASHTAG_fyyyppp', 'HASHTAG_foryoupage', 'HASHTAG_baguio']",https://www.tiktok.com/@marksheysz/video/7601827223032581396,2026-02-01T09:32:09+00:00,7638
TI-41d456fc5b,Replying to @Gao Hyo Jose Rizal Is Not An Official National Hero. #IntramurosTour #ManilaTour #kasipitvlog #excelbajen #dailyvlog,replyi hyo jose official national hero manilatour kasipitvlog excelbajen dailyvlog intramurostour,replying to hyo jose rizal is not an official national hero intramurostour manilatour kasipitvlog excelbajen dailyvlog,[],"['HASHTAG_intramurostour', 'HASHTAG_manilatour', 'HASHTAG_kasipitvlog', 'HASHTAG_excelbajen', 'HASHTAG_dailyvlog']",https://www.tiktok.com/@kasipit/video/7616247186623384852,2026-03-12T06:09:11+00:00,136700
TI-c93c8a7574,"Ghatu performers beat teasers

#lamjung #nepal #news #kantipur",ghatu performers teasers nepal news kantipur lamjung,ghatu performers beat teasers lamjung nepal news kantipur,[],"['HASHTAG_lamjung', 'HASHTAG_nepal', 'HASHTAG_news', 'HASHTAG_kantipur']",https://www.tiktok.com/@kantipur.media/video/7636064045598018836,2026-05-04T15:48:31+00:00,7576
TI-829640e757,lanjutan pendekar lingau palung naga terror tenggara #fyppppppppppppppppppppppp #viral,lanjut pendekar lingau lung naga terror tenggara viral,lanjutan pendekar lingau palung naga terror tenggara fyppp viral,[],"['HASHTAG_fyppppppppppppppppppppppp', 'HASHTAG_viral']",https://www.tiktok.com/@resepfavorite2/video/7620470466876099847,2026-03-23T15:17:32+00:00,3008
TI-d29ebb2cb8,Sinulog Festival 2026🎊,sinulog festival 🎊,sinulog festival,['🎊'],[],https://www.tiktok.com/@yesitsmrolly/video/7596833955001683208,2026-01-18T22:35:50+00:00,12800
TI-71c619adbc,Aliw talaga to si pangs😅 #creamlinecoolsmashers #ccs #volleyball #pangspanaga #funnymoments,aliw ngs volleyball ngspanaga funnymoments ccs 😅,aliw talaga to si pangs creamlinecoolsmashers ccs volleyball pangspanaga funnymoments,['😅'],"['HASHTAG_creamlinecoolsmashers', 'HASHTAG_ccs', 'HASHTAG_volleyball', 'HASHTAG_pangspanaga', 'HASHTAG_funnymoments']",https://www.tiktok.com/@digitalplay.ph/video/7577036689491627282,2025-11-26T14:12:12+00:00,709
TI-16a8744408,"Cảnh báo @Đình Khang có nhảy 🕺
Cảm ơn dàn cameo đằng sau rất nhiềuuuu 🫶🏼

#donhathoang #brownbae #rincon",cameo sau donhathoa brownbae rincon 🕺 🫶 🏼,cảnh báo khang có nhảy cảm ơn dàn cameo đằng sau rất nhiềuuuu donhathoang brownbae rincon,"['🕺', '🫶', '🏼']","['HASHTAG_donhathoang', 'HASHTAG_brownbae', 'HASHTAG_rincon']",https://www.tiktok.com/@donhathoang13/video/7636420106809134357,2026-05-05T14:50:16+00:00,11200
TI-f2927c4fa3,Me dió por hacer este trend // #pangyadance #roblox #foryou #foryoupage #fyp,por hacer este trend ngyadance roblox foryou_foryoupage fyp foryou foryoupage,me dió por hacer este trend pangyadance roblox foryou foryoupage fyp,[],"['HASHTAG_pangyadance', 'HASHTAG_roblox', 'HASHTAG_foryou', 'HASHTAG_foryoupage', 'HASHTAG_fyp']",https://www.tiktok.com/@jess.daviid/video/7623524561459350805,2026-03-31T20:49:05+00:00,61
TI-97540e40d5,"HII im still aliveꉂ(˵˃ ᗜ ˂˵) ive just been working on A GAMEE and commissions!! ive been working on the game for months but ive been waiting to show anything from it until the demo is done! i wont say much appart from the fact that the demo is the character editor! Im so so excited to start showing the current progress of the game!

and also i wanted to hop in the trend i love this little dance its so silly :p

#pangya #cute #kawaii #3ds #animation #doll #dressup",hii ive worki gamee commissions waiti show demo wont much appart fact character editor start current progress hop trend little dance ngya cute kawaii animation doll dressup pangya 3ds,hii im still aliveꉂ ᗜ ive just been working on a gamee and commissions ive been working on the game for months but ive been waiting to show anything from it until the demo is done i wont say much appart from the fact that the demo is the character editor im so so excited to start showing the current progress of the game and also i wanted to hop in the trend i love this little dance its so silly p pangya cute kawaii ds animation doll dressup,[],"['HASHTAG_pangya', 'HASHTAG_cute', 'HASHTAG_kawaii', 'HASHTAG_3ds', 'HASHTAG_animation', 'HASHTAG_doll', 'HASHTAG_dressup']",https://www.tiktok.com/@peppamintt0/video/7558172815220919608,2025-10-06T18:11:09+00:00,5437
TI-19fc4683aa,#fyp #festivaldance #panagbenga #9diamond,fyp festivaldance diamond,fyp festivaldance panagbenga diamond,[],"['HASHTAG_fyp', 'HASHTAG_festivaldance', 'HASHTAG_9diamond']",https://www.tiktok.com/@_orpop.girls/video/7597434930091625736,2026-01-20T13:27:49+00:00,247
TI-4800d5bbf4,"Panagbenga 2026
Street Dance Parade",street_dance rade,panagbenga street dance parade,[],[],https://www.tiktok.com/@ms..elle_/video/7611754637816859911,2026-02-28T03:35:42+00:00,67
TI-00b5f1837d,panagbenga festival 2026#panagbengafestival nagbengafestival #panagbenga #panagbenga2026,festival bengafestival panagbenga2026,panagbenga festival panagbengafestival nagbengafestival panagbenga panagbenga,[],['HASHTAG_panagbenga2026'],https://www.tiktok.com/@fhey_000/video/7611760036330720530,2026-02-28T03:56:35+00:00,14
TI-38c702c860,"PANAGBENGA FESTIVAL
1ST RUNNER UP #fypシ゚viral #fyp #fypシ #dance #festivaldance #festival #dancers",festival runner dance festivaldance fyp,panagbenga festival st runner up fypシ viral fyp fypシ dance festivaldance festival dancers,[],"['HASHTAG_fypシ', 'HASHTAG_fyp', 'HASHTAG_fypシ', 'HASHTAG_dance', 'HASHTAG_festivaldance', 'HASHTAG_festival', 'HASHTAG_dancers']",https://www.tiktok.com/@gmt_jr03/video/7339342204688780549,2024-02-25T01:16:14+00:00,89800
TI-0746cfd9bb,"Tears of Joy | Some members of El Tribu D Lucban (Lucban Elementary School) shed tears of joy after being declared by the board of judges and BFFFI chairman emeritus Atty. Mauricio Domogan as the Winner in the Panagbenga grand street parade drum and lyre competition.
CONGRATULATIONS!
#PanagbengaFestival2025 #Panagbenga2025 #Baguio",tears members lucb elementary school joy board judges chairm emeritus atty mauricio domog winner grand_street drum_lyre competition congratulations panagbenga2025 baguio,tears of joy some members of el tribu d lucban lucban elementary school shed tears of joy after being declared by the board of judges and bfffi chairman emeritus atty mauricio domogan as the winner in the panagbenga grand street parade drum and lyre competition congratulations panagbengafestival panagbenga baguio,[],"['HASHTAG_panagbengafestival2025', 'HASHTAG_panagbenga2025', 'HASHTAG_baguio']",https://www.tiktok.com/@baguioheraldexpress/video/7475234008062823687,2025-02-25T06:05:53+00:00,86
TI-b7efd1e144,":(
#festival #fyp #viral #fyppppppppppppppppppppppp #panagbenga",festival_fyp viral fyppp festival fyp,festival fyp viral fyppp panagbenga,[],"['HASHTAG_festival', 'HASHTAG_fyp', 'HASHTAG_viral', 'HASHTAG_fyppppppppppppppppppppppp']",https://www.tiktok.com/@rrriirooo/video/7612987186786405653,2026-03-03T11:18:35+00:00,4
TI-72626355a8,"Panagbenga festival 2026

#panagbenga 
#panagbengafestival",festival,panagbenga festival panagbenga panagbengafestival,[],[],https://www.tiktok.com/@eliezerglindo/video/7613187334569348372,2026-03-04T00:15:22+00:00,240
TI-3b9a79a5b8,"idi panagbenga 2026 
feb 1, biruken u man syak dta AHAHAH 
#cultural #panagbenga2026",idi feb man syak ahah cultural panagbenga2026,idi panagbenga feb biruken u man syak dta ahahah cultural panagbenga,[],"['HASHTAG_cultural', 'HASHTAG_panagbenga2026']",https://www.tiktok.com/@https.kulowii/video/7635826340733701393,2026-05-04T00:27:18+00:00,22
TI-8c6dcd764a,"Tawid A Balitok! Panagbenga Festival 2025 2nd Runner-up, Best in Costume and Props #Panagbenga #choreographer",tawid balitok festival runner best costume choreographer,tawid a balitok panagbenga festival nd runner up best in costume and props panagbenga choreographer,[],['HASHTAG_choreographer'],https://www.tiktok.com/@angeloalfreds/video/7474424874111388936,2025-02-23T01:46:01+00:00,912
TI-3857b0f733,"#panagbengafestival #Tribukanluranjones
#panagbenga2026",tribukanluranjones panagbenga2026,panagbengafestival tribukanluranjones panagbenga,[],"['HASHTAG_tribukanluranjones', 'HASHTAG_panagbenga2026']",https://www.tiktok.com/@ghlenyx_gr/video/7612499558676892936,2026-03-02T03:46:21+00:00,87
TI-92c2168078,First time celebrating Panagbenga in Baguio City. #panagbenga #baguiocity #cityofpines,first time celebrati baguio_city cityofpines,first time celebrating panagbenga in baguio city panagbenga baguiocity cityofpines,[],"['HASHTAG_baguiocity', 'HASHTAG_cityofpines']",https://www.tiktok.com/@jm030797/video/7611742195011341576,2026-02-28T02:47:23+00:00,212
TI-b04d4a3016,"My home for 3 years 🥹💖   

Hindi tinipid sa fireworks 🎆🎇#panagbenga2026 #fyyypppppppppppppp #fypシ",home years tinipid fireworks panagbenga2026 🥹 💖 🎆 🎇,my home for years hindi tinipid sa fireworks panagbenga fyyyppp fypシ,"['🥹', '💖', '🎆', '🎇']","['HASHTAG_panagbenga2026', 'HASHTAG_fyyypppppppppppppp', 'HASHTAG_fypシ']",https://www.tiktok.com/@yle_0107/video/7614911759853358343,2026-03-08T15:46:53+00:00,98
TI-05e6f9c517,Part1  #Roblox #Capcut #Phillippines #CatalogAvatar Credit:https://www.philstar.com/lifestyle/travel/2014/02/17/1291547/panagbenga-festival-history,part roblox capcut phillippines credit catalogavatar,part roblox capcut phillippines catalogavatar credit,[],"['HASHTAG_roblox', 'HASHTAG_capcut', 'HASHTAG_phillippines', 'HASHTAG_catalogavatar']",https://www.tiktok.com/@imveryunique/video/7626427479686696210,2026-04-08T16:33:44+00:00,7
TI-51e315ce29,Panagbenga costume at Rhiniel collection#panagbengafestival #panagbenga2025 #RhinielCollection #rent @rhinielapparel @Rhian Orain,costume rhiniel collection rhinielcollection rent orain panagbenga2025,panagbenga costume at rhiniel collection panagbengafestival panagbenga rhinielcollection rent orain,[],"['HASHTAG_panagbenga2025', 'HASHTAG_rhinielcollection', 'HASHTAG_rent']",https://www.tiktok.com/@jnnlmrno19/video/7506509083978075400,2025-05-20T12:49:07+00:00,22
TI-b0eaf35d13,"Local, pero nakikitourist 🙋🏻‍♂️🌻
#panagbenga #baguio #multo #cinematic #sonyzve10",local nakikitourist baguio multo cinematic sonyzve 🙋 🏻 ♂ 🌻,local pero nakikitourist panagbenga baguio multo cinematic sonyzve,"['🙋', '🏻', '♂', '🌻']","['HASHTAG_baguio', 'HASHTAG_multo', 'HASHTAG_cinematic', 'HASHTAG_sonyzve10']",https://www.tiktok.com/@been.jordan/video/7618080301742411029,2026-03-17T04:42:31+00:00,429
TI-2c385bee9b,How to pronounce PANAGBENGA festival? #fyp #foryou #teachersoftiktok #english #learnenglish,pronounce festival_fyp foryou english learnenglish fyp teachersoftiktok,how to pronounce panagbenga festival fyp foryou teachersoftiktok english learnenglish,[],"['HASHTAG_fyp', 'HASHTAG_foryou', 'HASHTAG_teachersoftiktok', 'HASHTAG_english', 'HASHTAG_learnenglish']",https://www.tiktok.com/@maestroelias04/video/7599838730668559636,2026-01-27T00:55:55+00:00,703
TI-88fcd7abf6,"Panagbenga Grand Floral float parade. Thank you Miss @kyline alcantara. 
Sleepy na yan siya kaya dina mapa smile but after niya mag nap she keeps saying ate kyline and beaming while watching this video. 

#fyp #foryou #floatparade #panagbenga #kylinealcantara",grand_floral float thank miss alcantara sleepy dina mapa smile nap keeps sayi ate kyline beami video fyp_foryou kylinealcantara fyp foryou floatparade,panagbenga grand floral float parade thank you miss alcantara sleepy na yan siya kaya dina mapa smile but after niya mag nap she keeps saying ate kyline and beaming while watching this video fyp foryou floatparade panagbenga kylinealcantara,[],"['HASHTAG_fyp', 'HASHTAG_foryou', 'HASHTAG_floatparade', 'HASHTAG_kylinealcantara']",https://www.tiktok.com/@mommydnu/video/7612593238825766152,2026-03-02T09:49:49+00:00,17700
TI-9c027bc8a2,"Panagbenga Festival 2025 • Street Dancing competition • Diro Festival of Bacnotan, La Union • Tawid a Balitok 

#panagbenga2025 
#panagbengafestival 
#panagbengafestival2025 
#lovethephilippines 
#philippinefestival 
#philippinefestivals 
#philippines 
#creatorsearchinsights 
#fypシ゚ 
#fyppppppppppppppppppppppp 
#diro 
#dirofestival 
#honey 
#honeyfestival
#creatorsearchinsights 
#creatorsearchinsights 
#elyu 
#bacnotanlaunion 
#bacnotan 
#tawidabalitok",festival street_danci competition diro bacnot union tawid balitok lovethephilippines philippinefestival philippines fyppp dirofestival honey honeyfestival bacnotanlaunion tawidabalitok panagbenga2025 elyu,panagbenga festival street dancing competition diro festival of bacnotan la union tawid a balitok panagbenga panagbengafestival panagbengafestival lovethephilippines philippinefestival philippinefestivals philippines creatorsearchinsights fypシ fyppp diro dirofestival honey honeyfestival creatorsearchinsights creatorsearchinsights elyu bacnotanlaunion bacnotan tawidabalitok,[],"['HASHTAG_panagbenga2025', 'HASHTAG_panagbengafestival2025', 'HASHTAG_lovethephilippines', 'HASHTAG_philippinefestival', 'HASHTAG_philippinefestivals', 'HASHTAG_philippines', 'HASHTAG_creatorsearchinsights', 'HASHTAG_fypシ', 'HASHTAG_fyppppppppppppppppppppppp', 'HASHTAG_diro', 'HASHTAG_dirofestival', 'HASHTAG_honey', 'HASHTAG_honeyfestival', 'HASHTAG_creatorsearchinsights', 'HASHTAG_creatorsearchinsights', 'HASHTAG_elyu', 'HASHTAG_bacnotanlaunion', 'HASHTAG_bacnotan', 'HASHTAG_tawidabalitok']",https://www.tiktok.com/@i.love.you.arman/video/7474113403594853640,2025-02-22T05:37:20+00:00,4424
TI-20d0289f59,"What to do and where to go during the Panagbenga of Baguio? Enjoy the parades, foods, and the exclusive deals of PLDTHome lounge sa Melvin Jones Grandstand sa Feb. 25 and 26. I will be there on the 25th so see yah!!  #PLDThomeXPanagbengaFestival #baguio #baguiocity #viral #trending #trend",baguio enjoy foods exclusive deals lounge melv_jones feb yah baguio_baguiocity viral trendi baguiocity,what to do and where to go during the panagbenga of baguio enjoy the parades foods and the exclusive deals of pldthome lounge sa melvin jones grandstand sa feb and i will be there on the th so see yah pldthomexpanagbengafestival baguio baguiocity viral trending trend,[],"['HASHTAG_pldthomexpanagbengafestival', 'HASHTAG_baguio', 'HASHTAG_baguiocity', 'HASHTAG_viral', 'HASHTAG_trending', 'HASHTAG_trend']",https://www.tiktok.com/@hixonofbaguio/video/7203586454721662235,2023-02-24T05:14:36+00:00,625
TI-0522cb1877,"Panagbenga Grand Street Dance Showdown 2024
Municipality of Narvacan, Ilocos Sur

#panagbengafestival 
#panagbenga 
#panabenga2024 
#philippines 
#lovephilippines 
#philippinesfestival 
#philippinefestivals 
#Narvacan 
#foryoupage 
#fyp 
#fypシ゚viral 
#fypシ゚viral🖤tiktok",grand_street dance showdown municipality ilocos sur nabenga philippines philippinesfestival narvac foryoupage viral tiktok panabenga2024 fyp 🖤,panagbenga grand street dance showdown municipality of narvacan ilocos sur panagbengafestival panagbenga panabenga philippines lovephilippines philippinesfestival philippinefestivals narvacan foryoupage fyp fypシ viral fypシ viral tiktok,['🖤'],"['HASHTAG_panabenga2024', 'HASHTAG_philippines', 'HASHTAG_lovephilippines', 'HASHTAG_philippinesfestival', 'HASHTAG_philippinefestivals', 'HASHTAG_narvacan', 'HASHTAG_foryoupage', 'HASHTAG_fyp', 'HASHTAG_fypシ', 'HASHTAG_fypシ']",https://www.tiktok.com/@i.love.you.arman/video/7339066087083871494,2024-02-24T07:24:44+00:00,197
TI-5e09aaec0e,"The Grand Champion 🏆 Lucban Elementary School 
DRUM & LYRE COMPETITION!
#drumandlyre 
#baguiocity 
#panagbenga2025 
#baguioflowerfestival2025 
#lucbanelemschoolbaguio",grand champion lucb elementary school drum_lyre competition drumandlyre baguiocity baguioflowerfestival panagbenga2025 🏆,the grand champion lucban elementary school drum lyre competition drumandlyre baguiocity panagbenga baguioflowerfestival lucbanelemschoolbaguio,['🏆'],"['HASHTAG_drumandlyre', 'HASHTAG_baguiocity', 'HASHTAG_panagbenga2025', 'HASHTAG_baguioflowerfestival2025', 'HASHTAG_lucbanelemschoolbaguio']",https://www.tiktok.com/@crapes18/video/7474108958668639506,2025-02-22T05:20:08+00:00,137
TI-df92fda7df,"Heaven, Indeed🥺🤍 #heavenperalejo #panagbenga #panagbengafestival",heavenperalejo 🥺 🤍,heaven indeed heavenperalejo panagbenga panagbengafestival,"['🥺', '🤍']",['HASHTAG_heavenperalejo'],https://www.tiktok.com/@gvrr_mrvn/video/7612440779226664200,2026-03-01T23:58:16+00:00,8274
TI-2e8f192b9b,"Wala ng nag bo-boat sa Burnham Park! Sad naman, Sigh! 🥺🤟🏻 #BaguioCity #Panagbenga #BurnhamPark  #Boating #FYP",boat burnham park sad sigh baguiocity burnhampark fyp boating 🥺 🤟 🏻,wala ng nag bo boat sa burnham park sad naman sigh baguiocity panagbenga burnhampark boating fyp,"['🥺', '🤟', '🏻']","['HASHTAG_baguiocity', 'HASHTAG_burnhampark', 'HASHTAG_boating', 'HASHTAG_fyp']",https://www.tiktok.com/@gerrygoodlife/video/7610720416583142677,2026-02-25T08:42:24+00:00,46300
TI-40d29d8ccc,#benga #bengacouscous #fypage #tiktokafrique🇹🇬🇨🇩🇨🇮🇧🇯🇬🇦🇨🇲🇬🇦 #tiktokburkinafaso🇧🇫🇧🇫🇧🇫🇧🇫,bengacouscous fypage tiktokafrique tiktokburkinafaso benga,benga bengacouscous fypage tiktokafrique tiktokburkinafaso,[],"['HASHTAG_benga', 'HASHTAG_bengacouscous', 'HASHTAG_fypage', 'HASHTAG_tiktokafrique', 'HASHTAG_tiktokburkinafaso']",https://www.tiktok.com/@sweety__banana/video/7540369178339970334,2025-08-19T18:43:44+00:00,8965
TI-4cfba6f45f,"Panagbenga Festival 🌼🌸🏵
#streetdance #Grade9
#festival #fyp #fypage #fyppppppppppppppppppppppp #fypp 
#JPNHS",festival streetdance grade festival_fyp fypage fyppp jpnhs fyp 🌼 🌸 🏵,panagbenga festival streetdance grade festival fyp fypage fyppp fypp jpnhs,"['🌼', '🌸', '🏵']","['HASHTAG_streetdance', 'HASHTAG_grade9', 'HASHTAG_festival', 'HASHTAG_fyp', 'HASHTAG_fypage', 'HASHTAG_fyppppppppppppppppppppppp', 'HASHTAG_fypp', 'HASHTAG_jpnhs']",https://www.tiktok.com/@fleuree_dane/video/7477795591146327303,2025-03-04T03:46:07+00:00,2599
TI-ecbe5422d7,"Ang sarap talaga sa tenga pag naririnig tong panagbenga hymn! 
#baguio 
#baguiofeels 
#panagbenga2025 
#panagbengafestival2025 
#fyp",sarap tenga naririnig tong hymn baguio baguiofeels panagbenga2025 fyp,ang sarap talaga sa tenga pag naririnig tong panagbenga hymn baguio baguiofeels panagbenga panagbengafestival fyp,[],"['HASHTAG_baguio', 'HASHTAG_baguiofeels', 'HASHTAG_panagbenga2025', 'HASHTAG_panagbengafestival2025', 'HASHTAG_fyp']",https://www.tiktok.com/@__sannsann/video/7474088536900242695,2025-02-22T04:00:51+00:00,782
TI-30741b12d1,"Panagbenga Festival 

Final Performance   in MAPEH of G7 Sampaguita  
Teacher : Virgie Delafuente

CTTO to the owners of the music used in this video Kanta Pilipinas and others.

#panagbengafestival #g7 #sampaguita #mnhs",festival final performance mapeh virgie delafuente ctto owners music video kanta pilipinas others mnhs g7 sampaguita,panagbenga festival final performance in mapeh of g sampaguita teacher virgie delafuente ctto to the owners of the music used in this video kanta pilipinas and others panagbengafestival g sampaguita mnhs,[],"['HASHTAG_g7', 'HASHTAG_sampaguita', 'HASHTAG_mnhs']",https://www.tiktok.com/@joyous.jenn/video/7249698019807874309,2023-06-28T11:30:59+00:00,1876
TI-bf99029bc3,@pajnagvaj27 #hmongtiktok #hmoobtiktok #hmongroblox,hmongtiktok hmoobtiktok hmongroblox,hmongtiktok hmoobtiktok hmongroblox,[],"['HASHTAG_hmongtiktok', 'HASHTAG_hmoobtiktok', 'HASHTAG_hmongroblox']",https://www.tiktok.com/@nkaujiab_lem1/video/7509870936221404447,2025-05-29T14:14:59+00:00,143
TI-e4b3acd653,at the SM mall pompanga,mall pompanga,at the sm mall pompanga,[],[],https://www.tiktok.com/@brian.peno8/video/7625992594031529229,2026-04-07T12:26:21+00:00,3
TI-37e5104bd0,😋 Indian for dinner at Lafayette booth. Panagbenga festival in Baguio #phillipines #baguiocity #baguio #panagbenga,dian dinner lafayette festival_baguio phillipines baguiocity_baguio baguiocity baguio 😋,indian for dinner at lafayette booth panagbenga festival in baguio phillipines baguiocity baguio panagbenga,['😋'],"['HASHTAG_phillipines', 'HASHTAG_baguiocity', 'HASHTAG_baguio']",https://www.tiktok.com/@vladdydaddy_now/video/7613998630269160711,2026-03-06T04:43:27+00:00,1347
TI-5c5727506e,pathfit lll - panagbenga festival dance final practicum,thfit lll festival_dance final practicum,pathfit lll panagbenga festival dance final practicum,[],[],https://www.tiktok.com/@jeaaaia/video/7311628373518781701,2023-12-12T08:52:25+00:00,59500
TI-740188a047,"""Panagbenga"" means ""season of blooming"" in the Kankanaey dialect and symbolizes the city's strong community spirit. Now, it's Baguio's biggest event, drawing large crowds every year. #panagbengafestival2024 #panagbenga #flowerfestival #baguiocity #festival",means season bloomi kankanaey dialect city stro community spirit baguio biggest event drawi large year flowerfestival baguiocity festival,panagbenga means season of blooming in the kankanaey dialect and symbolizes the city s strong community spirit now it s baguio s biggest event drawing large crowds every year panagbengafestival panagbenga flowerfestival baguiocity festival,[],"['HASHTAG_flowerfestival', 'HASHTAG_baguiocity', 'HASHTAG_festival']",https://www.tiktok.com/@jaysonchinito/video/7340529885502475525,2024-02-28T06:05:02+00:00,727
TI-67cdb73a55,oh para sa mga hindi nakapanuod 😆 #baguio #baguiocity #viral #trending #trend #panagbenga,nuod baguio_baguiocity viral trendi baguio baguiocity 😆,oh para sa mga hindi nakapanuod baguio baguiocity viral trending trend panagbenga,['😆'],"['HASHTAG_baguio', 'HASHTAG_baguiocity', 'HASHTAG_viral', 'HASHTAG_trending', 'HASHTAG_trend']",https://www.tiktok.com/@hixonofbaguio/video/7340119312759311621,2024-02-27T03:31:48+00:00,593
TI-2e24c60791,Panagbenga: Saint Louis University Performance #2025 #baguio #baguiocity #festival #parade #panagbenga2025 #viral #fyp #tiktok #philippines,saint louis university performance baguio_baguiocity festival viral fyp tiktok philippines 2025 baguio baguiocity parade panagbenga2025,panagbenga saint louis university performance baguio baguiocity festival parade panagbenga viral fyp tiktok philippines,[],"['HASHTAG_2025', 'HASHTAG_baguio', 'HASHTAG_baguiocity', 'HASHTAG_festival', 'HASHTAG_parade', 'HASHTAG_panagbenga2025', 'HASHTAG_viral', 'HASHTAG_fyp', 'HASHTAG_tiktok', 'HASHTAG_philippines']",https://www.tiktok.com/@cerper0/video/7466427348930383122,2025-02-01T12:31:30+00:00,6216
TI-0836c76423,Boogie Dance of Mt.Province #gy #igorotiktokers #igorot #panagbenga #festival #baguio #tourism #heritage #dance #ethnic #cultural #culture #community #tourism #trending #organization #laggunawa #mountainprovince #unesco #northern,boogie dance province igorotiktokers festival_baguio tourism heritage ethnic cultural culture community trendi organization laggunawa mountainprovince unesco northern gy igorot festival baguio,boogie dance of mt province gy igorotiktokers igorot panagbenga festival baguio tourism heritage dance ethnic cultural culture community tourism trending organization laggunawa mountainprovince unesco northern,[],"['HASHTAG_gy', 'HASHTAG_igorotiktokers', 'HASHTAG_igorot', 'HASHTAG_festival', 'HASHTAG_baguio', 'HASHTAG_tourism', 'HASHTAG_heritage', 'HASHTAG_dance', 'HASHTAG_ethnic', 'HASHTAG_cultural', 'HASHTAG_culture', 'HASHTAG_community', 'HASHTAG_tourism', 'HASHTAG_trending', 'HASHTAG_organization', 'HASHTAG_laggunawa', 'HASHTAG_mountainprovince', 'HASHTAG_unesco', 'HASHTAG_northern']",https://www.tiktok.com/@immay_perl/video/7341955254231010566,2024-03-03T02:16:12+00:00,410
TI-d52e1b4bcb,Sana all muna kayong mga onboard pa marino. #seaman #seamantiktok #marino #fyppppppppppppppppppppppp,muna marino seam seamantiktok fyppp seaman,sana all muna kayong mga onboard pa marino seaman seamantiktok marino fyppp,[],"['HASHTAG_seaman', 'HASHTAG_seamantiktok', 'HASHTAG_marino', 'HASHTAG_fyppppppppppppppppppppppp']",https://www.tiktok.com/@arvincruzz31/video/7534207013086104840,2025-08-03T04:11:14+00:00,56900
TI-7b26abbd65,"🌺 PANAGBENGA FESTIVAL 🌺
#festival #fyp #4upage #foryoupage #trendingvideo #capcuttemplate",festival festival_fyp upage foryoupage trendingvideo capcuttemplate fyp 🌺 🌺,panagbenga festival festival fyp upage foryoupage trendingvideo capcuttemplate,"['🌺', '🌺']","['HASHTAG_festival', 'HASHTAG_fyp', 'HASHTAG_4upage', 'HASHTAG_foryoupage', 'HASHTAG_trendingvideo', 'HASHTAG_capcuttemplate']",https://www.tiktok.com/@hotandsexy799/video/7346575517564325125,2024-03-15T13:05:09+00:00,8
TI-c4ab1beb1c,"Panagbenga 2026 - Kapamilya Caravan with Kyle Echarri ❤️

#kyleecharri #panagbenga2026 #kapamilyacaravan2026 #fyp #baguio",kapamilya carav kyle echarri kyleecharri kapamilyacarav fyp_baguio panagbenga2026 kapamilyacaravan2026 fyp baguio ❤,panagbenga kapamilya caravan with kyle echarri kyleecharri panagbenga kapamilyacaravan fyp baguio,['❤'],"['HASHTAG_kyleecharri', 'HASHTAG_panagbenga2026', 'HASHTAG_kapamilyacaravan2026', 'HASHTAG_fyp', 'HASHTAG_baguio']",https://www.tiktok.com/@dee.togonon/video/7618585424394456328,2026-03-18T13:22:32+00:00,49
TI-8507e7689b,Hala yung propsmen 😭 #dilaabfestival2025 #siquijor #fyp,hala propsmen dilaabfestival siquijor fyp 😭,hala yung propsmen dilaabfestival siquijor fyp,['😭'],"['HASHTAG_dilaabfestival2025', 'HASHTAG_siquijor', 'HASHTAG_fyp']",https://www.tiktok.com/@bibijoy362/video/7556428326886313223,2025-10-02T01:21:24+00:00,566300
TI-2d301ef0a8,Nepali dherai faseko xan #foryou #tranding #sochiran @Pemasang,nepali dherai faseko xan foryou trandi sochir,nepali dherai faseko xan foryou tranding sochiran,[],"['HASHTAG_foryou', 'HASHTAG_tranding', 'HASHTAG_sochiran']",https://www.tiktok.com/@chiran.kc0/video/7634930753113083157,2026-05-01T14:30:50+00:00,13700
TI-d2aad58101,"#bubay #nahimatay #santollaunion  😢
nagulat Ako dun idol",bubay santollaunion ulat dun idol nahimatay 😢,bubay nahimatay santollaunion nagulat ako dun idol,['😢'],"['HASHTAG_bubay', 'HASHTAG_nahimatay', 'HASHTAG_santollaunion']",https://www.tiktok.com/@bossvanxbungangerangfi/video/7484570676641172744,2025-03-22T09:56:53+00:00,273
TI-2f9a844c44,FLORAL FLOAT PARADE sa PANAGBENGA FESTIVAL 2025! ANG DAMING ARTISTA at ang GAGANDA ng mga FLOAT!  #malolosbloggers  #kenyobrothers #bulacanbloggers #PanagbengaFestival2025 #PanagbengaFestival #Panagbenga2025 #floralfloatparade,floral_float rade festival dami artista ganda float malolosbloggers kenyobrothers bulacanbloggers panagbenga2025 floralfloatparade,floral float parade sa panagbenga festival ang daming artista at ang gaganda ng mga float malolosbloggers kenyobrothers bulacanbloggers panagbengafestival panagbengafestival panagbenga floralfloatparade,[],"['HASHTAG_malolosbloggers', 'HASHTAG_kenyobrothers', 'HASHTAG_bulacanbloggers', 'HASHTAG_panagbengafestival2025', 'HASHTAG_panagbenga2025', 'HASHTAG_floralfloatparade']",https://www.tiktok.com/@kenyobrothers/video/7474529979427081479,2025-02-23T08:33:51+00:00,888
TI-134d87e6d9,"PANAGBENGA 2026 CLOSING FIREWORKS

#panagbenga2026 
#baguio 
#fireworks",closi fireworks panagbenga2026 baguio,panagbenga closing fireworks panagbenga baguio fireworks,[],"['HASHTAG_panagbenga2026', 'HASHTAG_baguio', 'HASHTAG_fireworks']",https://www.tiktok.com/@michael_alab/video/7614858691203976468,2026-03-08T12:21:06+00:00,520
TI-a33b71b2f5,You belong with me by Kai during Panagbenga #ROJA #TheFinalEscape #fyp #foryoupage #Panagbenga2026,belo kai roja thefinalescape fyp foryoupage panagbenga2026,you belong with me by kai during panagbenga roja thefinalescape fyp foryoupage panagbenga,[],"['HASHTAG_roja', 'HASHTAG_thefinalescape', 'HASHTAG_fyp', 'HASHTAG_foryoupage', 'HASHTAG_panagbenga2026']",https://www.tiktok.com/@dywen.d/video/7616642101756890389,2026-03-13T07:41:41+00:00,372
TI-94845965e0,Saur Pretty in Person!!! 🩷🩷@kyline alcantara Welcome to Baguio ✨🫶🏻#panagbenga2026,saur person alcantara welcome baguio panagbenga2026 🩷 🩷 ✨ 🫶 🏻,saur pretty in person alcantara welcome to baguio panagbenga,"['🩷', '🩷', '✨', '🫶', '🏻']",['HASHTAG_panagbenga2026'],https://www.tiktok.com/@itzshyie/video/7612103132377648391,2026-03-01T02:08:02+00:00,861
TI-4347de107d,#hephephooray #panagbenga2025 #baguio #baguiocity #tour #traveltour #philippines #igorot,hephephooray baguio_baguiocity traveltour philippines igorot panagbenga2025 baguio baguiocity tour,hephephooray panagbenga baguio baguiocity tour traveltour philippines igorot,[],"['HASHTAG_hephephooray', 'HASHTAG_panagbenga2025', 'HASHTAG_baguio', 'HASHTAG_baguiocity', 'HASHTAG_tour', 'HASHTAG_traveltour', 'HASHTAG_philippines', 'HASHTAG_igorot']",https://www.tiktok.com/@kevinsayson/video/7474644879608466696,2025-02-23T15:59:43+00:00,225000
TI-356b78e210,Panagbenga Hymn #fyp #fypシ゚viral #foryou #foryoupage #panagbenga2025 #baguio #SLU,hymn viral foryou_foryoupage baguio slu fyp foryou foryoupage panagbenga2025,panagbenga hymn fyp fypシ viral foryou foryoupage panagbenga baguio slu,[],"['HASHTAG_fyp', 'HASHTAG_fypシ', 'HASHTAG_foryou', 'HASHTAG_foryoupage', 'HASHTAG_panagbenga2025', 'HASHTAG_baguio', 'HASHTAG_slu']",https://www.tiktok.com/@phen4314/video/7475026266740067602,2025-02-24T16:39:44+00:00,59
TI-b15c2ed35c,Panagbenga Grand Street Dance Parade 2023 🌻✨️ #Panagbenga #PanagbengaFestival #Baguio #BreatheBaguio #ExperienceCordillera #fyp,grand_street dance_baguio breathebaguio experiencecordillera fyp baguio 🌻 ✨,panagbenga grand street dance parade panagbenga panagbengafestival baguio breathebaguio experiencecordillera fyp,"['🌻', '✨']","['HASHTAG_baguio', 'HASHTAG_breathebaguio', 'HASHTAG_experiencecordillera', 'HASHTAG_fyp']",https://www.tiktok.com/@user3100233667911/video/7204071604228263195,2023-02-25T12:37:15+00:00,67
TI-706bef8798,The most applauded at pinagkaguluhan kagbi sa Panagbenga Concert #sexbomb  #sexbombconcert #rochellepangilinan #panagbenga2026 #fyp,pinagkagulu kagbi concert sexbomb sexbombconcert rochellepangilin fyp panagbenga2026,the most applauded at pinagkaguluhan kagbi sa panagbenga concert sexbomb sexbombconcert rochellepangilinan panagbenga fyp,[],"['HASHTAG_sexbomb', 'HASHTAG_sexbombconcert', 'HASHTAG_rochellepangilinan', 'HASHTAG_panagbenga2026', 'HASHTAG_fyp']",https://www.tiktok.com/@awesomebert09/video/7612034673899851028,2026-02-28T21:42:24+00:00,454
TI-4d89c3ea5f,#tiktoklive #livehighlights #baguiocity #panagbenga2026,tiktoklive livehighlights baguiocity panagbenga2026,tiktoklive livehighlights baguiocity panagbenga,[],"['HASHTAG_tiktoklive', 'HASHTAG_livehighlights', 'HASHTAG_baguiocity', 'HASHTAG_panagbenga2026']",https://www.tiktok.com/@jolsssm/video/7611738258078436629,2026-02-28T02:32:07+00:00,34
TI-9f089456e6,magbook ka na pa baguio!! #fyppppppppppppppppppppppp #fypage #fypシ゚viral #panagbengafestival #travel #baguiocity #cityofpinesbaguio #fypシ゚viral,book baguio fyppp fypage travel baguiocity cityofpinesbaguio,magbook ka na pa baguio fyppp fypage fypシ viral panagbengafestival travel baguiocity cityofpinesbaguio fypシ viral,[],"['HASHTAG_fyppppppppppppppppppppppp', 'HASHTAG_fypage', 'HASHTAG_fypシ', 'HASHTAG_travel', 'HASHTAG_baguiocity', 'HASHTAG_cityofpinesbaguio', 'HASHTAG_fypシ']",https://www.tiktok.com/@mariella_mayeee/video/7595230737738009874,2026-01-14T14:54:25+00:00,4249
TI-74dbf3947d,"#christinereyes #floatparade #panagbenga2025
#baguiocity",christinereyes baguiocity floatparade panagbenga2025,christinereyes floatparade panagbenga baguiocity,[],"['HASHTAG_christinereyes', 'HASHTAG_floatparade', 'HASHTAG_panagbenga2025', 'HASHTAG_baguiocity']",https://www.tiktok.com/@prince.king..04/video/7474463008337562887,2025-02-23T04:14:00+00:00,2472
TI-351da631fb,PANAGBENGA FESTIVAL COSTUME❤️🧡💛 requested by@princeseira #pilipinasatinto #gowndesign #artlover #myart #panagbengafestival,festival costume pilipinasatinto gowndesign myart artlover ❤ 🧡 💛,panagbenga festival costume requested by pilipinasatinto gowndesign artlover myart panagbengafestival,"['❤', '🧡', '💛']","['HASHTAG_pilipinasatinto', 'HASHTAG_gowndesign', 'HASHTAG_artlover', 'HASHTAG_myart']",https://www.tiktok.com/@zj_espiritu_01/video/6859669014348582146,2020-08-11T10:19:22+00:00,2360
TI-4e1f4b1600,"#Panagbenga2024 || The Champion ""Lucban Elementary School"" and Best in Musical Arrangement in the Drum and Lyre category in the highly competitive Panagbenga Festival Grand Street Dance Competition. 

Deped Tayo Lucban Elementary School 
#Congratulations #Baguio #Panagbenga2024",champion lucb elementary school best musical arrangement drum_lyre category competitive festival_grand street_dance competition congratulations baguio,panagbenga the champion lucban elementary school and best in musical arrangement in the drum and lyre category in the highly competitive panagbenga festival grand street dance competition deped tayo lucban elementary school congratulations baguio panagbenga,[],"['HASHTAG_congratulations', 'HASHTAG_baguio']",https://www.tiktok.com/@igocommunity/video/7339769472477138184,2024-02-27T00:50:00+00:00,433
TI-a704c3ef12,"Are you excited for @ren.faire.ph? 👸🤴

#RenFairePH #renfaireph2024 #panagbenga #panagbenga2024 #panagbengafestival #baguiocity #fyp #foryourpage",excited faire renfaireph baguiocity fyp foryourpage 👸 🤴,are you excited for faire ph renfaireph renfaireph panagbenga panagbenga panagbengafestival baguiocity fyp foryourpage,"['👸', '🤴']","['HASHTAG_renfaireph', 'HASHTAG_renfaireph2024', 'HASHTAG_baguiocity', 'HASHTAG_fyp', 'HASHTAG_foryourpage']",https://www.tiktok.com/@elai.cos/video/7340059706611813637,2024-02-26T23:40:30+00:00,3421
TI-06b643e009,"សូមអបអសាទរបងប្អូនដែលរង្វាន់ពី Ganzberg ក្នុងអំឡុង ពិធីចូលឆ្នាំខ្មែរកន្លងផុតទៅ

#GANZBERG",ganzberg,ស មអបអស ទរបងប អ នដ លរង វ ន ព ganzberg ក ន ងអ ឡ ង ព ធ ច លឆ ន ខ ម រកន លងផ តទ ganzberg,[],['HASHTAG_ganzberg'],https://www.tiktok.com/@brewmaster.of.gb/video/7634081215473257746,2026-04-29T07:34:09+00:00,2428
TI-a276003d95,#teraonline #pangyareborn #pangya #mmorpg #mmo,teraonline ngyareborn ngya mmo pangya,teraonline pangyareborn pangya mmorpg mmo,[],"['HASHTAG_teraonline', 'HASHTAG_pangyareborn', 'HASHTAG_pangya', 'HASHTAG_mmorpg', 'HASHTAG_mmo']",https://www.tiktok.com/@tsfs.luca/video/7553032711049366806,2025-09-22T21:44:35+00:00,873
TI-1d23f9fde4,Khi ông chồng làm camera man😁##pajnag #Pajdeg #suhuong #thinhhanh #hmoobtiktok,khi camera man jnag jdeg suhuo thinhhanh hmoobtiktok pajnag pajdeg 😁,khi ông chồng làm camera man pajnag pajdeg suhuong thinhhanh hmoobtiktok,['😁'],"['HASHTAG_pajnag', 'HASHTAG_pajdeg', 'HASHTAG_suhuong', 'HASHTAG_thinhhanh', 'HASHTAG_hmoobtiktok']",https://www.tiktok.com/@tsheej_moua/video/7613964018306354433,2026-03-06T02:30:18+00:00,20200
TI-6b967533f3,"Pangea was a supercontinent that existed about 335 to 175 million years ago during the late Paleozoic and early Mesozoic eras. It was a single, massive landmass that combined nearly all of Earth’s land areas. Over time, due to plate tectonics, Pangea began to break apart, eventually forming the continents as we know them today. This drifting continues even now, causing continents to slowly move over millions of years.

#pangea #alfredwegener #earth #nightscape #deepsky #stargazers #astrophotography #astrophoto #astronomy #jameswebbspacetelescope #andromedagalaxy #space #universe #jwstart #nightsky #stars #astrophotos #nightphotography #longexposure #optolong #nasa #nebula #cosmology #astrobackyard #spacephotography #spacephoto #hubble #milkyway #universe #spacex #astro #galaxy #photooftheday #andromeda",ngea supercontinent years early mesozoic eras single massive landmass earth land areas time due plate tectonics break formi continents today causi millions nightscape deepsky stargazers astrophoto andromedagalaxy space universe stars nightphotography longexposure optolo nasa nebula cosmology astrobackyard spacephotography spacephoto hubble milkyway astro galaxy photooftheday andromeda pangea alfredwegener astrophotography astronomy,pangea was a supercontinent that existed about to million years ago during the late paleozoic and early mesozoic eras it was a single massive landmass that combined nearly all of earth s land areas over time due to plate tectonics pangea began to break apart eventually forming the continents as we know them today this drifting continues even now causing continents to slowly move over millions of years pangea alfredwegener earth nightscape deepsky stargazers astrophotography astrophoto astronomy jameswebbspacetelescope andromedagalaxy space universe jwstart nightsky stars astrophotos nightphotography longexposure optolong nasa nebula cosmology astrobackyard spacephotography spacephoto hubble milkyway universe spacex astro galaxy photooftheday andromeda,[],"['HASHTAG_pangea', 'HASHTAG_alfredwegener', 'HASHTAG_earth', 'HASHTAG_nightscape', 'HASHTAG_deepsky', 'HASHTAG_stargazers', 'HASHTAG_astrophotography', 'HASHTAG_astrophoto', 'HASHTAG_astronomy', 'HASHTAG_jameswebbspacetelescope', 'HASHTAG_andromedagalaxy', 'HASHTAG_space', 'HASHTAG_universe', 'HASHTAG_jwstart', 'HASHTAG_nightsky', 'HASHTAG_stars', 'HASHTAG_astrophotos', 'HASHTAG_nightphotography', 'HASHTAG_longexposure', 'HASHTAG_optolong', 'HASHTAG_nasa', 'HASHTAG_nebula', 'HASHTAG_cosmology', 'HASHTAG_astrobackyard', 'HASHTAG_spacephotography', 'HASHTAG_spacephoto', 'HASHTAG_hubble', 'HASHTAG_milkyway', 'HASHTAG_universe', 'HASHTAG_spacex', 'HASHTAG_astro', 'HASHTAG_galaxy', 'HASHTAG_photooftheday', 'HASHTAG_andromeda']",https://www.tiktok.com/@universeofourown/video/7436504155054804266,2024-11-12T21:14:16+00:00,1200000
TI-4446d51e84,"𝗔𝗽𝘂𝗻𝗴 𝗗𝗼𝗾𝘂𝗲 𝗙𝗲𝘀𝘁𝗶𝘃𝗮𝗹 𝟮𝟬𝟮𝟱 - 𝗦𝗲𝗽𝘂𝗻𝗴 𝗕𝘂𝗹𝗮𝘂𝗻, 𝗣𝗼𝗿𝗮𝗰, 𝗣𝗮𝗺𝗽𝗮𝗻𝗴𝗮 - 𝗖𝘂𝗹𝘁𝘂𝗿𝗮𝗹 𝗮𝗻𝗱 𝗦𝘁𝗿𝗲𝗲𝘁 𝗗𝗮𝗻𝗰𝗲 - 𝗦𝘁𝗮𝘁𝗶𝗼𝗻 𝟭 𝗣𝗲𝗿𝗳𝗼𝗿𝗺𝗮𝗻𝗰𝗲 𝗯𝘆 𝗣𝘂𝗿𝘂𝗸 𝗣𝗮𝗿𝗼𝗯𝗮

#ApungDoqueFestival2025
#VivaApungDoque
#FeastofSanRoque
#CulturalandStreetDance
#SepungBulaun
#PoracPampanga
#FestivalsofthePhilippines",apungdoquefestival vivaapungdoque feastofsanroque sepungbulaun poracpampanga,𝗔𝗽𝘂𝗻𝗴 𝗗𝗼𝗾𝘂𝗲 𝗙𝗲𝘀𝘁𝗶𝘃𝗮𝗹 𝗦𝗲𝗽𝘂𝗻𝗴 𝗕𝘂𝗹𝗮𝘂𝗻 𝗣𝗼𝗿𝗮𝗰 𝗣𝗮𝗺𝗽𝗮𝗻𝗴𝗮 𝗖𝘂𝗹𝘁𝘂𝗿𝗮𝗹 𝗮𝗻𝗱 𝗦𝘁𝗿𝗲𝗲𝘁 𝗗𝗮𝗻𝗰𝗲 𝗦𝘁𝗮𝘁𝗶𝗼𝗻 𝗣𝗲𝗿𝗳𝗼𝗿𝗺𝗮𝗻𝗰𝗲 𝗯𝘆 𝗣𝘂𝗿𝘂𝗸 𝗣𝗮𝗿𝗼𝗯𝗮 apungdoquefestival vivaapungdoque feastofsanroque culturalandstreetdance sepungbulaun poracpampanga festivalsofthephilippines,[],"['HASHTAG_apungdoquefestival2025', 'HASHTAG_vivaapungdoque', 'HASHTAG_feastofsanroque', 'HASHTAG_culturalandstreetdance', 'HASHTAG_sepungbulaun', 'HASHTAG_poracpampanga', 'HASHTAG_festivalsofthephilippines']",https://www.tiktok.com/@estravelrepeat/video/7539615376221408529,2025-08-19T01:00:00+00:00,12000
TI-b0df7fb8b4,"Panagbenga Cultural Dance Competition

Music: Ethniku- Siklab (Modern Filipino Ethnic Music) 

No Copyright Infringement Intended Music Belongs to the Rightful Owner

 #panagbenga2024 
#baguio",cultural_dance competition music ethniku siklab modern filipino ethnic copyright fringement belongs rightful owner baguio,panagbenga cultural dance competition music ethniku siklab modern filipino ethnic music no copyright infringement intended music belongs to the rightful owner panagbenga baguio,[],['HASHTAG_baguio'],https://www.tiktok.com/@adsmas0/video/7381864094820863237,2024-06-18T15:22:51+00:00,23
TI-3689106735,Panagbenga Festival Queen. 👑 Best Festival Queen,festival_queen best 👑,panagbenga festival queen best festival queen,['👑'],[],https://www.tiktok.com/@gr9acacia0/video/7601337507514486037,2026-01-31T01:51:53+00:00,251
TI-27024286f4,Panagbenga 2026 ends with a bang#fyp #ForYou #bestoftiktokph #panagbenga #Baguio,ends fyp_foryou bestoftiktokph baguio fyp foryou,panagbenga ends with a bang fyp foryou bestoftiktokph panagbenga baguio,[],"['HASHTAG_fyp', 'HASHTAG_foryou', 'HASHTAG_bestoftiktokph', 'HASHTAG_baguio']",https://www.tiktok.com/@its_kimmy0221/video/7614854620422229269,2026-03-08T12:05:17+00:00,41
TI-e4e40a9c9d,Monique aka Lovi Poe here at Panagbenga Festival 2025 🌸🌼💐#panagbenga2025,monique aka lovi poe festival panagbenga2025 🌸 🌼 💐,monique aka lovi poe here at panagbenga festival panagbenga,"['🌸', '🌼', '💐']",['HASHTAG_panagbenga2025'],https://www.tiktok.com/@itzshyie/video/7474483931757169938,2025-02-23T05:35:10+00:00,400
TI-c6d6506748,"#CapCut #festivalqueen Above all, I’m so grateful to have danced with you, Señor Santo Niño. 🤍✨",capcut festivalqueen grateful santo 🤍 ✨,capcut festivalqueen above all i m so grateful to have danced with you señor santo niño,"['🤍', '✨']","['HASHTAG_capcut', 'HASHTAG_festivalqueen']",https://www.tiktok.com/@a.demuree/video/7602484601709251860,2026-02-03T04:03:09+00:00,571
TI-cf497a29c1,"panagbenga 2023
#panagbenga",,panagbenga panagbenga,[],[],https://www.tiktok.com/@jaymelo05/video/7203956762100256027,2023-02-25T05:11:36+00:00,21
TI-806d0f5c27,that time of the year 🎉 #panagbenga #baguiocity #sessioninbloom #panagbenga2026 #sessionroadinbloom,time year baguiocity sessioninbloom panagbenga2026 🎉,that time of the year panagbenga baguiocity sessioninbloom panagbenga sessionroadinbloom,['🎉'],"['HASHTAG_baguiocity', 'HASHTAG_sessioninbloom', 'HASHTAG_panagbenga2026', 'HASHTAG_sessionroadinbloom']",https://www.tiktok.com/@highlyfavoreddddddd/video/7613455037595012372,2026-03-04T17:34:09+00:00,21
TI-91946cb36f,"You can no longer escape the beat of the Dinagyang drums! 

The Dinagyang fever is here! 

“Pagdayaw Kay Senor Sto Nino;
Padayaw sang mga Ilonggo!”

Hala Bira, Iloilo! Dinagang na!

#IloiloDinagyang2024 
#PadayawIlonggo 
#PagdayawKayStoNiño",longer escape beat dinagya drums dayaw kay sto nino ilonggo hala bira ilo iloilodinagya dayawilonggo iloilodinagyang2024,you can no longer escape the beat of the dinagyang drums the dinagyang fever is here pagdayaw kay senor sto nino padayaw sang mga ilonggo hala bira iloilo dinagang na iloilodinagyang padayawilonggo pagdayawkaystoniño,[],"['HASHTAG_iloilodinagyang2024', 'HASHTAG_padayawilonggo', 'HASHTAG_pagdayawkaystoniño']",https://www.tiktok.com/@iloilodinagyang/video/7323548102462409989,2024-01-13T11:47:02+00:00,1039
TI-c1be1677c5,"Et oui cest une femme josé kongolo rt La liste est tellement longue je me suis arrêtér la pardon. 🤣 
#musiquecongolaise #mabanga #chansoncongolaise #congolesemusic #congolaise🇨🇩",cest une femme liste tellement longue suis rdon musiquecongolaise mabanga chansoncongolaise congolesemusic congolaise 🤣,et oui cest une femme josé kongolo rt la liste est tellement longue je me suis arrêtér la pardon musiquecongolaise mabanga chansoncongolaise congolesemusic congolaise,['🤣'],"['HASHTAG_musiquecongolaise', 'HASHTAG_mabanga', 'HASHTAG_chansoncongolaise', 'HASHTAG_congolesemusic', 'HASHTAG_congolaise']",https://www.tiktok.com/@navarettekongolo/video/7310695281497066785,2023-12-09T20:31:33+00:00,16000
TI-01039e42a4,#creatorsearchinsights #fyp #videoviral #afghandance #foryoupage❤️❤️,videoviral afghandance foryoupage fyp ❤ ❤,creatorsearchinsights fyp videoviral afghandance foryoupage,"['❤', '❤']","['HASHTAG_creatorsearchinsights', 'HASHTAG_fyp', 'HASHTAG_videoviral', 'HASHTAG_afghandance', 'HASHTAG_foryoupage']",https://www.tiktok.com/@missharram08/video/7581832165063920898,2025-12-09T12:21:14+00:00,7068
TI-db4c2884cc,"The next time I have an urge to smash a city where people dear to you live, / don't oppose me, but let me act as I want to, / because I have given in to you on this matter, / not under compulsion, but sorely against my will.#zeus #blacklove #consistency #lifestyle #letsgetit",next time urge smash city people live act matter compulsion zeus blacklove consistency lifestyle letsgetit,the next time i have an urge to smash a city where people dear to you live don t oppose me but let me act as i want to because i have given in to you on this matter not under compulsion but sorely against my will zeus blacklove consistency lifestyle letsgetit,[],"['HASHTAG_zeus', 'HASHTAG_blacklove', 'HASHTAG_consistency', 'HASHTAG_lifestyle', 'HASHTAG_letsgetit']",https://www.tiktok.com/@spha4071/video/7591854664325418261,2026-01-05T12:33:40+00:00,34
TI-c8bb41b922,"Stars on the floor Dance star duo Jeromy and Sugar 
Dance style: Locking
#HORI70N #JEROMY #HORI7ON_JEROMY #StarsOnTheFloor",stars floor dance duo jeromy sugar style locki horin horion_jeromy starsonthefloor,stars on the floor dance star duo jeromy and sugar dance style locking horin jeromy horion_jeromy starsonthefloor,[],"['HASHTAG_hori70n', 'HASHTAG_jeromy', 'HASHTAG_hori7on_jeromy', 'HASHTAG_starsonthefloor']",https://www.tiktok.com/@itsann_22/video/7633082467653537045,2026-04-26T14:58:28+00:00,65
TI-47d9767d09,Nadulas ako kasama si @Dionela sa Panagbenga Festival 😭🤣#kentcoustics #fyp #viraltiktok #makeitviral #fyppppppoooooppppppppppppppppppppppppp,nadulas festival kentcoustics viraltiktok makeitviral fypppoooppp fyp 😭 🤣,nadulas ako kasama si sa panagbenga festival kentcoustics fyp viraltiktok makeitviral fypppoooppp,"['😭', '🤣']","['HASHTAG_kentcoustics', 'HASHTAG_fyp', 'HASHTAG_viraltiktok', 'HASHTAG_makeitviral', 'HASHTAG_fyppppppoooooppppppppppppppppppppppppp']",https://www.tiktok.com/@kentcoustics/video/7611705347702574356,2026-02-28T00:24:27+00:00,565
TI-8148438d2e,#panagbenga2026 #champion #tribusiglat #sanluis #baguio,champion tribusiglat sanluis baguio panagbenga2026,panagbenga champion tribusiglat sanluis baguio,[],"['HASHTAG_panagbenga2026', 'HASHTAG_champion', 'HASHTAG_tribusiglat', 'HASHTAG_sanluis', 'HASHTAG_baguio']",https://www.tiktok.com/@ellatot178/video/7612459356914814226,2026-03-02T01:10:25+00:00,79
TI-840af00a94,"Another Igorot spotted sa Panangbenga Fluvial parade
#panagbenga 
#panagbengafestival 
#baguio",igorot nangbenga fluvial rade_baguio baguio,another igorot spotted sa panangbenga fluvial parade panagbenga panagbengafestival baguio,[],['HASHTAG_baguio'],https://www.tiktok.com/@jonainjapan/video/7477915150427671816,2025-03-04T11:30:02+00:00,82
TI-2ca7b8647a,"PMA cadets entertain the crowd with their ""kikay"" dance moves at the Panagbenga closing program #baguio #pma #panagbengafestival2024 #fyp #funnymoments #funnyvideo",pma cadets crowd kikay dance moves program baguio fyp funnymoments funnyvideo,pma cadets entertain the crowd with their kikay dance moves at the panagbenga closing program baguio pma panagbengafestival fyp funnymoments funnyvideo,[],"['HASHTAG_baguio', 'HASHTAG_pma', 'HASHTAG_fyp', 'HASHTAG_funnymoments', 'HASHTAG_funnyvideo']",https://www.tiktok.com/@thebaguiochannel2600/video/7366790387517639937,2024-05-09T00:31:32+00:00,238
TI-c2265e971d,"Burnham Lake Rehabilitation

#fyppppppppppppppppppppppp #baguio #igorotiktokers #panagbengafestival #baguiocity",burnham rehabilitation fyppp baguio igorotiktokers baguiocity,burnham lake rehabilitation fyppp baguio igorotiktokers panagbengafestival baguiocity,[],"['HASHTAG_fyppppppppppppppppppppppp', 'HASHTAG_baguio', 'HASHTAG_igorotiktokers', 'HASHTAG_baguiocity']",https://www.tiktok.com/@xavierdunwanballay/video/7612668019935841556,2026-03-02T14:40:03+00:00,1534
TI-d9f77e4973,Panagbenga Street parade 2026#panangbengafestival #baguiocity #makeitviral #everyone #foryou,street nangbengafestival baguiocity makeitviral everyone foryou,panagbenga street parade panangbengafestival baguiocity makeitviral everyone foryou,[],"['HASHTAG_panangbengafestival', 'HASHTAG_baguiocity', 'HASHTAG_makeitviral', 'HASHTAG_everyone', 'HASHTAG_foryou']",https://www.tiktok.com/@sarmoberry/video/7613239861578878226,2026-03-04T03:39:05+00:00,48
TI-9374325880,💀 #panagbenga2023 #panagbenga #aceramos #theampersandbaguio #humprey,aceramos humprey panagbenga2023 theampersandbaguio 💀,panagbenga panagbenga aceramos theampersandbaguio humprey,['💀'],"['HASHTAG_panagbenga2023', 'HASHTAG_aceramos', 'HASHTAG_theampersandbaguio', 'HASHTAG_humprey']",https://www.tiktok.com/@imdvtn/video/7206560689014590746,2023-03-04T05:36:13+00:00,1985
TI-a613aae8cb,"Excited to expirence Bangoverload with Surf here at Baguio Panagbenga Festival!

#SurfPH and #SurfPhilippines #filmphotography #fypシ゚",excited expirence bangoverload surf baguio_festival surfphilippines filmphotography,excited to expirence bangoverload with surf here at baguio panagbenga festival surfph and surfphilippines filmphotography fypシ,[],"['HASHTAG_surfph', 'HASHTAG_surfphilippines', 'HASHTAG_filmphotography', 'HASHTAG_fypシ']",https://www.tiktok.com/@kokokruncher/video/7474127161947917586,2025-02-22T06:30:46+00:00,84500
TI-ae93e32310,Tolomeeeee 🥰🥰 #floatparade #panagbenga2024 #baguiocity @Beauty Gonzalez,tolomeee floatparade baguiocity gonzalez 🥰 🥰,tolomeee floatparade panagbenga baguiocity gonzalez,"['🥰', '🥰']","['HASHTAG_floatparade', 'HASHTAG_baguiocity']",https://www.tiktok.com/@thisisanne316/video/7339766180892216581,2024-02-26T04:41:29+00:00,15000
TI-8a6c4056bc,"#fyp #panagbengafestival2024 
-- Baguio City Drum and Lyre performance 🇵🇭",fyp_baguio city drum performance fyp,fyp panagbengafestival baguio city drum and lyre performance,[],['HASHTAG_fyp'],https://www.tiktok.com/@mariz.bomogao/video/7334256629119978758,2024-02-11T08:21:36+00:00,1389
TI-b9d4612745,#festival #panagbenga #compassion #ashian #grade8,festival compassion ashi grade ashian,festival panagbenga compassion ashian grade,[],"['HASHTAG_festival', 'HASHTAG_compassion', 'HASHTAG_ashian', 'HASHTAG_grade8']",https://www.tiktok.com/@eighttcompassion/video/7616305330183507207,2026-03-12T09:54:43+00:00,281
TI-dfba00a9cd,"#ElTribuDiLucban #DrumAndLyreCorps
#PanagbengaFestival
#BaguioCity
#Mayatttt",eltribudilucb drumandlyrecorps baguiocity mayatttt,eltribudilucban drumandlyrecorps panagbengafestival baguiocity mayatttt,[],"['HASHTAG_eltribudilucban', 'HASHTAG_drumandlyrecorps', 'HASHTAG_baguiocity', 'HASHTAG_mayatttt']",https://www.tiktok.com/@ry.d.apprentice/video/7627275679180000532,2026-04-10T23:25:19+00:00,28
TI-a59b360814,PANAGBENGA FULLY BOOKED AGAD YARN😮🤣 #Reserved #PanagbengaFestival #panagbengafestival2026 #streetdanceparade #baguiocityvibes #baguiocityphilippines #panagbenga #arayko,agad yarn streetdanceparade baguiocityvibes arayko reserved 😮 🤣,panagbenga fully booked agad yarn reserved panagbengafestival panagbengafestival streetdanceparade baguiocityvibes baguiocityphilippines panagbenga arayko,"['😮', '🤣']","['HASHTAG_reserved', 'HASHTAG_panagbengafestival2026', 'HASHTAG_streetdanceparade', 'HASHTAG_baguiocityvibes', 'HASHTAG_baguiocityphilippines', 'HASHTAG_arayko']",https://www.tiktok.com/@dreivibes7/video/7611688045565234439,2026-02-27T23:17:12+00:00,33
TI-dfbbfd02b7,Come and join the Panagbenga Festival. 🌺🌸🌼🌷 #festival #philippines #tourism #baguio #baguiocity #panagbengafestival #panagbenga #panagbenga2024 #kultura #kasaysayan #phtravel,join festival philippines tourism baguiocity kultura phtravel baguio kasaysayan 🌺 🌸 🌼 🌷,come and join the panagbenga festival festival philippines tourism baguio baguiocity panagbengafestival panagbenga panagbenga kultura kasaysayan phtravel,"['🌺', '🌸', '🌼', '🌷']","['HASHTAG_festival', 'HASHTAG_philippines', 'HASHTAG_tourism', 'HASHTAG_baguio', 'HASHTAG_baguiocity', 'HASHTAG_kultura', 'HASHTAG_kasaysayan', 'HASHTAG_phtravel']",https://www.tiktok.com/@historyafilipinas/video/7331082083990899973,2024-02-02T19:02:44+00:00,119
TI-479d570b16,@Jollibee #jollibee #jollibeetiktok #float #reels #reel #panagbenga #panagbengafestival #baguio #baguiocity #baguiofeels,jollibee jollibeetiktok float reels baguio_baguiocity baguiofeels baguio baguiocity,jollibee jollibeetiktok float reels reel panagbenga panagbengafestival baguio baguiocity baguiofeels,[],"['HASHTAG_jollibee', 'HASHTAG_jollibeetiktok', 'HASHTAG_float', 'HASHTAG_reels', 'HASHTAG_reel', 'HASHTAG_baguio', 'HASHTAG_baguiocity', 'HASHTAG_baguiofeels']",https://www.tiktok.com/@vhernamay12/video/7474951416289971474,2025-02-24T11:49:14+00:00,150
TI-8cb2230617,ang cute! 😍 #panagbenga2026 #baguio,cute baguio panagbenga2026 😍,ang cute panagbenga baguio,['😍'],"['HASHTAG_panagbenga2026', 'HASHTAG_baguio']",https://www.tiktok.com/@ibadoyafeatures/video/7612255299726019860,2026-03-01T11:58:29+00:00,3572
TI-5f438e250f,#SessionRoad #BaguioCity #Panagbenga #ReggaeSetGo,sessionroad baguiocity reggaesetgo,sessionroad baguiocity panagbenga reggaesetgo,[],"['HASHTAG_sessionroad', 'HASHTAG_baguiocity', 'HASHTAG_reggaesetgo']",https://www.tiktok.com/@a_bevjoy.11/video/7464178873178131729,2025-01-26T11:06:45+00:00,99
TI-98373144f1,"delegates from #Vaughan #Canada 😁😍😁
joined the #GrandStreetParade of #PanagbengaFestival 
#BaguioCity",delegates canada grandstreetparade baguiocity vaughan 😁 😍 😁,delegates from vaughan canada joined the grandstreetparade of panagbengafestival baguiocity,"['😁', '😍', '😁']","['HASHTAG_vaughan', 'HASHTAG_canada', 'HASHTAG_grandstreetparade', 'HASHTAG_baguiocity']",https://www.tiktok.com/@ry.d.apprentice/video/7625839597599214869,2026-04-07T02:32:35+00:00,12
TI-83941a5aa9,Begana 💙#fypシ #forupage #trending #اکسبلور #forupage,begana forupage trendi 💙,begana fypシ forupage trending اکسبلور forupage,['💙'],"['HASHTAG_fypシ', 'HASHTAG_forupage', 'HASHTAG_trending', 'HASHTAG_اکسبلور', 'HASHTAG_forupage']",https://www.tiktok.com/@kiza8861/video/7596704262890065182,2026-01-18T14:13:05+00:00,775
TI-1df1217582,bhieeee? #brownbear #greenman #baguio #launion #fyp #ph #panagbenga,bhieeee brownbear greenm baguio launion fyp ph,bhieeee brownbear greenman baguio launion fyp ph panagbenga,[],"['HASHTAG_brownbear', 'HASHTAG_greenman', 'HASHTAG_baguio', 'HASHTAG_launion', 'HASHTAG_fyp', 'HASHTAG_ph']",https://www.tiktok.com/@karina.gandola/video/7473238685580807442,2025-02-19T21:03:02+00:00,64500
TI-1cce11b655,tjs sayaw baguio#dancesport #panagbenga #dance#fyp#viralvideo,tjs sayaw baguio dancesport dance fyp viralvideo,tjs sayaw baguio dancesport panagbenga dance fyp viralvideo,[],"['HASHTAG_dancesport', 'HASHTAG_dance', 'HASHTAG_fyp', 'HASHTAG_viralvideo']",https://www.tiktok.com/@yiskah_hydrangea/video/7614418793237974280,2026-03-07T07:53:54+00:00,31
TI-b94e8d8856,"Cute ng costumessss! Nakaka goodvibes haha

#baguiocity #costume #panagbenga #travel #cute",cute costumessss nakaka goodvibes baguiocity travel costume,cute ng costumessss nakaka goodvibes haha baguiocity costume panagbenga travel cute,[],"['HASHTAG_baguiocity', 'HASHTAG_costume', 'HASHTAG_travel', 'HASHTAG_cute']",https://www.tiktok.com/@itskeith.m/video/7614817743195442452,2026-03-08T09:42:11+00:00,241
TI-c7b93b6aaa,"PANAGBENGA Floating Parade 2026!

#Panagbenga #BaguioCity #Baguio #Pabagbenga2026",floati baguiocity_baguio bagbenga baguiocity baguio pabagbenga2026,panagbenga floating parade panagbenga baguiocity baguio pabagbenga,[],"['HASHTAG_baguiocity', 'HASHTAG_baguio', 'HASHTAG_pabagbenga2026']",https://www.tiktok.com/@socialtribemedia/video/7612148235838196993,2026-03-01T05:03:41+00:00,121
TI-7f57d1894a,"Laga

🗓 2026 Panagbenga Rhythm of the Highlands - Cultural Dance Rehearsal
📍Baguio City

30th Panagbenga-Baguio Flower Festival

#Panagbenga2026 #BaguioFlowerFestival #PanagbengaFestival #RhythmOfTheHighlands",laga cultural_dance rehearsal city baguio_flower festival baguioflowerfestival rhythmofthehighlands panagbenga2026 🗓 📍,laga panagbenga rhythm of the highlands cultural dance rehearsal baguio city th panagbenga baguio flower festival panagbenga baguioflowerfestival panagbengafestival rhythmofthehighlands,"['🗓', '📍']","['HASHTAG_panagbenga2026', 'HASHTAG_baguioflowerfestival', 'HASHTAG_rhythmofthehighlands']",https://www.tiktok.com/@butler635/video/7607336705317801234,2026-02-16T05:51:49+00:00,36
TI-2449f1e45f,"""Mingle"" song from Squid Game Season 2 performed by the Philippine Military Academy Band during the Panagbenga Grand Street Dance Parade in Baguio City on February 22, 2025.
@squidgamenetlfix 
 #Panagbenga2025 #philippines #baguio #mingle #squidgame #philippinemilitaryacademy",mingle song squid game season philippine military academy band grand_street dance_baguio city february squidgame panagbenga2025 baguio,mingle song from squid game season performed by the philippine military academy band during the panagbenga grand street dance parade in baguio city on february panagbenga philippines baguio mingle squidgame philippinemilitaryacademy,[],"['HASHTAG_panagbenga2025', 'HASHTAG_philippines', 'HASHTAG_baguio', 'HASHTAG_mingle', 'HASHTAG_squidgame', 'HASHTAG_philippinemilitaryacademy']",https://www.tiktok.com/@baguioheraldexpress/video/7474134937323441409,2025-02-22T07:01:22+00:00,496
TI-4ee4842e00,#Beautiful #CordilleranHunks testing there gongs before the #Panagbenga #GrandOpenningParade #Baguioacity,beautiful cordilleranhunks gongs baguioacity grandopenningparade,beautiful cordilleranhunks testing there gongs before the panagbenga grandopenningparade baguioacity,[],"['HASHTAG_beautiful', 'HASHTAG_cordilleranhunks', 'HASHTAG_grandopenningparade', 'HASHTAG_baguioacity']",https://www.tiktok.com/@ry.d.apprentice/video/7605020524191698197,2026-02-10T00:03:55+00:00,40
TI-e349108764,"𝗞𝗔-𝗙𝗜𝗘𝗦𝗧𝗔 𝗥𝗘𝗤𝗨𝗘𝗦𝗧 | 𝐏𝐀𝐍𝐀𝐆𝐁𝐄𝐍𝐆𝐀 𝐅𝐄𝐒𝐓𝐈𝐕𝐀𝐋 𝟐𝟎𝟐𝟒
𝐒𝐓𝐑𝐄𝐄𝐓 𝐃𝐀𝐍𝐂𝐄 𝐂𝐎𝐌𝐏𝐄𝐓𝐈𝐓𝐈𝐎𝐍 - 𝐅𝐄𝐒𝐓𝐈𝐕𝐀𝐋 𝐃𝐀𝐍𝐂𝐄 𝐎𝐏𝐄𝐍 𝐂𝐀𝐓𝐄𝐆𝐎𝐑𝐘
𝐂𝐇𝐀𝐌𝐏𝐈𝐎𝐍: 𝐁𝐎𝐃𝐎𝐍𝐆 𝐅𝐄𝐒𝐓𝐈𝐕𝐀𝐋 𝐎𝐅 𝐑𝐈𝐙𝐀𝐋, 𝐊𝐀𝐋𝐈𝐍𝐆𝐀 𝐑𝐄𝐏𝐑𝐄𝐒𝐄𝐍𝐓𝐄𝐃 𝐁𝐘 𝐓𝐑𝐈𝐁𝐔 𝐑𝐈𝐙𝐀𝐋 𝐒𝐓𝐑𝐄𝐄𝐓 𝐃𝐀𝐍𝐂𝐄𝐑𝐒 𝐎𝐅 𝐑𝐈𝐙𝐀𝐋 𝐍𝐀𝐓𝐈𝐎𝐍𝐀𝐋 𝐇𝐈𝐆𝐇 𝐒𝐂𝐇𝐎𝐎𝐋 𝐎𝐅 𝐀𝐑𝐓𝐒 𝐀𝐍𝐃 𝐓𝐑𝐀𝐃𝐄𝐒
Baguio City
Date: February 24, 2024

Bodong Festival of Rizal, Kalinga represented by Tribu Rizal Street Dancers of Rizal National High School of Arts and Trades emerged as Grand Champion during the Panagbenga Festival 2024 Street Dance Competition - Festival Dance Open Category held at Baguio City. The Champion also bagged the Special Award for Innovation in Musical Arrangements and Special Award for Excellence in Festival Dance Choreography.

Head Choreographer: Jay Vee 
Music Director: Rogene Christopher 
Asstistant Musical Director: Jepoy Mapagmahal & Fronel Manongdo 
Coordinator: Ryan Greg D. Solsoloy 

𝙈𝙖𝙮𝙧𝙤𝙤𝙣 𝙠𝙖𝙗𝙖𝙣𝙜 𝙣𝙖𝙞𝙨 𝙢𝙖𝙥𝙖𝙣𝙤𝙤𝙙 𝙆𝙖-𝙁𝙞𝙚𝙨𝙩𝙖? 𝙀-𝙠𝙤𝙢𝙚𝙣𝙩𝙤 𝙤 𝙢𝙖𝙜𝙢𝙚𝙣𝙨𝙖𝙝𝙚 𝙡𝙖𝙢𝙖𝙣𝙜 𝙨𝙖 𝙖𝙢𝙞𝙣! 🤗🎊

Requested by | Reymark M. Rivera 
🎥 | Kelvin Jay C Lapada 
Courtesy |
Panagbenga : The Baguio Flower Festival 
Province of Kalinga 
#PanagbengaFestival #BodongFestival #FestivalsinthePhilippines #LovetheFestivalsinthePhilippines",city date february bodo festival rizal kalinga tribu street dancers national high school arts trades grand champion street_dance competition festival_dance open category baguio_city special award novation musical arrangements excellence choreography head jay vee director rogene christopher asstistant jepoy mapagmahal fronel manongdo coordinator ryan greg solsoloy reymark rivera kelv lapada courtesy baguio_flower province bodongfestival 🤗 🎊 🎥,𝗞𝗔 𝗙𝗜𝗘𝗦𝗧𝗔 𝗥𝗘𝗤𝗨𝗘𝗦𝗧 𝐏𝐀𝐍𝐀𝐆𝐁𝐄𝐍𝐆𝐀 𝐅𝐄𝐒𝐓𝐈𝐕𝐀𝐋 𝐒𝐓𝐑𝐄𝐄𝐓 𝐃𝐀𝐍𝐂𝐄 𝐂𝐎𝐌𝐏𝐄𝐓𝐈𝐓𝐈𝐎𝐍 𝐅𝐄𝐒𝐓𝐈𝐕𝐀𝐋 𝐃𝐀𝐍𝐂𝐄 𝐎𝐏𝐄𝐍 𝐂𝐀𝐓𝐄𝐆𝐎𝐑𝐘 𝐂𝐇𝐀𝐌𝐏𝐈𝐎𝐍 𝐁𝐎𝐃𝐎𝐍𝐆 𝐅𝐄𝐒𝐓𝐈𝐕𝐀𝐋 𝐎𝐅 𝐑𝐈𝐙𝐀𝐋 𝐊𝐀𝐋𝐈𝐍𝐆𝐀 𝐑𝐄𝐏𝐑𝐄𝐒𝐄𝐍𝐓𝐄𝐃 𝐁𝐘 𝐓𝐑𝐈𝐁𝐔 𝐑𝐈𝐙𝐀𝐋 𝐒𝐓𝐑𝐄𝐄𝐓 𝐃𝐀𝐍𝐂𝐄𝐑𝐒 𝐎𝐅 𝐑𝐈𝐙𝐀𝐋 𝐍𝐀𝐓𝐈𝐎𝐍𝐀𝐋 𝐇𝐈𝐆𝐇 𝐒𝐂𝐇𝐎𝐎𝐋 𝐎𝐅 𝐀𝐑𝐓𝐒 𝐀𝐍𝐃 𝐓𝐑𝐀𝐃𝐄𝐒 baguio city date february bodong festival of rizal kalinga represented by tribu rizal street dancers of rizal national high school of arts and trades emerged as grand champion during the panagbenga festival street dance competition festival dance open category held at baguio city the champion also bagged the special award for innovation in musical arrangements and special award for excellence in festival dance choreography head choreographer jay vee music director rogene christopher asstistant musical director jepoy mapagmahal fronel manongdo coordinator ryan greg d solsoloy 𝙈𝙖𝙮𝙧𝙤𝙤𝙣 𝙠𝙖𝙗𝙖𝙣𝙜 𝙣𝙖𝙞𝙨 𝙢𝙖𝙥𝙖𝙣𝙤𝙤𝙙 𝙆𝙖 𝙁𝙞𝙚𝙨𝙩𝙖 𝙀 𝙠𝙤𝙢𝙚𝙣𝙩𝙤 𝙤 𝙢𝙖𝙜𝙢𝙚𝙣𝙨𝙖𝙝𝙚 𝙡𝙖𝙢𝙖𝙣𝙜 𝙨𝙖 𝙖𝙢𝙞𝙣 requested by reymark m rivera kelvin jay c lapada courtesy panagbenga the baguio flower festival province of kalinga panagbengafestival bodongfestival festivalsinthephilippines lovethefestivalsinthephilippines,"['🤗', '🎊', '🎥']","['HASHTAG_bodongfestival', 'HASHTAG_festivalsinthephilippines', 'HASHTAG_lovethefestivalsinthephilippines']",https://www.tiktok.com/@thephilippinefestivals/video/7397374163268177170,2024-07-30T10:29:50+00:00,27
TI-bb3f7f3600,"Panagbenga Session Road in Bloom💐🌺🌼
#panagbenga2026 #sessionroad #baguiofeels #baguiofoodtrip",session_road bloom baguiofeels panagbenga2026 baguiofoodtrip 💐 🌺 🌼,panagbenga session road in bloom panagbenga sessionroad baguiofeels baguiofoodtrip,"['💐', '🌺', '🌼']","['HASHTAG_panagbenga2026', 'HASHTAG_sessionroad', 'HASHTAG_baguiofeels', 'HASHTAG_baguiofoodtrip']",https://www.tiktok.com/@its.prncsss/video/7612605800460078356,2026-03-02T10:38:39+00:00,36
TI-9b99ad5f82,Performer Spotlight - Carl of Iyaman Cultural Group during the Grand Floral Float Parade at the Panagbenga Festival 2026 #panagbengafestival2026 #baguiocity,performer carl iyam cultural_group grand_floral float_rade festival baguiocity,performer spotlight carl of iyaman cultural group during the grand floral float parade at the panagbenga festival panagbengafestival baguiocity,[],"['HASHTAG_panagbengafestival2026', 'HASHTAG_baguiocity']",https://www.tiktok.com/@jc.baguio14/video/7621875258643074325,2026-03-27T10:08:58+00:00,16
TI-7935fb8c38,"Panagbenga 2026 Opening Parade is giving face cards 😍 Hala sige pili 😂

#panagbenga2026 
#baguiocity 
#fyp",rade givi face cards sige pili baguiocity fyp panagbenga2026 😍 😂,panagbenga opening parade is giving face cards hala sige pili panagbenga baguiocity fyp,"['😍', '😂']","['HASHTAG_panagbenga2026', 'HASHTAG_baguiocity', 'HASHTAG_fyp']",https://www.tiktok.com/@bossmodetv/video/7601921417801780500,2026-02-01T15:37:46+00:00,500
TI-44d08c501d,"5G EnergyTok Dance at your favorite and most iconic tourist spots in Baguio City, happening now at Panagbenga! 🌺

I’m inviting you all to come and dance, vibe, and celebrate with Globe as we bring the 5G energy to this year’s Panagbenga Festival! Let’s make the city bloom with music and good vibes! 💃

See you there!!
@Globe Telecom 
#GoForwardTogether
#Globe5GEnergy
#GlobePanagbenga2026
#Globe5GHypermoveBaguio",energytok dance favorite iconic tourist spots city happeni vibe celebrate globe bring energy year festival let bloom music good goforwardtogether globegenergy globepanagbenga 🌺 💃,g energytok dance at your favorite and most iconic tourist spots in baguio city happening now at panagbenga i m inviting you all to come and dance vibe and celebrate with globe as we bring the g energy to this year s panagbenga festival let s make the city bloom with music and good vibes see you there telecom goforwardtogether globegenergy globepanagbenga globeghypermovebaguio,"['🌺', '💃']","['HASHTAG_goforwardtogether', 'HASHTAG_globe5genergy', 'HASHTAG_globepanagbenga2026', 'HASHTAG_globe5ghypermovebaguio']",https://www.tiktok.com/@tessalonika.roma/video/7613347118333381896,2026-03-04T10:35:17+00:00,1964
TI-3c8f76e5d0,"Turning Baguio City’s busy streets into a runway ✨ Right after the Panagbenga Festival opening parade. 

Little Ms. Panagbenga 2026 official candidate 🌸👑",turni baguio_city busy streets right festival little official candidate ✨ 🌸 👑,turning baguio city s busy streets into a runway right after the panagbenga festival opening parade little ms panagbenga official candidate,"['✨', '🌸', '👑']",[],https://www.tiktok.com/@angelicapreciosalandicho/video/7602057351541050645,2026-02-02T00:25:16+00:00,111
TI-9c5e75ff0a,#Panagbenga2024 #PanagbengaFestival #Panagbenga,,panagbenga panagbengafestival panagbenga,[],[],https://www.tiktok.com/@jong_pee/video/7340121020575010053,2024-02-27T03:38:25+00:00,97
TI-c1b5a384d4,Exploring Panagbenga 2024 (Part 1) #baguio #panagbenga #baguiocity,explori part baguio_baguiocity baguio baguiocity,exploring panagbenga part baguio panagbenga baguiocity,[],"['HASHTAG_baguio', 'HASHTAG_baguiocity']",https://www.tiktok.com/@ibadoyagetaways/video/7333860936010304774,2024-02-10T06:46:08+00:00,1016
TI-8e06e742e8,posting this with my eyes closed #panagbenga #panagbengafestival #baguio #adiml,posti eyes baguio adiml,posting this with my eyes closed panagbenga panagbengafestival baguio adiml,[],"['HASHTAG_baguio', 'HASHTAG_adiml']",https://www.tiktok.com/@neyauur/video/7612290603271114005,2026-03-01T14:15:27+00:00,890
TI-c3059f9146,Lance at Panagbenga Festival with surprise appearance of Aubrey Caraan ✨ haba ng hair nung lans jasten @Lance Justin Carr @Aubrey Caraan #lancebrey #lancecarr #aubreycaraan #panagbenga #panagbengafestival,lance festival surprise appearance aubrey cara haba hair jasten carr lancecarr aubreycara lancebrey ✨,lance at panagbenga festival with surprise appearance of aubrey caraan haba ng hair nung lans jasten justin carr caraan lancebrey lancecarr aubreycaraan panagbenga panagbengafestival,['✨'],"['HASHTAG_lancebrey', 'HASHTAG_lancecarr', 'HASHTAG_aubreycaraan']",https://www.tiktok.com/@onlyforlancebrey/video/7613378401499467029,2026-03-04T12:36:42+00:00,40700
TI-f6adacbc58,"A vibrant tribute to roots that continue to bloom. 💙🌼

Celebrate the spirit of the Panagbenga Festival as Cordilleran heritage takes center stage in a showcase of color, craftsmanship, and community at your most-loved @smcitybaguio. Traditions passed down through generations come alive in every detail, every performance, and every bloom. 🇵🇭🌸

#FindYourSM #AllForYou",vibrant tribute roots bloom celebrate spirit festival cordiller heritage center stage showcase color craftsmanship community traditions generations alive detail performance findyoursm allforyou 💙 🌼 🌸,a vibrant tribute to roots that continue to bloom celebrate the spirit of the panagbenga festival as cordilleran heritage takes center stage in a showcase of color craftsmanship and community at your most loved traditions passed down through generations come alive in every detail every performance and every bloom findyoursm allforyou,"['💙', '🌼', '🌸']","['HASHTAG_findyoursm', 'HASHTAG_allforyou']",https://www.tiktok.com/@smsupermalls/video/7615884615479299349,2026-03-11T10:00:00+00:00,2311
TI-86c6d2c7f9,"Hi love, had so much fun sa Baguio para sa BP's Panagbenga Mall Show. Thank you Baguio for the super fun experience and for the slice of Panagbenga! 💛💐

#BPxPanagbenga2026
#PanagbengaBP2026
#BloomWithBP",much fun mall show thank baguio super experience slice bpxpanagbenga bengabp bloomwithbp panagbengabp2026 💛 💐,hi love had so much fun sa baguio para sa bp s panagbenga mall show thank you baguio for the super fun experience and for the slice of panagbenga bpxpanagbenga panagbengabp bloomwithbp,"['💛', '💐']","['HASHTAG_bpxpanagbenga2026', 'HASHTAG_panagbengabp2026', 'HASHTAG_bloomwithbp']",https://www.tiktok.com/@marcuzjtrinidad/video/7615580287552032021,2026-03-10T11:01:17+00:00,1007
TI-c264ce3458,nice game po!!🥇 #arnis #pekaf #panagbenga #trend #universityofbaguio #padded,nice game arnis pekaf trend universityofbaguio padded 🥇,nice game po arnis pekaf panagbenga trend universityofbaguio padded,['🥇'],"['HASHTAG_arnis', 'HASHTAG_pekaf', 'HASHTAG_trend', 'HASHTAG_universityofbaguio', 'HASHTAG_padded']",https://www.tiktok.com/@_marcalexis/video/7474581281733463304,2025-02-23T11:52:57+00:00,6958
TI-8400994416,"FULL PERFORMANCE of Tuba Central School Drum and Lyre corps during the Grand street dance parade of #Panagbenga2026  

#Baguio 
#panagbenga",full performance tuba central school drum_lyre corps grand_street dance_baguio panagbenga2026 baguio,full performance of tuba central school drum and lyre corps during the grand street dance parade of panagbenga baguio panagbenga,[],"['HASHTAG_panagbenga2026', 'HASHTAG_baguio']",https://www.tiktok.com/@kwentoninicko/video/7611887626131377429,2026-02-28T12:11:42+00:00,805
TI-20b9703793,El Tribu D’ Lucban 💕 #panagbenga #panagbengastreetdancing #panagbenga2026,tribu lucb bengastreetdanci panagbenga2026 💕,el tribu d lucban panagbenga panagbengastreetdancing panagbenga,['💕'],"['HASHTAG_panagbengastreetdancing', 'HASHTAG_panagbenga2026']",https://www.tiktok.com/@sherlyn_sb/video/7612123017069530386,2026-03-01T05:00:00+00:00,169
TI-988efa91dd,"Heaven Peralejo noining the Igorot Dance during the Panagbenga Grand Floral Float Parade with Etag TV and team. Heavy is a guest artist of Regasco during the Grand Floral Float Parade held in Baguio City on March 1, 2026. #igorotdance #HeavenPeralejo #Regasco #GrandFloralFloatParade #panagbenga2026",peralejo noini igorot dance grand_floral float_rade etag team heavy guest artist regasco float held baguio_city march igorotdance heavenperalejo panagbenga2026,heaven peralejo noining the igorot dance during the panagbenga grand floral float parade with etag tv and team heavy is a guest artist of regasco during the grand floral float parade held in baguio city on march igorotdance heavenperalejo regasco grandfloralfloatparade panagbenga,[],"['HASHTAG_igorotdance', 'HASHTAG_heavenperalejo', 'HASHTAG_regasco', 'HASHTAG_grandfloralfloatparade', 'HASHTAG_panagbenga2026']",https://www.tiktok.com/@baguioboy11/video/7612706231634955528,2026-03-02T17:08:20+00:00,60
TI-51e754946f,What’s your panagbenga parade experience ?#baguio #panagbenga #breathbaguio #festival,rade experience baguio breathbaguio festival,what s your panagbenga parade experience baguio panagbenga breathbaguio festival,[],"['HASHTAG_baguio', 'HASHTAG_breathbaguio', 'HASHTAG_festival']",https://www.tiktok.com/@sonahsbibility/video/7601767871856807176,2026-02-01T05:41:51+00:00,204
TI-c93e47a0f9,panagbenga Festival 🌺🌻,festival 🌺 🌻,panagbenga festival,"['🌺', '🌻']",[],https://www.tiktok.com/@joliceescoro/video/7597016732846312711,2026-01-19T10:25:00+00:00,277
TI-7add4b66cc,The First-Ever Largest Eco-Friendly Water Lantern Festival in the Philippines. 🎇🎆 #LuminaWaterLanternFestival #ExploringPampanga #ExploringTarlac,largest eco friendly water lantern festival philippines exploringtarlac exploringpampanga 🎇 🎆,the first ever largest eco friendly water lantern festival in the philippines luminawaterlanternfestival exploringpampanga exploringtarlac,"['🎇', '🎆']","['HASHTAG_luminawaterlanternfestival', 'HASHTAG_exploringpampanga', 'HASHTAG_exploringtarlac']",https://www.tiktok.com/@exploringphilippines/video/7636416266017787156,2026-05-05T14:35:20+00:00,37
TI-b08cb4e79c,"Get ready to dance and sing along! 💃🔥
Sharing with you the FULL concert performance of the SexBomb Girls during Panagbenga 2026 here in Baguio City! Grabe ang energy — from start to finish, puno ng nostalgia, fun, and solid crowd participation!
Nakaka-good vibes talaga watching them perform live. The crowd, the lights, the music — everything was just unforgettable. 🌸✨
So happy I captured this moment and I’m excited to share it with all of you! If you enjoyed the show, don’t forget to like, comment, and subscribe for more festival highlights and adventure vlogs.
Stay tuned for more. 💙
#SexBombGirls #Panagbenga2026 #BaguioCity #LiveConcert #FestivalVibes",ready dance shari full concert performance sexbomb girls city energy finish puno nostalgia fun solid crowd rticipation good vibes live music unforgettable happy moment share comment subscribe festival highlights adventure vlogs sexbombgirls baguiocity liveconcert festivalvibes panagbenga2026 💃 🔥 🌸 ✨ 💙,get ready to dance and sing along sharing with you the full concert performance of the sexbomb girls during panagbenga here in baguio city grabe ang energy from start to finish puno ng nostalgia fun and solid crowd participation nakaka good vibes talaga watching them perform live the crowd the lights the music everything was just unforgettable so happy i captured this moment and i m excited to share it with all of you if you enjoyed the show don t forget to like comment and subscribe for more festival highlights and adventure vlogs stay tuned for more sexbombgirls panagbenga baguiocity liveconcert festivalvibes,"['💃', '🔥', '🌸', '✨', '💙']","['HASHTAG_sexbombgirls', 'HASHTAG_panagbenga2026', 'HASHTAG_baguiocity', 'HASHTAG_liveconcert', 'HASHTAG_festivalvibes']",https://www.tiktok.com/@itsnenabitch/video/7612681103375224085,2026-03-02T15:30:51+00:00,47
TI-e09781427c,"I swear I’m a grown adult…  🤣 celebrate Panagbenga with @Jollibee here in Baguio and Benguet!  Enjoy a FREE Large Coke for any Chickenjoy Value Meal purchase (Feb 27-Mar 8)
#baguio #baguiocity #hixonofbaguio #jollibee #panagbenga",swear grown adult celebrate baguio benguet free large coke chickenjoy value meal purchase feb mar baguio_baguiocity hixonofbaguio jollibee baguiocity 🤣,i swear i m a grown adult celebrate panagbenga with here in baguio and benguet enjoy a free large coke for any chickenjoy value meal purchase feb mar baguio baguiocity hixonofbaguio jollibee panagbenga,['🤣'],"['HASHTAG_baguio', 'HASHTAG_baguiocity', 'HASHTAG_hixonofbaguio', 'HASHTAG_jollibee']",https://www.tiktok.com/@hixonofbaguio/video/7613786773893778696,2026-03-05T15:01:19+00:00,113
TI-e793f9c21f,Panagbenga 2026 Baguio Flower Festival #fyp #baguio #panagbengafestival #panagbenga2026 #baguiocity,baguio_flower festival_fyp baguio_baguiocity fyp baguio panagbenga2026 baguiocity,panagbenga baguio flower festival fyp baguio panagbengafestival panagbenga baguiocity,[],"['HASHTAG_fyp', 'HASHTAG_baguio', 'HASHTAG_panagbenga2026', 'HASHTAG_baguiocity']",https://www.tiktok.com/@joe_vllnv/video/7612247707658276116,2026-03-01T11:29:01+00:00,14
TI-cbc6a9d862,"LOOK: Here are some of the personalities who graced the Grand Floral Float Parade of #Panagbenga2026! #BloomingWithoutEnd

#TuristaBoy #BreatheBaguio #FindYourselfInTheCordilleras",look personalities grand_floral float bloomingwithoutend turistaboy breathebaguio panagbenga2026,look here are some of the personalities who graced the grand floral float parade of panagbenga bloomingwithoutend turistaboy breathebaguio findyourselfinthecordilleras,[],"['HASHTAG_panagbenga2026', 'HASHTAG_bloomingwithoutend', 'HASHTAG_turistaboy', 'HASHTAG_breathebaguio', 'HASHTAG_findyourselfinthecordilleras']",https://www.tiktok.com/@turistaboy/video/7612147499268050197,2026-03-01T05:00:11+00:00,38
TI-31427714b2,"Day 1: From Azalea Residences Baguio, where we’re staying, we witnessed the vibrant Panagbenga Street Dance Grand Parade 2026 transform Baguio into a moving canvas of color and culture. 

Dancers in floral-inspired costumes filled the streets with synchronized steps and highland energy. It’s more than a parade—it’s a celebration of heritage, artistry, and the enduring spirit of the City of Pines. 🌼

#azaleahotelsandresidencesbaguio#Panagbenga2026 #StreetDanceGrandParade #BaguioInBloom #FestivalOfFlowers",day azalea residences stayi vibrant street_dance grand rade transform baguio movi canvas color culture floral costumes streets synchronized steps energy celebration heritage artistry enduri spirit city pines baguioinbloom festivalofflowers panagbenga2026 🌼,day from azalea residences baguio where we re staying we witnessed the vibrant panagbenga street dance grand parade transform baguio into a moving canvas of color and culture dancers in floral inspired costumes filled the streets with synchronized steps and highland energy it s more than a parade it s a celebration of heritage artistry and the enduring spirit of the city of pines azaleahotelsandresidencesbaguio panagbenga streetdancegrandparade baguioinbloom festivalofflowers,['🌼'],"['HASHTAG_azaleahotelsandresidencesbaguio', 'HASHTAG_panagbenga2026', 'HASHTAG_streetdancegrandparade', 'HASHTAG_baguioinbloom', 'HASHTAG_festivalofflowers']",https://www.tiktok.com/@villageconnect0612/video/7611870308827434261,2026-02-28T11:04:31+00:00,573
TI-a98fcad2ef,"Hindi kumpleto ang Panagbenga without the iconic Float Parade! 🌸💐 

The vibrant floats, the cheers from the crowd, the endless sea of flowers… parang fairytale sa gitna ng Baguio City! If you haven’t seen this yet, add it to your bucket list na! 🌼

#Panagbenga #Baguio #FloatParade",kumpleto iconic float_rade vibrant cheers endless sea flowers fairytale gitna baguio_city bucket list baguio 🌸 💐 🌼,hindi kumpleto ang panagbenga without the iconic float parade the vibrant floats the cheers from the crowd the endless sea of flowers parang fairytale sa gitna ng baguio city if you haven t seen this yet add it to your bucket list na panagbenga baguio floatparade,"['🌸', '💐', '🌼']","['HASHTAG_baguio', 'HASHTAG_floatparade']",https://www.tiktok.com/@metropinesinn/video/7612152662825405717,2026-03-01T05:20:16+00:00,86
TI-e1692b4d05,"An afternoon of charm, confidence, and blooming smiles at Little Miss Panagbenga in collaboration with Surf. Baguio’s young queens step into the spotlight, bringing grace, joy, and flower-filled moments to the stage. ✨

Because every little star deserves to shine bright—and stay fresh while doing it. 🌸💗

@Surf Philippines @RMN BrandVoice 
#SURFiestaSaPanagbenga #SurfFabcon #RMNFiestaTour
#Panagbenga2026 #LittleMissPanagbenga2026",afternoon charm confidence bloomi little miss collaboration surf baguio young queens bringi grace joy flower moments star deserves stay fresh philippines brandvoice rmnfiestatour littlemisspanagbenga surffabcon panagbenga2026 ✨ 🌸 💗,an afternoon of charm confidence and blooming smiles at little miss panagbenga in collaboration with surf baguio s young queens step into the spotlight bringing grace joy and flower filled moments to the stage because every little star deserves to shine bright and stay fresh while doing it philippines brandvoice surfiestasapanagbenga surffabcon rmnfiestatour panagbenga littlemisspanagbenga,"['✨', '🌸', '💗']","['HASHTAG_surfiestasapanagbenga', 'HASHTAG_surffabcon', 'HASHTAG_rmnfiestatour', 'HASHTAG_panagbenga2026', 'HASHTAG_littlemisspanagbenga2026']",https://www.tiktok.com/@mleahelaine/video/7616300785579691272,2026-03-12T09:37:01+00:00,22
TI-14e10da873,first time ko manood ng panagbenga parade 🥳🥰🌸 #fyp #baguio #panagbenga,first time manood fyp_baguio fyp baguio 🥳 🥰 🌸,first time ko manood ng panagbenga parade fyp baguio panagbenga,"['🥳', '🥰', '🌸']","['HASHTAG_fyp', 'HASHTAG_baguio']",https://www.tiktok.com/@richmondedwyn/video/7339036643946548486,2024-02-24T05:30:31+00:00,808
TI-1cf29cc074,"Ambon (original song) - Krista & Karen w/ Benson 
Panagbenga 2026 Session Road in Bloom 🌻 
Baguio Flavors ♥️

#kristaandkaren #panagbenga #baguioflavors #originalsong",ambon original song krista karen benson session_road bloom baguio flavors baguioflavors kristaandkaren originalsong 🌻 ♥,ambon original song krista karen w benson panagbenga session road in bloom baguio flavors kristaandkaren panagbenga baguioflavors originalsong,"['🌻', '♥']","['HASHTAG_kristaandkaren', 'HASHTAG_baguioflavors', 'HASHTAG_originalsong']",https://www.tiktok.com/@kristaandkaren/video/7615313945141808405,2026-03-09T17:47:37+00:00,20
TI-a51a278adc,"#BINI_STACEY (@Stacey Sevilleja ) 
Speaking in Ilocano 🫶🏼
BINI in Panagbenga 2024 
#biniph #BINIxCokeStudio #bini",bini_stacey sevilleja speaki ilocano bini biniph binixcokestudio 🫶 🏼,bini_stacey sevilleja speaking in ilocano bini in panagbenga biniph binixcokestudio bini,"['🫶', '🏼']","['HASHTAG_bini_stacey', 'HASHTAG_biniph', 'HASHTAG_binixcokestudio', 'HASHTAG_bini']",https://www.tiktok.com/@jilyanclp/video/7338981294430260485,2024-02-24T01:55:42+00:00,61100
