id,text,source,timestamp,engagement
TI-b3f95c155f,"The Living Gifts Nursery in La Trinidad, Benguet || Panagbenga 2024: Commuter's Guide Episode 02 #Baguio #panagbenga",https://www.tiktok.com/@ibadoyagetaways/video/7331683042639072518,2024-02-04T09:54:45+00:00,15300
TI-1e44269bad,"An endless bloom 
🎥 on FX30
#fyp #panagbenga #baguiocity",https://www.tiktok.com/@lorenzosucgang/video/7615924510893591816,2026-03-11T09:16:52+00:00,132
TI-f312d01338,"Nakabook naba ang lahat for Panagbenga 2026 ❤️🌻

#stephinbaguio #panagbenga2026 #panagbengafestival #baguiocity",https://www.tiktok.com/@stephanie_inbaguio/video/7597066319816609042,2026-01-19T13:37:25+00:00,13600
TI-f57071c74d,"The Panagbenga Festival, also known as the Flower Festival, is an annual celebration held in Baguio City, Philippines. Its history dates back to the 1900s when it was initially conceived as a way to boost the local economy and promote Baguio's flower industry.
The term ""Panagbenga"" is derived from the Cordillera language, meaning ""a season of blooming."" The festival was first celebrated in 1996, although flower floats and parades had been organized earlier as part of the city's adaptation to tourism.
Originally, the festival included a week-long series of events featuring flower floats, street dancing, and various cultural performances that showcase the heritage of the Igorot people. Over the years, it has evolved into a month-long celebration every February, attracting visitors from all over the country and abroad.
#IgoCom #PanagbengaFestival #FestivalofFestivals #slu",https://www.tiktok.com/@igocommunity/video/7427089431779101959,2024-10-18T12:40:00+00:00,41
TI-76a72fbef4,"#Panagbenga2026 | Floral Float Parade

#Baguio #FloatParade #Panagbenga #ibadoya",https://www.tiktok.com/@ibadoyagetaways/video/7612123408448490773,2026-03-01T03:26:44+00:00,27500
TI-f372d4bbbe,"#Panagbenga events
warming up before the #GrandStreetParade 
#BaguioCity #Cordillera #Philippines Feb 28 2026",https://www.tiktok.com/@ry.d.apprentice/video/7638064021089832212,2026-05-10T01:09:30+00:00,15
TI-b05ac8092c,Here’s the Full Video for everyone waiting😁🇵🇭 (full culture night YouTube video coming soon!) #philippines #panagbenga #festival #sayaw #american,https://www.tiktok.com/@katong.kano/video/7619365953494584590,2026-03-20T15:51:30+00:00,26100
TI-e2af2b984a,Panagbenga hymn 💗 #panagbenga #foryou #fyp #slu,https://www.tiktok.com/@blssjdlc/video/7474447674998082823,2025-02-23T03:14:30+00:00,31700
TI-d74975a3dd,"Panagbenga Festival 2026

#Panagbenga2026 | Floral Float Parade

#Baguio #FloatParade #Panagbenga #takido",https://www.tiktok.com/@takido/video/7612208914515397908,2026-03-01T08:58:32+00:00,2854
TI-e3ecac1905,"FULL PERFORMANCE of Baryo Kamaisan from Lawig, Ifugao during the Grand Street Dance parade of #Panagbenga2026 
 
#baguio  
#panagbenga",https://www.tiktok.com/@kwentoninicko/video/7612938375598705940,2026-03-03T08:09:09+00:00,1169
TI-75b1317b4b,Panagbenga Festival 2026 🌼,https://www.tiktok.com/@iamlloydgarcia/video/7613728011715890453,2026-03-05T11:13:32+00:00,16600
TI-75e86409eb,"Summer capital of the Philippines
#BaguioCity
#Panagbenga
#Mountain
#Homeland
#Fog",https://www.tiktok.com/@itsdanel_szn/video/7639694114690239752,2026-05-14T10:35:04+00:00,12
TI-af8ec8f86d,#sakuting part of the #CulturalDance presented by the #IyamanCulturalGroup Feb 8 2026 rhythm of the Highland - Panagbenga Festival #BaguioCity Cordillera #Philippines,https://www.tiktok.com/@ry.d.apprentice/video/7626562891830906132,2026-04-09T01:19:22+00:00,43
TI-b8d1c6666f,"𝓟𝓪𝓷𝓪𝓰𝓫𝓮𝓷𝓰𝓪 𝓕𝓮𝓼𝓽𝓲𝓿𝓪𝓵 2023
street dance champion SLU #fypシ #foryou #BaguioCity#xyzbca  #panagbengafestival2023",https://www.tiktok.com/@rhaf930_/video/7204192842057583899,2023-02-25T20:28:14+00:00,12400
TI-c1b5a384d4,Exploring Panagbenga 2024 (Part 1) #baguio #panagbenga #baguiocity,https://www.tiktok.com/@ibadoyagetaways/video/7333860936010304774,2024-02-10T06:46:08+00:00,1016
TI-e28cf39ef8,Pagaddut Native Dance of Ifugao   Cultural Dance Competition:Rhythm of the Highlands Panagbenga : The Baguio Flower Festival #panagbengafestival2026 #baguiocity #cordillera,https://www.tiktok.com/@kristanadine/video/7608873411393146132,2026-02-20T09:15:05+00:00,370
TI-97c57789a4,FOR EDUCATIONAL PURPOSES ONLY❣️#pinagbengafestival #fypシ #foryoupage,https://www.tiktok.com/@linscee25/video/7090205630409100570,2022-04-24T16:19:01+00:00,604
TI-519a6277a8,"Another cultural street dance performance 🌸🌻🌲

#panagbengafestival2025 #BaguioCity #culturetiktok #samyponz #samuelponsica #traveltiktok",https://www.tiktok.com/@samyponz/video/7474486845540224263,2025-02-23T05:46:31+00:00,3469
TI-1023f8b028,"#Pikachu mascot at #PanagbengaFestival2024 faints!!! 

🎥: @MKristelRLS #fyp #flowerparade #float",https://www.tiktok.com/@starmometer/video/7339867078263885061,2024-02-26T11:13:00+00:00,1007
TI-4cb090881d,Cultural Performers #Baguio #Panagbenga2026 #parade,https://www.tiktok.com/@wen.ngarud7/video/7637860719777565959,2026-05-09T12:00:32+00:00,19
TI-740188a047,"""Panagbenga"" means ""season of blooming"" in the Kankanaey dialect and symbolizes the city's strong community spirit. Now, it's Baguio's biggest event, drawing large crowds every year. #panagbengafestival2024 #panagbenga #flowerfestival #baguiocity #festival",https://www.tiktok.com/@jaysonchinito/video/7340529885502475525,2024-02-28T06:05:02+00:00,728
TI-3b9a79a5b8,"idi panagbenga 2026 
feb 1, biruken u man syak dta AHAHAH 
#cultural #panagbenga2026",https://www.tiktok.com/@https.kulowii/video/7635826340733701393,2026-05-04T00:27:18+00:00,30
TI-88c82227fd,"PANAGBENGA FESTIVAL — CHAMPION 🌻
special mention to leaderakas:
@abielasxzie_dlxe 
@Ashieyeah_ (Choreo)
@jaztennnn_5 
@💤 
@Shiero 
@aleyzzzo 
 #accurateness #panagbengafestival #champion",https://www.tiktok.com/@9accurateness5/video/7594411259382992149,2026-01-12T09:54:32+00:00,20700
TI-138126eb9d,#panagbenga2025 #festival #schoollife #experience #everyone,https://www.tiktok.com/@ceedlcmx/video/7635702295484730631,2026-05-03T16:24:48+00:00,15
TI-cf491a5976,#Panagbenga2025 #baguio #sessionroad #culturaldancing #panagbengafestival,https://www.tiktok.com/@juan_shot/video/7466436373013138706,2025-02-01T13:06:31+00:00,18100
TI-1c9786dbe4,"——NEW POST 
𓂃𖤐 ุ͘📓 ࣪˖ ࣪* ˖🗞！ꗃ : ۫◖🧠 › 
CONGRATS TO OUR CHAMPIONS ON OUR PANAGBENGA PERFORMANCE
#fyp #foryou #foryoupage #newton #dance",https://www.tiktok.com/@newton.grade5/video/7556785203033705736,2025-10-03T00:26:11+00:00,4539
TI-719121cd14,pampainit sa Baguio #pinoydesal #abs #cuteboy #fyp #panagbenga #baguio #igorot,https://www.tiktok.com/@pinoydesal/video/7472321806578339080,2025-02-17T09:45:03+00:00,602
TI-0446bef6d1,Panagbenga Float Parade Today! #Panagbenga2026 #Panagbenga #panagbengahunk #fyp #foryoupage,https://www.tiktok.com/@padsikan/video/7612049849827020053,2026-02-28T22:41:18+00:00,19600
TI-db94d728c6,"Panagbenga Festival 2026

Igorot Hottie ❤️ 

#baguiocity #Panagbenga2026 #IgorotBoys #Panagbenga #takido",https://www.tiktok.com/@takido/video/7612298529591004436,2026-03-01T14:46:14+00:00,1560
TI-f6cd667ea4,"Panagbrnga is waiving 🌻🌻🌻
#fypシ #fypシ゚viral #fyp #panagbenga2023 #baguio",https://www.tiktok.com/@baguiocityscapes/video/7202514951594839323,2023-02-21T07:56:37+00:00,33
TI-411437967d,#CapCut Panagbenga Festival Version #bini #pantropiko #baguio #tourism,https://www.tiktok.com/@dexterestanique/video/7637877967271628048,2026-05-09T13:08:07+00:00,31
TI-e28bdf128e,"𝐑𝐡𝐲𝐭𝐡𝐦 𝐨𝐟 𝐭𝐡𝐞 𝐇𝐢𝐠𝐡𝐥𝐚𝐧𝐝𝐬 𝟐𝟎𝟐𝟔 (𝐇𝐢𝐠𝐡𝐥𝐢𝐠𝐡𝐭𝐬)
As part of the celebration of the 30th Panagbenga Festival, 25 Cordilleran ethnic groups showcased the culture, traditions and the katarakian of the highlanders during the Rhythm of the Highlands: A Showcase of Culture and Dance. Featuring ritual, victory, courtship, occupational and festival dances, the event was held at the Melvin Jones Grandstand, Baguio City on February 15, 2026.

Participating groups included:
1. e-BICAS Cultural Group
2. SAKUSAK Musical Ensemble
3. GASAT SIN DAP-AY Cultural Dance Group
4. SAGANDAYAN Cultural Group
5. CHAG-AY Cultural Ensemble
6. KASIYANA YA BALINTAUGAN
7. IYAMAN Cultural Group
8. GANNAY Cultural Dance Troupe
9. DANG - DANG AY Cultural Group
10. BUMADANG Cultural Group
11. GAWIS Culture and Arts Ensemble
12. SALAKNIB Youth Ensemble
13. ISEM - Cordillera Dance and Culture Advocates
14. UGGAYAM Cultural Dancers
15. RAGSAK Cultural Group
16. Saint Louis School of Pacdal Inc. IP Socio - Cultural Dance Troupe
17. GAMENG DI CORDILLERA
18. KAYAW DI UMILI Ensemble
19. LITAGWA Cultural Preservation Group (LCPG)
20. KAFAGWAY Cultural Group
21. SALIBI Cultural Group
22. BSU KONTAD - Highland Cultural Dance Troupe
23. GARDENERS’ Tribe Cultural
24. AMBARU Cultural Group
25. TURAYAN Cultural Group

Watch the highlights of the event here: 

🎥 Annjay Domilies/BHE

#RhythmOfTheHighlands2026 #PanagbengaFestival2026 #CordilleranCulture #HighlanderTraditions #TarakiSpirit",https://www.tiktok.com/@baguioheraldexpress/video/7607765238104083732,2026-02-17T09:34:45+00:00,69
TI-74fc645823,During our parade as Igorot hunks of Panagbenga Festival #everyone #panagbenga #igorot #hunks #baguio,https://www.tiktok.com/@dell_gwy/video/7619696606849387797,2026-03-21T13:14:35+00:00,203
TI-62a5823530,"Panagbenga Festival in Baguio
late upload hehe

#panagbenga #baguio #lateupload #fyp",https://www.tiktok.com/@tine.z0ne/video/7638540191359110420,2026-05-11T07:57:17+00:00,10
TI-562962d67d,"Nothing beats the energy of Panagbenga Opening Parade 🌸

The city comes alive with vibrant costumes, powerful performances, and the sound of cheers echoing through Session Road. This isn’t just a parade—it’s Baguio sharing its heart, history, and artistry with everyone. 

#Panagbenga #BaguioCity #Panagbenga2026",https://www.tiktok.com/@metropinesinn/video/7601709837650513173,2026-02-01T01:56:44+00:00,15800
TI-226f8ec75d,"EPISODE 11. | Sugar Mercado & HORI7ON Jeromy Full performance + Dance Authorities Comments 

""PANAGBENGA x LOCKING""

#HORI7ON_JEROMY #sugarmercado #SUMY #SOTF #fyp",https://www.tiktok.com/@iamms.lhyn_editor/video/7633453750706883858,2026-04-27T14:59:16+00:00,254
TI-debc3f38f1,"anytime let's go 😁 
#Panagbenga Prep",https://www.tiktok.com/@ry.d.apprentice/video/7639147833366678805,2026-05-12T23:15:16+00:00,7
TI-bee2b690da,"It's our first Panagbenga. Core memory unlocked! 🌹🌸🌺🌷💐🌻🌼

#Panagbenga #Baguio #fyp  #foryou  #trendingvideo",https://www.tiktok.com/@aymiketan/video/7613228290970602770,2026-03-04T02:54:14+00:00,3222
TI-2a384633f6,"FULL PERFORMANCE of El Tribu d Lucban during the Grand Street Dance parade of #Panagbenga2026
 
#Baguio #panagbenga",https://www.tiktok.com/@kwentoninicko/video/7611949300985203988,2026-02-28T16:11:02+00:00,884
TI-dbbd57c033,"FULL PERFORMANCE of Tribu Lungsod Pag-asa de checo’s street dancers of San Jose City of Nueva Ecija during the grand street dance parade of #panagbenga2026 
#baguio  
#panagbenga",https://www.tiktok.com/@kwentoninicko/video/7613201851911114004,2026-03-04T01:11:44+00:00,61
TI-fef011a948,Kyline Alcantara 🔥 #kylinealcantara #panagbenga #foryou,https://www.tiktok.com/@kelvz.b/video/7612473762847542535,2026-03-02T02:06:21+00:00,86700
TI-cabb437f4c,"Let’s goooooo 9-Diamond
#festival #festivaldance #panagbenga #fypシ",https://www.tiktok.com/@9diamownd/video/7599953539745500417,2026-01-27T08:22:16+00:00,5727
TI-2229cd3449,"A few days before the Panagbenga competition, I thought we were all settled and ready for our street dance routine, but we, the choreographers, had a change of mind. We insisted on changing some concepts and steps in our street dance to make it more powerful, as we weren't satisfied with the previous concept. And now, we don't regret it because I can say we succeeded in showing how vibrant and powerful Tribu Siglat is. Kudos to all our dancers who gave their 1000000000000% best and energy!🫶

#panagbenga #champion #tribusiglat #festivaldance",https://www.tiktok.com/@reediocares/video/7615636390142823701,2026-03-10T14:38:49+00:00,9998
TI-0d043d1815,"Panagbenga Festival 2026

#fypviral #takido #FloatParade #Panagbenga2026 #IgorotBoys",https://www.tiktok.com/@takido/video/7639759365972577557,2026-05-14T14:48:17+00:00,14
TI-6fa513cf4a,Panagbenga 2026 Tribal Ethnic Dance. #baguio #panagbenga #trending #viral #tiktok,https://www.tiktok.com/@etribal.gallery/video/7614678548866944277,2026-03-08T00:41:56+00:00,43
TI-1b044d3423,"SINO SINISILIP MO JAN DENVER?!🫣🥰 DURING PANAGBENGA FESTIVAL 2026!🔥💪🌲

#PageantManila #PanagbengaHunks #Trending #CityOfBaguio #SaBaguio",https://www.tiktok.com/@pageantmanila/video/7614112435045158165,2026-03-06T12:05:06+00:00,248
TI-f21752d522,"Baguio 1-day tour jeep commute lang | 2026 Panagbenga Sidetrips Series Episode 02

#Baguio #panagbenga #ibadoya",https://www.tiktok.com/@ibadoyagetaways/video/7595900127659691285,2026-01-16T10:12:10+00:00,8175
TI-44706e25de,"#TribuBalitokApagey is in #Baguiocity during #PanagbengaFestival.
before the #GrandStreetParade",https://www.tiktok.com/@ry.d.apprentice/video/7638790452832996628,2026-05-12T00:08:27+00:00,14
TI-3a560c4e38,"NICE MOVES!🥰 PANAGBENGA HUNKS!🥰 DURING PANAGBENGA FESTIVAL 2026!🔥💪🌲

#PageantManila #PanagbengaHunks #Trending #CityOfBaguio #SaBaguio",https://www.tiktok.com/@pageantmanila/video/7613791807851285780,2026-03-05T15:20:58+00:00,691
TI-d4285b9e6c,"CORDILLERAN HUNKS 💪 

One Of The Tourist Attractions During Panagbenga Festival ❤️ 

 #panagbengafestival2026 #IgorotBoys #flowers #cordiller #takido",https://www.tiktok.com/@takido/video/7619259524616162581,2026-03-20T08:58:27+00:00,86
TI-34cc873656,"February in Baguio City ✅💟😍
#panagbenga #cityofpines #summercapital",https://www.tiktok.com/@jaydital.diaries/video/7637737717639433492,2026-05-09T04:03:15+00:00,10
TI-7c73a0f073,#BaguioGongFestival2025#Narpuwan#IPEACEInc#IgorotCulture#TalentedPinoys,https://www.tiktok.com/@niuniubaqi/video/7580922630312709398,2025-12-07T01:31:50+00:00,46
TI-012220aa23,"WHILE WALKING SA SESSION ROAD!🥰 PANAGBENGA HUNKS!🥰 DURING PANAGBENGA FESTIVAL 2026!🔥💪🌲

#PageantManila #PanagbengaHunks #Trending #CityOfBaguio #SaBaguio",https://www.tiktok.com/@pageantmanila/video/7613774699318791444,2026-03-05T14:14:32+00:00,323
TI-abfc385cdb,"Panagbenga Festival 2026

#Panagbenga2026 | Floral Float Parade
#panagbengafestival2026 
#Baguio #FloatParade #Panagbenga",https://www.tiktok.com/@takido/video/7612303218781179156,2026-03-01T15:04:28+00:00,4062
TI-5ab44d6dab,"This cute and perfect sunflower headdress for our Panagbenga Festival 🥹🌻

#flowerheadpiece #flowerheaddress #headdress #headgear #sunflower",https://www.tiktok.com/@cloudshop_here/video/7601414106729516308,2026-01-31T12:30:00+00:00,481
TI-501836847e,Panagbenga Street Dancing Parade #Baguio #panagbenga #parade #culture,https://www.tiktok.com/@wen.ngarud7/video/7637067658533375240,2026-05-07T08:43:04+00:00,12
TI-dd4cdbbbd8,Talented Igorot cultural performer proudly showcases Kalinga culture at the Panagbenga Festival 2026 Opening Parade #Panagbenga2026 #followers➕ #baguiocountryfair2026,https://www.tiktok.com/@sgbunzo/video/7606690529711082759,2026-02-14T12:04:16+00:00,1138
TI-c6f3bb3fa2,PANAGBENGA!#panagbenga #festival2026 #cariño #4youpage #xyzabc,https://www.tiktok.com/@carino2526/video/7597405863149653269,2026-01-20T11:35:07+00:00,27600
TI-612b187a92,E Bicas Cultural Dance group Panagbenga Festival 2026  #culturaldancers  #PanagbengaFestival#naturalculture #followers➕,https://www.tiktok.com/@sgbunzo/video/7624835363785280775,2026-04-04T09:35:33+00:00,422
TI-a7c41a7686,"Full video: @Aubrey Caraan surprises @Lance Justin Carr 

#BPxPanagbenga2026 #PanagbengaBP2026 #Baguio #Panagbenga #lancebrey",https://www.tiktok.com/@marknorella/video/7613580140353801490,2026-03-05T01:39:36+00:00,752
TI-0f1f95b00a,"PANAGBENGA FOOD TRIP, Ano TARA?

#fyp #panagbenga2026 #foodtrip #baguio",https://www.tiktok.com/@manncy13/video/7614727894316764436,2026-03-08T03:53:36+00:00,1415
TI-0f948fe0ee,Heaven Peralejo #Baguio #Panagbenga2026 #parade,https://www.tiktok.com/@wen.ngarud7/video/7638231783770803464,2026-05-10T12:00:28+00:00,4
TI-518924dda6,panagbenga,https://www.tiktok.com/@cherclaire_00/video/7293713224145341701,2023-10-25T02:12:29+00:00,3346
TI-56a5ec4b42,Relax muna tyo sa Baguio #CapCut,https://www.tiktok.com/@ronwale/video/7639362745686707463,2026-05-13T13:09:11+00:00,1
TI-004576e5df,after 3years Finally💖 #panagbenga #baguio #fyp #foryoupage #foryoupage,https://www.tiktok.com/@jesciannn_andrada/video/7204071735048555803,2023-02-25T12:37:43+00:00,648
TI-fba59dcf7a,"panagbenga theme song, try lang kung puede bha? hehe",https://www.tiktok.com/@haydenlatugan326/video/7082282394849381659,2022-04-03T07:52:49+00:00,25900
TI-625029a512,uggayam cultural dance group ang gagaling nila sumayaw#IgorotDance #naturalculture #followers➕ #PanagbengaFestival,https://www.tiktok.com/@sgbunzo/video/7638593516704124178,2026-05-11T11:24:10+00:00,416
TI-b1bcfdf79e,panagbenga festival 2026!,https://www.tiktok.com/@franzmiaco11/video/7612611565581290759,2026-03-02T11:00:55+00:00,33000
TI-217b60e4f4,PANAGBENGA HOTTIE 🔥 #pinoydesal #abs #cuteboy #fyp #panagbenga #igorot,https://www.tiktok.com/@pinoydesal/video/7475962205687549191,2025-02-27T05:11:38+00:00,69400
TI-a3e25cd6fb,Lovely ladies of SLU CCA Dance Troupe | Panagbenga 2026 #SLUBaguio #baguiocity #panagbengafestival2026  #culturaldance #followers➕,https://www.tiktok.com/@sgbunzo/video/7594576703154834696,2026-01-12T20:36:30+00:00,868
TI-7cd4f696f9,Replying to @Richard A. #panagbengafestivaldance #panagbengafestival,https://www.tiktok.com/@rich.alv_/video/7456022760192625928,2025-01-04T11:36:24+00:00,6089
TI-f6cc76faff,"city of pines🌲🍓🌻
Baguio City 2026",https://www.tiktok.com/@che_amoncio/video/7638445348532325639,2026-05-11T01:49:17+00:00,7
TI-1e6d536a03,#CapCut #fypage #fyppppppppppppppppppppppp,https://www.tiktok.com/@itsme_sat/video/7639304137171062024,2026-05-13T09:21:45+00:00,5
TI-719289387f,"during Panagbenga Grand street dance parade.
#baguiofeels #touristsdistination❤️",https://www.tiktok.com/@baguio.cloudtv/video/7638442795736435988,2026-05-11T01:39:22+00:00,14
TI-df92fda7df,"Heaven, Indeed🥺🤍 #heavenperalejo #panagbenga #panagbengafestival",https://www.tiktok.com/@smctctn/video/7612440779226664200,2026-03-01T23:58:16+00:00,8329
TI-a938ce703d,"Coworking by day, fireworks by night. 🎆 Happy Panagbenga, Baguio! 🌸          #finespacecoworkinghub  #baguiocity #panagbenga",https://www.tiktok.com/@finespacecoworkinghub/video/7614855494888344852,2026-03-08T12:08:37+00:00,12500
TI-9e498bdd7a,"🌻PANAGBENGA FESTIVAL🌻     9-Harmony
#panagbenga #foryoupage #sy20252026",https://www.tiktok.com/@yn_sxyz/video/7596164810656550162,2026-01-17T03:19:06+00:00,1876
TI-d4a2e51276,"(pt. 3) Day 2-3: Didn’t get to film everything, ang daming ganap + super hangover kami lahat lol. Basta ayan na yung nangyari towards the end ng Baguio trip #chocolatedebatirol #campjohnhay #burnhampark #panagbengafestival #igorotstonekingdom @itsandrew.co @❌🥶 @Jessa Lima @Siopao",https://www.tiktok.com/@ebbyooo/video/7618737378978516232,2026-03-18T23:12:21+00:00,26
TI-71d98e1023,your panagbenga queen '26 #panagbengafestivalqueen,https://www.tiktok.com/@_alyxsb/video/7623686469713939733,2026-04-01T07:17:16+00:00,22
TI-e5a561d4b3,sticky dreadlocks crew X alabang day 2 #stickydreadlocks #dreadlocks #dreads #dreadlockshairstyle #dreadlockshairstyle,https://www.tiktok.com/@javiegoesrandom/video/7639235955404098834,2026-05-13T04:57:10+00:00,1
TI-857fc1914e,"Late upload. 03-07-2026
2nd runner up 14U GS
2nd runner up 16U GS @kayleeavyzita 
#panagbengabadminton #panbato #badminton #fyp",https://www.tiktok.com/@kamz_acm/video/7639684222625533192,2026-05-14T09:56:40+00:00,5
TI-1d656238dc,"Labarnnn 🔥
#fyp #fyppppppppppppppppppppppp #foryou #baguio #panagbenga #festival",https://www.tiktok.com/@jujuarro/video/7474158819023621394,2025-02-22T08:33:34+00:00,45600
TI-422050a2c3,"@michaelsager_ #panagbenga 
#michaelsager",https://www.tiktok.com/@adeya_dump/video/7612164894716071189,2026-03-01T06:07:42+00:00,505
TI-e9f99e3a72,"MAPEH Performance task
Done Perfectly✅
"" Pinagbenga Festival""🌺🌻🌹

Panagbenga is an annual flower festival celebrated every February which takes place in Baguio City, Philippines. The term “Panagbenga” comes from a Kankanaey term meaning “season of blooming”. This festival reflects the history, traditions and values of Baguio and the Cordilleras.

""WORK HARD AND NEVER GIVE UP"" 😃

""THANK YOU GOD FOR THE GUIDE YOU GIVE FOR ALL OF MY CLASSMATES""

#fyp #foryou #festival #festivaldance #baguio #pinagbengafestival",https://www.tiktok.com/@prtty_angel.rose/video/7201123557017931035,2023-02-17T13:57:17+00:00,379
TI-53082787ee,Panagbenga opening #panagbenga,https://www.tiktok.com/@mychaoticworld0819/video/7466234432618319112,2025-02-01T00:03:02+00:00,53
TI-97decb4eb2,"maybe the artificial grass is the reason why we didn't perform well but still a good fight! TRIBU LUNGSOD PAGASA DE CHECO’S.
#panagbenga2026 
#baguiocity 
#fyp 
#zyxcba",https://www.tiktok.com/@ellxvjks_/video/7612313026720468242,2026-03-01T15:42:28+00:00,7315
TI-68981b5760,"Nag enjoy ba kayo sa Grand street dance parade ng panagbenga 2026? kudos sa PNP for making the event orderly and peaceful.
#panagbenga2026 #baguio #festival #philippines",https://www.tiktok.com/@boy.baguio074/video/7612462430353952007,2026-03-02T01:22:21+00:00,241000
TI-60d2001633,Ganito pala pag Panagbenga! Free taste everywhere 🤣 #baguio #panagbenga2025 #baelaki,https://www.tiktok.com/@bae.laki.finds/video/7474268486949195015,2025-02-22T15:39:06+00:00,1888
TI-2113c99120,"Panagbenga festival 
grade 7 symbian performance",https://www.tiktok.com/@rubysumayaocanales/video/7596191012733734152,2026-01-17T05:00:48+00:00,3
TI-1d211f5b45,MaLSS ka nalang sa soundtrack ng Panagbenga 😂😂 #Panagbenga🌻#baguio #foryoupage❤️❤️ #fyp,https://www.tiktok.com/@edsuuuung/video/7331184440808426757,2024-02-03T01:39:58+00:00,192
TI-488fd49dab,Panagbenga!🎉🎉#igorotiktokers #fyp,https://www.tiktok.com/@armieneaacostaosting27/video/7602115651221622036,2026-02-02T04:11:30+00:00,77
TI-70dabc1000,#Pagaddut #Beautiful preserved #CulturalDance of #Ifugao presented during #Panagbenga2026,https://www.tiktok.com/@ry.d.apprentice/video/7609107526050712853,2026-02-21T00:23:36+00:00,374
TI-11621111a1,"Preserving the rich culture of #Cordillera 🌼🌸🌹

#panagbengafestival2025 #BaguioCity #culturetiktok #samyponz #samuelponsica #preservingculture",https://www.tiktok.com/@samyponz/video/7474257684099910919,2025-02-22T14:57:14+00:00,36200
TI-7288f75597,"@Aubrey Caraan @Lance Justin Carr Tala

#BPxPanagbenga2026 
#Panagbenga2026
#lancebrey
#Panagbenga
#Baguio",https://www.tiktok.com/@marknorella/video/7613430642562370834,2026-03-04T15:59:25+00:00,15100
TI-9700166b5b,"2024 Panagbenga Song

#panagbenga 
#TransientHouseinBaguio 
#BaguioStaycation",https://www.tiktok.com/@lfbaguiotransient/video/7339445747311512837,2024-02-25T07:58:02+00:00,58
TI-89ed411d4a,"Kyle Echarri singing “Risk It All” by Bruno Mars live at the Panagbenga Kapamilya Karavan 2026🎶👍👏🏻🥰❤️

#kyleecharri @Kyle Echarri",https://www.tiktok.com/@fanofkyle0/video/7614555608704126228,2026-03-07T16:44:52+00:00,22900
TI-d8b2a7d3fc,"PANAGBENGA SZN 2026! Here’s how to save on your hotel bookings! :)  #baguio #traveltiktok #AgodaAmbassador
#AgodaCreatorCommunity #SeeTheWorldForLess",https://www.tiktok.com/@heyeebubbs/video/7601173511855410439,2026-01-30T15:15:25+00:00,38
TI-b9a68cb6ed,Oo pumunta na kayo ngayon ng Baguio! #baguio #panagbenga #baguiocity @Karl @Tetay @matt.and.cheese @marlasangco,https://www.tiktok.com/@virabxx/video/7603416029733096724,2026-02-05T16:17:31+00:00,57500
TI-afd555f3c7,Panagbenga #jeuxtotmo #festival #bulaklak,https://www.tiktok.com/@jeuxtotmo/video/7634797360828271892,2026-05-01T05:53:13+00:00,21200
TI-5d6b07e54d,"Celebrate Panagbenga in full bloom with @Globe Telecom 💙🌻

Thank you, Globe, for inviting me to experience all the fun at Globe 5G Pitstop! So many interactive stations, exciting prizes, and free photo prints waiting for you. ✨

Make sure to visit the Globe Booth and join the activities through the Globe One App! 💫

#GoForwardTogether #GlobePanagbenga2026 #Globe5GEnergy #GoForIt #GlobePanagbenga5GMissions",https://www.tiktok.com/@j.riannee/video/7613555274602908935,2026-03-05T00:03:06+00:00,206
TI-c7d8af5832,"Panagbenga 2026 | Market Encounter and PanagbengaScapes

#panagbenga #burnhampark #baguio #ibadoya",https://www.tiktok.com/@ibadoyagetaways/video/7606707460044377365,2026-02-14T13:09:59+00:00,2019
TI-8e06e742e8,posting this with my eyes closed #panagbenga #panagbengafestival #baguio #adiml,https://www.tiktok.com/@neyauur/video/7612290603271114005,2026-03-01T14:15:27+00:00,892
TI-0bad057c70,"Panagbenga Mrket Encounter Entrance Rose Garden

#panagbenga #marketencounter #rosegarden #burnhampark #panagbenga2026 @➷✯͜͡ 𝑴𝙖𝘾𝙆𝙚𝙮 ͜͡✯",https://www.tiktok.com/@makiperiii/video/7605569051280149767,2026-02-11T11:32:22+00:00,27
TI-25d6501188,"Experience Panagbenga with the speed of 5G @Globe Telecom 📶🌸

Join the 5G Dance Challenge and bring the Panagbenga 
energy around Baguio ⚡️

#GlobePanagbenga2026
#GlobePanagbenga5GMissions 
#GoForwardTogether
#5GEnergyTok 
#Globe5GEnergy",https://www.tiktok.com/@caleblozares/video/7612617606037556487,2026-03-02T11:24:25+00:00,4207
TI-c67e4788b2,Baguio Fits + Places we visited👣 #baguio #panagbenga #travel #fyp,https://www.tiktok.com/@pamedly_/video/7614761431652666632,2026-03-08T06:03:33+00:00,35400
TI-ed9cd266fc,PANAGBENGA FESTIVAL QUEEN,https://www.tiktok.com/@cathaleeya16/video/7613265732981312776,2026-03-04T05:19:32+00:00,34
TI-8e4c0e2298,"𝐅𝐢𝐞𝐥𝐝 𝐃𝐞𝐦𝐨 — 𝐏𝐡𝐢𝐥𝐢𝐩𝐩𝐢𝐧𝐞 𝐅𝐞𝐬𝐭𝐢𝐯𝐚𝐥 𝐃𝐚𝐧𝐜𝐞 𝐂𝐨𝐦𝐩𝐞𝐭𝐢𝐭𝐢𝐨𝐧 𝐂𝐡𝐚𝐦𝐩𝐢𝐨𝐧 🏆🏆🏆

Panagbenga Festival 🌻🌺

credits to the rightful owner of the music

#panagbengafestival #philippinefestival #grade7 #fielddemo #panagbengadance",https://www.tiktok.com/@kaiasmom_28/video/7611150950144855316,2026-02-26T12:33:01+00:00,546
TI-06ed0b64d0,"Pekeng damo = pekeng kabayo 

#Panagbenga2026 
#baguio",https://www.tiktok.com/@kwentoninicko/video/7612191157816216853,2026-03-01T07:49:39+00:00,4463
TI-22f647a24f,Panagbenga Theme Music #Panagbenga #Panagbenga2025 #panagbengafestival #fyp #festival #labzkie #foryou #follwers #follow,https://www.tiktok.com/@labz.kie/video/7467821654777810184,2025-02-05T06:42:09+00:00,97
TI-6c1bf22284,Panagbenga cultural dance practice,https://www.tiktok.com/@romeodelrosario34/video/7203559075668413698,2023-02-24T03:28:24+00:00,15
TI-0836c76423,Boogie Dance of Mt.Province #gy #igorotiktokers #igorot #panagbenga #festival #baguio #tourism #heritage #dance #ethnic #cultural #culture #community #tourism #trending #organization #laggunawa #mountainprovince #unesco #northern,https://www.tiktok.com/@immay_perl/video/7341955254231010566,2024-03-03T02:16:12+00:00,414
TI-0d2936d97e,"Igorots hunks☝️ Happy Panagbenga 2024🖤 

#fyp #fypシ #fy #fypシ゚viral #igorotiktokers #igorotak #baguio #viral  #baguiocity #igorot #foryou #foryoupage #tiktok 

credits video to: ChaDventurestories",https://www.tiktok.com/@rtlung_0907/video/7339565881866898694,2024-02-25T15:44:12+00:00,182
TI-78993f1592,PANAGBENGA FESTIVAL SA GROW A GARDEN HAHAHAHAAHAHAHAHAHA #GrowAGarden #Roblox #PanagbengaFestival #fyp #viral,https://www.tiktok.com/@rico_rawr/video/7511367195704724743,2025-06-02T15:01:03+00:00,76700
TI-20b40f5e19,"SINO YANG KA CHAT MO? CHOT!🫣🥰 PANAGBENGA IGOROT HUNKS! DURING PANAGBENGA FESTIVAL 2026!🔥💪🌲

#PageantManila #SaBaguio #Panagbenga2026 #BloomingWithoutEnd #BaguioCity",https://www.tiktok.com/@pageantmanila/video/7611864470528347412,2026-02-28T10:41:54+00:00,6002
TI-2fd10287fe,#panagbenga2024,https://www.tiktok.com/@jojiiieeee/video/7339530679266495749,2024-02-25T13:27:35+00:00,2614
TI-90dba33c69,PANAGBENGA SEASON 🔥 @lesterlegacy #pinoydesal #abs #cuteboy #fyp  #panagbenga #igorot,https://www.tiktok.com/@pinoydesal/video/7475978394044321042,2025-02-27T06:14:28+00:00,4613
TI-19d423f5bc,"🫶
#panagbenga #streetdancecompetition #panagbenga2025 #panagbengafestival #philippines #ctto",https://www.tiktok.com/@itsmegeroooome/video/7474748575868603666,2025-02-23T22:42:18+00:00,119
TI-abcc129125,King Saha attacking pallaso live on camera,https://www.tiktok.com/@buga256/video/7637178054929943826,2026-05-07T15:51:26+00:00,1957
TI-d42c8b9566,"SELFIE MUNA AT CELLPHONE SILA IVAN, LEANARD, DENVER & FRIENDS!🥰 DURING GRAND FLOAT PARADE | PANAGBENGA FESTIVAL 2026!🔥💪🌲

#PageantManila #panagbenga2026 #SaBaguio   #trendingvideo #foryoupageシ",https://www.tiktok.com/@pageantmanila/video/7612639919722237204,2026-03-02T12:50:59+00:00,1334
TI-e441ec5a84,"Flower props making for Panagbenga Festival Client #costumeandpropsbyaceyee #costumeforrent #festivaldance #streetdance #folkdance 

✨ Costume and Props by Ace Yee

FOR RENTALS : 

☘️ We offer package/set for your event (Choreo, Props & Costume)
☘️ We also offer BASAL RENT for your event. 
☘️ Festival King and Festival Queen
☘️ Cultural and Folkdance
☘️ Costume for rent / Props for rent

📍Cabanatuan City, Nueva Ecija

✉️ DM me on my Fb acct : Ace Yee",https://www.tiktok.com/@costume.props.by.aceyee/video/7570370888185466133,2025-11-08T15:05:30+00:00,14000
TI-1ffd3787e0,"#panagbengafestival 
#bestqueen 
#fyp",https://www.tiktok.com/@kie.jn/video/7616734059997318418,2026-03-13T13:38:18+00:00,224
TI-97988f16ee,Panagbenga 2026 🌻🌻🌻#mabinielementaryschool #tubaelementaryschool,https://www.tiktok.com/@khayeselda/video/7611534645150092564,2026-02-27T13:21:56+00:00,166
TI-a0fabcade1,"ISA SA NAGPASAYA NG PANAGBENGA 2026! ANG BATANG ERE! TUWANG TUWA ANG MGA MANONOOD SA KANYA!🥰😊🌲 GRAND FLOAT PARADE! PANAGBENGA FESTIVAL 2026!🔥💪🌲

#PageantManila #GrandFloatParade #viralreelsシ  #CityOfBaguio #SaBaguio",https://www.tiktok.com/@pageantmanila/video/7612243171103280405,2026-03-01T11:11:25+00:00,229
TI-196b05f22a,"NAG PA CUTE SI KOYA!🫣🥰 PANAGBENGA IGOROT HUNKS! PANAGBENGA FESTIVAL 2026!🔥💪🌲

#PageantManila #SaBaguio #Panagbenga2026 #BloomingWithoutEnd #BaguioCity",https://www.tiktok.com/@pageantmanila/video/7611844667641957653,2026-02-28T09:25:00+00:00,586
TI-dbdf1acbf7,happy panagbenga!!             #creatorsearchinsights #panagbenga2026 #panagbenga #cowboyhat #cowboy,https://www.tiktok.com/@arkroldanpasiliaonadong/video/7613043381261978900,2026-03-03T14:56:40+00:00,25
TI-f2b70a2074,"PANAGBENGA INSPIRED 
#igorot #cordillera #buwanngwika #Diy",https://www.tiktok.com/@jhernando5/video/7542847407302642962,2025-08-26T11:00:19+00:00,7
TI-80e4d87076,#tiktokviralvideo #panagbengafestival,https://www.tiktok.com/@maritesevaristo29/video/7339096008036601134,2024-02-24T09:22:49+00:00,11
TI-1a24c60b7d,"Caba national High school 
Caba panagbenga 🌻",https://www.tiktok.com/@matchalateee497/video/7612543082080341269,2026-03-02T06:35:21+00:00,62
TI-410bfb5e61,Bingo plus☺️.                                                #panagbenga2024                                     #eyaborja,https://www.tiktok.com/@cool_ny/video/7339565310950903046,2024-02-25T15:41:58+00:00,47800
TI-8997b00d71,Championnnn! #panagbengafestival,https://www.tiktok.com/@aaliyah_xxd/video/7605524275021270290,2026-02-11T08:38:36+00:00,415
TI-86996197b2,Emote:Pangya 3.0 Dance#cute #fyp #roblox,https://www.tiktok.com/@csxqq0/video/7574945449535163670,2025-11-20T22:57:12+00:00,5528
TI-b2240095d5,They ain’t learning about Pangea #election #trump #kamala #brain #departmentofeducation #democrat #republican #pangea #science #education,https://www.tiktok.com/@seann0203/video/7434713361243278635,2024-11-08T01:25:03+00:00,254400
TI-3707676431,"Who Remember!? 😂🔥
#fyp #atlanta #funny",https://www.tiktok.com/@realrecognizerio/video/7632453179476593934,2026-04-24T22:16:50+00:00,16900
TI-7e879cc045,Habanera de Jovencita by SLU DT 💃 #PanagbengaFestival #BaguioCity #Panagbenga2026,https://www.tiktok.com/@yroalejandro/video/7606938489136975125,2026-02-15T04:06:38+00:00,13
TI-d071fcbb9a,#everyone,https://www.tiktok.com/@dhyzkiesindigalsalvador/video/7594304559711833351,2026-01-12T03:00:24+00:00,796
TI-4c85804fe1,"The Panagbenga Season of Blooming: A Story of Spirits, Sun, and Survival 🌸✨

Reimagined video by: Grand Revel Creatives | Earl Haro

Music arranged by: @cs.musicalproductions (TikTok) | ""Dong Dong Ay"" by ALAMAT

Panagbenga is more than just a festival; it is the heartbeat of the Cordilleras. Long before the first float moved down Session Road, the indigenous tribes believed these mountains were the Land of the Anito. Every wildflower was seen as a gift from the spirits, and a bountiful bloom was a divine sign of favor for the fertility of the earth.
In those early days, wild sunflowers—associated with the Sun God looking down on the peaks—signaled the start of the dry season, a time for the community to gather in celebration.

But the most powerful ""folklore"" is Baguio’s own rebirth. Following the devastating 7.7 magnitude earthquake in July 1990, the city stood in ruins. From that despair, a vision of hope emerged. In 1995, Panagbenga was born—a metaphorical ""blooming"" from the rubble, proving that like a flower breaking through the frost, Baguio could rise again.

Today, the rhythm of the Bendiyan Dance echoes this journey. Once an ancient Ibaloi war dance for victory in battle, it has been reinterpreted into a dance of unity—a celebration of our collective victory over hardship.

From the ancient spirits to the modern streets, we dance, we bloom, and we remember. 🥁🌻🏙️

#Panagbenga 
#BaguioCity 
#SeasonOfBlooming #IgorotHeritage #BaguioResilience",https://www.tiktok.com/@earlharo/video/7603751999384947989,2026-02-06T14:01:19+00:00,17
TI-3bc3ea0e59,HAHAHAHA #panagbengafestival #festivalqueen #foryoupage #r,https://www.tiktok.com/@rvia._xz/video/7596939334343838997,2026-01-19T05:24:50+00:00,3265
TI-88fcd7abf6,"Panagbenga Grand Floral float parade. Thank you Miss @kyline alcantara. 
Sleepy na yan siya kaya dina mapa smile but after niya mag nap she keeps saying ate kyline and beaming while watching this video. 

#fyp #foryou #floatparade #panagbenga #kylinealcantara",https://www.tiktok.com/@mommydnu/video/7612593238825766152,2026-03-02T09:49:49+00:00,17800
TI-e697bf16fc,#CapCut #festival #panagbenga #fypシ゚viral,https://www.tiktok.com/@cysha_alm/video/7599930189111381255,2026-01-27T06:50:43+00:00,425
TI-bda50cba5c,🄿🄰🄽🄰🄶🄱🄴🄽🄶🄰 2023 | Street Dancing #panagbenga #baguiocity #baguio #benguet #philippines #panagbengafestiva2023 #igorot #sessionroad #motobex #streetdancing #bongabon #nuevaecija #sibuyasfestival,https://www.tiktok.com/@1motobex/video/7204079820454513947,2023-02-25T13:09:06+00:00,1351
TI-6ec0a2ac5f,"Sino Si Den Den? HAHAHA 
Cuteness Overload 😍

 #takido #yolo #IgorotBoys #panagbengafestival2026 #FloatParade",https://www.tiktok.com/@takido69/video/7620025524865404180,2026-03-22T10:30:57+00:00,212
TI-a4466387ee,"Panagbenga Street Dance Parade 2025 

#fyp #baguio #baguiocity #panagbenga #panagbenga2025",https://www.tiktok.com/@jeneree_/video/7474061705467727122,2025-02-22T02:16:43+00:00,34200
TI-1feef9bf05,"Traditional igorot dance,
Opening Parade of Panagbenga Festival 💖💐🌺
#baguiocity #panagbengafestival #panagbenga2026 #igurot #igorotdance",https://www.tiktok.com/@pr.ince_12/video/7601801492907052306,2026-02-01T07:52:22+00:00,42
TI-30390c751a,"Happy Panagbenga 2026!
This nostalgic sound defines Baguio.

#Baguio #fyp #foryou #foryoupage",https://www.tiktok.com/@kuyavjra/video/7601724185303321876,2026-02-01T02:52:22+00:00,2211
TI-c26a5c6504,Representing the Panagbenga of Baguio City last Cordillera Festival of Festivals Show 2022 🌼🌸🌺 #1stcordillerafestival #slu #dancetroupe #sludt #panagbenga  #baguio,https://www.tiktok.com/@ms.agcl/video/7156941994432990491,2022-10-21T12:30:17+00:00,175
TI-1b809629e2,SEA OF CROWDS 🤣 📍SESSION IN BLOOM #fyp #baguiocity #baguio #panagbenga #panagbenga2025 #sessioninbloom #theycallmepew #aescorpio #creatorsearchinsights,https://www.tiktok.com/@theycallme.pew/video/7476432931238481160,2025-02-28T11:38:16+00:00,6076
TI-a0286823af,Baguio panagbenga festival cultural dance #festival #tiktok #panagbenga #baguio #2026,https://www.tiktok.com/@supsupmotovlog/video/7607631262601252117,2026-02-17T00:54:57+00:00,10
TI-44d08c501d,"5G EnergyTok Dance at your favorite and most iconic tourist spots in Baguio City, happening now at Panagbenga! 🌺

I’m inviting you all to come and dance, vibe, and celebrate with Globe as we bring the 5G energy to this year’s Panagbenga Festival! Let’s make the city bloom with music and good vibes! 💃

See you there!!
@Globe Telecom 
#GoForwardTogether
#Globe5GEnergy
#GlobePanagbenga2026
#Globe5GHypermoveBaguio",https://www.tiktok.com/@tessalonika.roma/video/7613347118333381896,2026-03-04T10:35:17+00:00,1965
TI-c405ab969a,#festival #panagbengafestival #festival2026,https://www.tiktok.com/@itsrooooooooon/video/7605177332080381204,2026-02-10T10:12:19+00:00,96
TI-2ebdc7facd,"LAHAT NGA KASI SA BAGUIO NALALAKAD, KOLET #baguio #baguiocity #panagbenga #grandfloatparade",https://www.tiktok.com/@serdeo56ig/video/7612104012405509396,2026-03-01T02:11:24+00:00,820
TI-37ec3a75ea,Sana all sayo ya .#fy #fyyyppp #foryoupage #panagbengafestival #baguio,https://www.tiktok.com/@marksheysz/video/7601827223032581396,2026-02-01T09:32:09+00:00,7645
TI-9c248c1ae7,"Talented Igorotas proudly wearing their Kalinga Traditional Attire!

Panagbenga Festival 2026 Opening Parade
#panangbenga2026 #Igorotculture #followers➕",https://www.tiktok.com/@sgbunzo/video/7608917056829918482,2026-02-20T12:04:21+00:00,439
TI-3c8f76e5d0,"Turning Baguio City’s busy streets into a runway ✨ Right after the Panagbenga Festival opening parade. 

Little Ms. Panagbenga 2026 official candidate 🌸👑",https://www.tiktok.com/@angelicapreciosalandicho/video/7602057351541050645,2026-02-02T00:25:16+00:00,111
TI-23cb75ae10,TAWID A BALITOK FINAL REHEARSAL FOR PANAGBENGA FESTIVAL #choreographer #panagbenga,https://www.tiktok.com/@angeloalfreds/video/7474812945784933640,2025-02-24T02:51:56+00:00,1848
TI-642d7a7ada,"Everything I ate at a food festival in the Philippines! 🔥🍡🍦

📍Session Road in Bloom, Baguio City, Philippines 🇵🇭 (Panagbenga Flower Festival)

#philippines #streetfood #foodfestival #market #filipinofood",https://www.tiktok.com/@biteswithlily/video/7634047870081125653,2026-04-29T05:24:46+00:00,180800
TI-bfc2198fa5,#panangbenga2026 #Igorotculture #followers➕,https://www.tiktok.com/@sgbunzo/video/7609615909933632776,2026-02-22T09:16:20+00:00,15800
TI-283f64b41a,Picturial one of the Igorot hunks Panagbenga festival Baguio city  #festival #panagbenga #2026 #baguio #viral_video,https://www.tiktok.com/@supsupmotovlog/video/7608047013309074708,2026-02-18T03:48:16+00:00,34
TI-27530c9221,CHAMPION Street Dancing Competition Panagbenga 2026 🌼 | TRIBU SIGLAT 🎋#panagbengafestival2026 #baguiocity,https://www.tiktok.com/@jc.baguio14/video/7613039932898020629,2026-03-03T14:43:17+00:00,19
TI-6400f0a2f5,#panagbenga2025,https://www.tiktok.com/@ryl1233456789/video/7474212195258191109,2025-02-22T12:00:42+00:00,21100
TI-b3420287f5,Baguio City Nat'l High School in their performances during Panagbenga Grand Street Dance Parade 2026 🌼✨ #panagbengafestival2026 #baguiocity,https://www.tiktok.com/@jc.baguio14/video/7613386929580854549,2026-03-04T13:09:49+00:00,38
TI-357042a149,Panagbenga Opening #panagbenga #baguio #igorotak #fyp,https://www.tiktok.com/@injunjoe2022/video/7331211571865079046,2024-02-03T03:25:14+00:00,209
TI-af9c939ae2,#panagbengafestival,https://www.tiktok.com/@celisvierr_/video/7596349104351989010,2026-01-17T15:14:16+00:00,198
TI-910e5f1aae,#panagbenga #mygarden,https://www.tiktok.com/@mahamashahedi/video/7209818398803397931,2023-03-13T00:17:47+00:00,16
TI-a3d4b4b415,lets go#baguio #panagbenga #letsgo #fyp #viral,https://www.tiktok.com/@cuteanne2015/video/7612616041536998676,2026-03-02T11:18:21+00:00,296
TI-2571b47f8e,"congrats tribu eulogiano! See you panagbenga festival✨

#baggakfestival  #launion 
#fyp #dance",https://www.tiktok.com/@ejayyyraiiii/video/7609667692173298965,2026-02-22T12:37:16+00:00,744
TI-1a0740c9c9,Are you ready for Pangabenga 2025? 🌻🌸🌺 #panagbenga2025 #baguiocity #streetdance #drumandlyre @Khaye Selda,https://www.tiktok.com/@robinhood.33/video/7466025853961489681,2025-01-31T10:33:35+00:00,163
TI-d185e95357,🥈 #arnis #anyo #panagbenga #tournament,https://www.tiktok.com/@sorianopatrick211/video/7614828865877183764,2026-03-08T10:25:19+00:00,85
TI-8f405129fb,"PANAGBENGA FESTIVAL QUEEN!
#fyppppp #fypシ゚viral #fyppppppppppppppppppppppp #fyp #makeitviral",https://www.tiktok.com/@_nytkleksz/video/7597382950493162759,2026-01-20T10:06:06+00:00,1105
TI-e97f5613b4,Our entry for Panagbenga Festival  Street Dance 2026 !! 😁👯‍♀️💃   @Itim @eri @jezliiiii @erickadare @Sinabawang sisiw,https://www.tiktok.com/@whos._jasss/video/7612278112201559304,2026-03-01T13:27:01+00:00,11
TI-b044c8b9ea,sideyyy #arnis #fyp #CapCut #foryourpage #panagbengafestival,https://www.tiktok.com/@_inazzjai/video/7475210728094420242,2025-02-25T04:35:34+00:00,1953
TI-11903f8919,@ryannahjulia 🥰🫶🏻 nakita narin kita ng malapitan huhu. NAPAKA GANDA MO!!! AS ALWAYSSS!!! 😭 #thisnamalambing #ryannahjulia #ampersandbaguio #panagbenga2026,https://www.tiktok.com/@berirchive/video/7612137591529393426,2026-03-01T04:21:41+00:00,21900
TI-044d81db91,Ngiting kikilingin ka 🤭🥰😍 #michealsager #panagbenga2026 #tiktok #trend #highlight,https://www.tiktok.com/@motherof3kids32/video/7611833422041992456,2026-02-28T08:41:21+00:00,2856
TI-91727b12d5,#panagbenga2025 #theresevillamor,https://www.tiktok.com/@thrsvllmrr/video/7476850210904313106,2025-03-01T14:37:31+00:00,35000
TI-c6cca0b273,"PANANG CURRY 🥘🌶️🇹🇭

a regional variation of the typical Thai red curry originating from central Thailand and it is also one of my new favorites. 
 
Feel free to substitute the protein with whatever you would like. Shrimp, beef, pork, fish, tofu if your vegetarian. It all works. 

If you have the time on your hands you could make your own curry paste but im using pre made paste to make it easier. 

Ingredients:

1.5 boneless chicken thighs
8oz coconut milk
Palm or block cane sugar to taste
Fish sauce to taste
2tbsp Store bought panang curry paste (mae ploy)
6-7 Kaffir lime leaves
Thai chilis to taste

Optional:
1 red bell pepper

The curry paste does already have salt in it so depending on how much you use you may not need that much fish sauce. Give it a taste before you add anything extra. 

#thaifood #thaicurry #panangcurry #onepotmeals #chickenrecipe",https://www.tiktok.com/@jclacooks/video/7597295048711081246,2026-01-20T04:25:16+00:00,6368
TI-e5a1325b16,"CHARLY GAMER se entera en el live que su perro falleció...

será verdad????

#salaviciogames #paperogamer #panagbenga2024 #electrogamer #ikonic #mexico🇲🇽",https://www.tiktok.com/@sublimaniaslp/video/7439093382481268024,2024-11-19T20:41:48+00:00,5106
TI-816dd9966e,Does everyone just know this and I’m stupid?? Why isn’t everyone talking about it?? #pangea #scottishhighlands #applachianmountains #badatgeography #gardening,https://www.tiktok.com/@magicbells2203/video/7635181933726551326,2026-05-02T06:46:00+00:00,379200
TI-f48e77a8a4,"Hindi lang sa eksena may kilig… pati sa totoong buhay 🥹💖 #SurpriseLance sa Baguio @Aubrey Caraan 

#b#bdbphaemb#bdbartist#BPxPanagbenga2026P#PanagbengaBP2026@Lance Justin Carr",https://www.tiktok.com/@bdbph_aem/video/7613427056461745428,2026-03-04T15:45:30+00:00,5539
TI-3857b0f733,"#panagbengafestival #Tribukanluranjones
#panagbenga2026",https://www.tiktok.com/@ghlenyx_gr/video/7612499558676892936,2026-03-02T03:46:21+00:00,89
TI-3cd972344f,"What If Pangea Came Back...

#pangea #continents #geography #map #mapping",https://www.tiktok.com/@geopen0/video/7637595191704079638,2026-05-08T18:50:09+00:00,331
TI-5be42a21e6,"Ota Benga

#History #historytok #historychannel #HistoryFacts #TrueHistory #darkhistory #congolesehistory #Otabenga #bronxzoo #africanamericanhistory",https://www.tiktok.com/@thearchivedhistory/video/7632758589056191758,2026-04-25T18:02:07+00:00,4575
TI-1c9b67984a,"Connecticut looks like Scotland sometimes… love that they were once part of the same mountains.

#connecticut #views #mountains #scotland #pangaea",https://www.tiktok.com/@paolawolff_/video/7638764773320035614,2026-05-11T22:29:06+00:00,171
TI-27dd4f7124,MUSALA MUSALA 🗣️ #pourtoi #benga #newsong,https://www.tiktok.com/@dalso_09/video/7616501400557702422,2026-03-12T22:35:36+00:00,105400
TI-bc9ae26f1a,Hottie ni Kobe Paras 😝 #fyp #foryou #panagbenga2024 #baguiocity #panagbengafestival,https://www.tiktok.com/@ellemenowpi/video/7339395741607152902,2024-02-25T04:43:59+00:00,1707
TI-674852a224,Pangea edit #geology #edit #pangea #niche #retvrn,https://www.tiktok.com/@jvin_r/video/7638565347733327126,2026-05-11T09:34:57+00:00,56
TI-40f40f6476,"POV: You’re in Baguio during the Panagbenga Grand Street Dancing Parade and the whole city is dancing!🌸🔥 

The Sunmer Capital comes alive with colors, culture, and nonstop energy! 

#StreetDancing #Panagbenga #Baguio",https://www.tiktok.com/@metropinesinn/video/7611759806323395861,2026-02-28T03:55:46+00:00,51100
TI-94272b130a,Who wants to see the full dance?!🇵🇭 #philippines #bisaya #panagbenga #dance #filipino,https://www.tiktok.com/@katong.kano/video/7618832080092269838,2026-03-19T05:20:16+00:00,683000
TI-5785359f6f,"FULL PERFORMANCE of Mabini Elementary School drum and lyre corps during the Grand Street Dance parade of #Panagbenga2026 

#baguio #panagbenga",https://www.tiktok.com/@kwentoninicko/video/7612138626838760724,2026-03-01T04:25:48+00:00,2329
TI-3b5c5b8193,"#IyamanCulturalGroup
#PanagbengaFestival
#culturalDance Competition 
#BaguioCity",https://www.tiktok.com/@ry.d.apprentice/video/7636973241390632212,2026-05-07T02:36:45+00:00,30
TI-d5e189b73b,"#GawisAyMountainProvince 😍 by the #YamanCulturalGroup #Panagbenga2026 #CulturalDanceCompetition 
#RhythmOfTheHighLand",https://www.tiktok.com/@ry.d.apprentice/video/7608028707478965524,2026-02-18T02:37:14+00:00,55
TI-e099fbf5a6,"Baguio, you really did that! Panagbenga with GameZone was next level. 🌺
#GamePanagbenga #RealGameRealPlayer #Panagbenga2026",https://www.tiktok.com/@awrabriguela/video/7612275027894963464,2026-03-01T13:14:59+00:00,124400
TI-30978a57c7,#Benguet #panagbenga2024  #foryou,https://www.tiktok.com/@ouchdaddy555/video/7387796948926975250,2024-07-04T15:05:23+00:00,7423
TI-ddb05a9d63,"Mas mamumulaklak sa saya ang Panagbenga Festival Kapamilya Karavan kasama ang cast ng #ROJA na sina Inigo Jose, Gello Marquez, Lou Yanong, Harvey Bautista, AC Bonifacio, Kai Montinola, Yassi Pressman, #MaymayEntrata, #KyleEcharri, at #DonnyPangilinan! 🌻

Kaya ano pang hinihintay niyo? Sugod na ngayong MARCH 7, 4PM sa Melvin Jones Grandstand! Kita kits Kapamilya! 💜

#ABSCBN",https://www.tiktok.com/@abscbnpr/video/7612823151776435457,2026-03-03T00:42:56+00:00,1407
TI-e7efbf29fe,"From blooming floral costumes to high-energy performances, every shot captures the heart of Baguio City in full celebration mode. The creativity, culture, and passion of each performer truly made this year unforgettable.

Sharing some of my favorite moments through these photos—hope you can feel the beat and the joy just like I did!

#Panagbenga2026 #StreetDanceParade #BaguioCity #FestivalVibes #FlowerFestival",https://www.tiktok.com/@imjpyow/video/7612280551482985748,2026-03-01T13:36:30+00:00,56
TI-150253d49d,#panagbengafestivaldance #champion #sped #ste #panagbengaqueen,https://www.tiktok.com/@rich.alv_/video/7457558960703343879,2025-01-08T14:57:36+00:00,117900
TI-240cbcdbe7,"Panagbenga Festival 2024 Performers

#pangbengafestival #panagbenga #panagbengafestival #baguio #baguiocity #fyp #foryoupage #festival",https://www.tiktok.com/@solivagant99/video/7340856131826339074,2024-02-29T03:11:12+00:00,64
TI-0c9f9db7e8,"‼️ SAVE THIS BEFORE YOU MISS THE BEST EVENTS ‼️

📍Cozy Cove, Leonard Wood Rd.
🗓️February 26-27 
⏰9AM-9PM

#panagbenga #baguio #baguiocity #cupofjoe #baguiofeels",https://www.tiktok.com/@thecityoffindss/video/7607435412176489736,2026-02-16T12:14:51+00:00,7098
TI-eec1e14b32,congraaatss guyss!!!! thankyouuu sa gown @DenrieLariba and sa makeup @mau 😚😚 #festival #panagbenga #grade9 #mapehfestival #queen #festivalqueen,https://www.tiktok.com/@shjhyo/video/7340619998857022725,2024-02-28T11:54:43+00:00,1915
TI-06b2d523e5,"Experience the vibrant colors of the #PanagbengaFestival in Baguio! 🌸🎭 From grand floral floats to lively street dances, this festival is a must-see for culture and travel lovers! ✨🏞️ #BaguioCity #TravelPhilippines #FestivalVibes #smbaguio #local #travel #ditosapilipinas",https://www.tiktok.com/@ditosapilipinas/video/7473125175244950785,2025-02-19T13:42:34+00:00,131
TI-34987d744f,"Some of the stalls in Session Rd during Panagbeng 🤗
#panagbenga #panagbengafestival #food #foodtok #sessionroad #baguiocity #fyp #foryourpage",https://www.tiktok.com/@sunflowerr378/video/7459051505493085460,2025-01-12T15:29:33+00:00,329
TI-4ec4896ee8,"Waiting for the fireworks! Panagbenga signing off, next year ulett #panagbenga2024 #baguio #sm #fyp #fypシ #fypl #foryoupageofficiall #tiktok #fyp #fyp #fyp #fyp #fyp #xyzbca #fyyyyyyyyyyyyyyyy #fyyyyyyppppppppp #fyyyyyyyyyyyyyyyy #fypシ",https://www.tiktok.com/@charmaineandiso/video/7342820832365989125,2024-03-05T10:15:05+00:00,5711
TI-6388114f11,"Cool weather, festive streets, and comforting local food 🌻☁️ These were my Panagbenga Market Encounter picks. What were yours?😋

🌻James Wright cream puffs - the original was so-so, the caramel one was the bomb!
🌻Patisserie de Glitz - for me, this has the best tiramisu in Baguio 😋
🌻Nay Chit Mozzarella fish - cutie and so good!
🌻Sushikami Takotaki - cuz i missed Japan. Lol loved it! may octo slice talaga siya sa loob 

 #wheninBaguio #Panagbenga2026 #panagbengafestival #foryou #foodie",https://www.tiktok.com/@mommakare.n.love/video/7605231564141628679,2026-02-10T13:42:42+00:00,10
TI-00445d97b3,"Artist during Panagbenga

#panagbengafestival #baguio #panagbenga #fyppppppppppppppppppppppp #igorotiktokers",https://www.tiktok.com/@xavierdunwanballay/video/7612136417795378452,2026-03-01T04:17:09+00:00,124
TI-17aeba4c43,"Floats adorned with flowers show off at the Grand Float Parade along the central business district in Baguio City on Sunday, as part of the Panagbenga Festival 2024. (Photos by Andy Zapata Jr./The Philippine STAR) #philippinestar #socialnewsph #panagbenga #baguiocity #flowers",https://www.tiktok.com/@philippinestar/video/7339430099013471493,2024-02-25T06:57:19+00:00,471
TI-4bc0086847,"Here are some vibrant moments from the Panagbenga Festival Street Dance Parade 2025, held last February 22! 🌸💐🌼

#panagbenga2025 #streetdanceparade #baguiocity",https://www.tiktok.com/@imjpyow/video/7475111203791047943,2025-02-24T22:09:33+00:00,102
TI-630cb5f299,#baguiocity #panagbenga2025 #trip #travel #fyp #baguiosessionroad,https://www.tiktok.com/@iamalvn_mntl/video/7475350583390506248,2025-02-25T13:38:11+00:00,10900
TI-0a5ee2a9cd,#fyp #fypシ #tiktok #panagbenga2024 #baguiocity #baguio #foryoupage,https://www.tiktok.com/@mrjbntll/video/7347698164834585861,2024-03-18T13:41:37+00:00,113
TI-dc29cd230e,"“When you dance, your purpose is not to get to a certain place on the floor. It is to enjoy each step along the way”. -Wayne Dyer

DIRO FESTIVAL TI BACNOTAN🐝🍯

#foryoupage❤️❤️ 
#streetdancing 
#panagbenga2025 
#tawidabalitok 
#hatawbacnotan 
#dirofestival 
#trending",https://www.tiktok.com/@ms.rosh3/video/7477920800989859079,2025-03-04T11:51:57+00:00,324
TI-86749467ea,#smcitybaguioskyterraceview #fyppppppppppppppppppppppp,https://www.tiktok.com/@user6091394268404/video/7630013258329623828,2026-04-18T08:28:25+00:00,7
TI-373364fc84,Yuk buruan di order granit motif mulai dari harga 155 perdus dan langsung bisa bawa pulang hadiah nya#serangbanten #serang  #semuaorang #tanggerang #pyfツ,https://www.tiktok.com/@pontangjayakramik/video/7639271370253225236,2026-05-13T07:14:37+00:00,5
TI-3c2f7faf9f,"Panagbenga 2026 ending with a bang 🎆

Front row seat to the Grand Fireworks Display! What a night in Baguio! ✨

#Panagbenga #Baguio #Fireworks",https://www.tiktok.com/@metropinesinn/video/7614857637842128148,2026-03-08T12:16:56+00:00,9876
TI-e76b742578,"#CapCut namasyal ang person 😁 
#wheninbaguio #baguioescapade #highlights #fypシ",https://www.tiktok.com/@sakura__cherry2/video/7633773010872241426,2026-04-28T11:38:10+00:00,11
TI-6c7076b2ba,"Chumba Master,Seble na Jiko(Mpyaaa)🔥🔥🔥🔥🔥🔥Kigamboni Kisiwani Kiwandaa Cha Rangi🔥🔥🔥🔥🔥🔥Umeme Unajitegemeaa,Fenced,Parking Kubwaaa Sanaa,Majii Bureee,Wapangaji Watatu💰💰💰💰💰💰300k Permonth Miezi Sitaaa📞📞📞📞📞📞📞📞📞0715539797.                              #PanganaDembele #KaribuKigamboni #Nyumbakalit #Beatifulplacetolive #Hallaaaaaaaaaaaaaaa",https://www.tiktok.com/@dalalidembelekigamboni/video/7639679279378205970,2026-05-14T09:37:26+00:00,28
TI-08df5bcbff,"13 Abberton Street Flagstaff Hill SA 5159🏡
Best Offers By 25th May 12PM (USP)

Sun-splashed, sparkling and spilling with stylish updates, 13 Abberton Street showcases how contemporary foundations can flourish with refreshed modern detail. Unfolding behind an easy-care and flowering frontage with rendered façades, this warm and welcoming property impresses with its open, airy feel and seamless connection between indoor relaxation and outdoor entertaining.

See more 👉 bit.ly/13AbbertonSt

☎️ Pan Katranis 0422 625 586

ENCORE Real Estate SA
SA Wealth Group
RLA 316149",https://www.tiktok.com/@pankatranis.encorere/video/7639641493082311956,2026-05-14T07:10:52+00:00,5
TI-1d2d9bf346,Penagbenga park,https://www.tiktok.com/@lester.nadong/video/7630680794503089416,2026-04-20T03:38:46+00:00,16
TI-04091cc7b0,μεσαιωνικός πύργος Βραυρώνας.,https://www.tiktok.com/@panagmaggen/video/7634475779157429526,2026-04-30T09:05:17+00:00,9
TI-887d9fe9e1,#maquillaje #makeup #pasto #beauty #napanga,https://www.tiktok.com/@napangabeauty/video/7636079410109615380,2026-05-04T16:48:13+00:00,10
TI-070717a528,#baguiotournament #panagbenga #arnis #arkadoantipolo,https://www.tiktok.com/@yusuf_carreon4/video/7618579194288590098,2026-03-18T12:58:24+00:00,196
TI-d5d62b89a0,Bloom Baguio! | Panagbenga costume w/ mmub bestie @kyl3langot #Panagbenga2026 #UB #Baguio,https://www.tiktok.com/@a.ssdny_on_ig/video/7597028348056882450,2026-01-19T11:10:03+00:00,204
TI-0cc1f95e53,"MALIZA TUONDOKE🤣
#ashurakiuno #trendingvideo #tiktoktanzania #mfinanga",https://www.tiktok.com/@lolohy.dee/video/7565575931302120716,2025-10-26T16:58:44+00:00,1638
TI-97727f440d,panagbenga festival dance by Grade 9 falcon in NORALA NATIONAL HIGH SCHOOL BIDA ANG BATANG NORHIGH #darwinarellanosubiera #fypシ #panagbengafestival #panagbenga2024 #baguio #FESTIVALDANCE #grade9 #noralanationalhighschool,https://www.tiktok.com/@djqt_13/video/7349561318677941509,2024-03-23T14:11:36+00:00,6672
TI-f7a732db8c,"#CapCut 🗓️ Book your appointment online at https://stylistpang.as.me/

📍JHADE - West Milwaukee
🌐Visit Us at www.PangVangLLC.com
📞 TEXT 920-471-0437

📍NEW East Side Location Coming this Summer. Bookings will be available soon!

#jhadesalonmke  #mkeasianstylist #mkeasianbalayage",https://www.tiktok.com/@stylistpang/video/7637151861157399821,2026-05-07T14:09:56+00:00,23
TI-bcd3c95472,"Experience the vibrant performances as Panagbenga 2025 comes alive, showcasing the rich cultural heritage and rhythmic artistry of the highlands!🌻🌸
.
.
#PanagbengaFestival #CulturalHeritage #streetdance #igorotiktokers #foryoupagereels #fyp #foryou #cordillera @everyone  @highlight",https://www.tiktok.com/@m0net_angann0y/video/7471592798878240007,2025-02-15T10:36:05+00:00,3004
TI-b51331f439,"kinilabutan ako nung narinig ko na ulit yung Panagbenga hymn... nakaka miss 😭❣️ after 2 years, ng dahil na rin kasi sa Pandemic, na i-celebrate ulit ang Panagbenga festival kahit papaano 🥺💛 i hope everyone enjoyed this special day 💖

I will upload all my videos of the Panagbenga Grand float parade later... stay tuned ❣️ 

YT account @LLLayagami

#panagbenga2023 #panagbenga #Baguio",https://www.tiktok.com/@lllayagami/video/7204318907044236550,2023-02-26T04:36:57+00:00,2374
TI-a39d044dcd,"MAPENZI UPOFU 🤣
#trendingvideo #mfinanga",https://www.tiktok.com/@8lomsy/video/7557009600067669260,2025-10-03T14:56:54+00:00,20800
TI-bb94493b93,รู้ยังร้านนี้ใครตัวแม่,https://www.tiktok.com/@nompangthanyaburi/video/7639742474977578261,2026-05-14T13:42:42+00:00,3
TI-e67e0757d8,Puerto Princessa Tour,https://www.tiktok.com/@panyang129/video/7639240621877775637,2026-05-13T05:15:17+00:00,2
TI-16923af99e,"#creatorsearchinsight 
Nyumba yakupangisha Kigamboni 

<>chumba master class sebule najiko Kali saana full ac 

<>umeme unajitegemea maji bure IPO kalibu saana nabarabara 

<>malipo miezi sita ipo kalibu saana nadarajani 

<>Asking price,, LAKI NNE TU 
400000/=ipo lami kabisaaa 

📍location exactly,, KIGAMBONI DARAJANI KABISAA 

☎️0763428368 wasap
☎️0626849586 wasap
<>service charge 20k
<>pesa yaudalali mwezi mmoja 

#panganadalalichipukizitu 
#airbnbswimmingpollfypp 
#nyumbakalikigambonikote 
#fyyyyppppppppppppppp",https://www.tiktok.com/@dalalichipukizikigamboni/video/7639314701406555399,2026-05-13T10:02:45+00:00,20
TI-02a641e4d8,#fyppppppppppppppppppppppp #tiktok #ฟีดดดシ,https://www.tiktok.com/@pang.pongpang/video/7638080103934643477,2026-05-10T02:11:53+00:00,14
TI-6c90cf0bae,"#fypviraltiktok🖤シ゚☆♡ #highlightseveryonefollowers #foryoupage❤️❤️ #creatorsearchinsights #onthisday 
🥰💕",https://www.tiktok.com/@hermierona/video/7639717371644628244,2026-05-14T12:05:19+00:00,0
TI-6cebc9b090,#CapCut,https://www.tiktok.com/@pangramdouble/video/7639745533925461269,2026-05-14T13:54:37+00:00,1
TI-2b92286faf,🥰🌅,https://www.tiktok.com/@pang_nakarin1991/video/7639738074842287378,2026-05-14T13:25:37+00:00,16
TI-5ad63b4635,Days before our performance— had to post this ‘cuz I still get goosebumps watching it. (Walang magmo-move on)😭🤍 #Panagbenga2026 #Champion #TinungboFestival #TribuSiglat #fyp,https://www.tiktok.com/@njsvb/video/7615223712849202453,2026-03-09T11:57:26+00:00,157300
TI-767731ddd4,#PanagbengaFestival #followers➕ #naturalculture #IgorotDance,https://www.tiktok.com/@sgbunzo/video/7634294989660507399,2026-04-29T21:23:44+00:00,1420
TI-885c6fb075,Representing the panagbenga festival of H.e 3MA champion🏆❤️‍🩹#fy #festivaldancepanagbenga #festival,https://www.tiktok.com/@stephaniegerona1/video/7560705946742230290,2025-10-13T14:00:35+00:00,533
TI-671f17d7bc,"Panagbenga Hymn performed by the SLU Marching Band during the Panagbenga Launching at the Baguio City Hall.

#baguio #panagbenga #panagbenga2025 #philippines",https://www.tiktok.com/@baguioheraldexpress/video/7458206310060920071,2025-01-10T08:49:40+00:00,100
TI-990e55d50d,"Angel Guardian at panagbenga festival!

You're so pretty naman po 🫰🏼 💕🤍

#panagbengafestival #angelguardian #deia #fypシ゚ #fyp",https://www.tiktok.com/@michaella_mad/video/7611936469959150866,2026-02-28T15:21:12+00:00,1533
TI-5c1ada4d68,Baguio Panagbenga Festival 2026 #baguio #panagbenga #baguiocity #view #igorotiktokers,https://www.tiktok.com/@joshuareyeslinezo/video/7612156735872191764,2026-03-01T05:36:06+00:00,44200
TI-e864329c5a,"Jollibee 

Panagbenga Festival 2025
Grand Floral Float Parade  

#fyp #baguio #baguiocity #panagbenga #panagbenga2025 #panagbenga2025 #floatparade #panagbengafloatparade2025",https://www.tiktok.com/@jeneree_/video/7474482422097169682,2025-02-23T05:29:19+00:00,9374
TI-2861273e28,Panagbenga Festival 2026 #Baguio #Panagbenga2026 #fyp  #festival,https://www.tiktok.com/@gelicacos/video/7611779224738794773,2026-02-28T05:11:06+00:00,110
TI-38c702c860,"PANAGBENGA FESTIVAL
1ST RUNNER UP #fypシ゚viral #fyp #fypシ #dance #festivaldance #festival #dancers",https://www.tiktok.com/@gmt_jr03/video/7339342204688780549,2024-02-25T01:16:14+00:00,89800
TI-0995c01562,PANAGBENGA FESTIVAL FIRST PLACE 2026!🏆,https://www.tiktok.com/@lastgirliving/video/7637442126158007559,2026-05-08T08:56:13+00:00,16
TI-ca3ad9aa78,Thank you Baguio City! Fireworks display on the closing of the weeklong celebration of the 2026 Panagbenga Festival. ❤️,https://www.tiktok.com/@jasonphi_101/video/7614868680668712212,2026-03-08T12:59:47+00:00,17700
TI-c7f8bb3ba8,"PANAGBENGA FESTIVAL BATASAN HILLS NATIONAL HIGH SCHOOL
9-NEODYMIUM 2/1/25
Late Upload
. 
. 
. 
Congrats Neodymium! All the weekends spent practicing for the dance, the strictness, dedication and determination of our choreographers and the support you gave to us all, it all ended with such great outcome! Wala nang makakapagdisturb ng mga weekends natin. 🥹 
#fyp #foryou #foryoupage #trending #tiktok #xyzbca #festivaldance #bhnhs #highschool #panagbengafestival #mapehperformancetask #mapeh9 #pe #determination #hardwork #patience #workhard #focus #success #dedication",https://www.tiktok.com/@vixien1009/video/7468169618654350600,2025-02-06T05:12:26+00:00,954
TI-a1edbb4109,#TribuSiglat joining the #GrandStreetParade of #PanagbengaFedtival in #BaguioCity,https://www.tiktok.com/@ry.d.apprentice/video/7638473853215198484,2026-05-11T03:39:50+00:00,16
TI-d3282602c4,"HINDI DAW PEDENG MAG PA PICTURE SI ATENG KASE MAY MAGAGALT, SINAYANG MO YUNG CHANCE OF WINNING ATENG!🫣🥰 PANAGBENGA IGOROT HUNKS! PANAGBENGA FESTIVAL 2026!🔥💪🌲

#PageantManila #SaBaguio #Panagbenga2026 #BloomingWithoutEnd #BaguioCity",https://www.tiktok.com/@pageantmanila/video/7611860153817746709,2026-02-28T10:25:09+00:00,69900
TI-5aa13ffd35,3rd Place during the Panagbenga Street Dancing Parade #Baguio #panagbenga #parade,https://www.tiktok.com/@wen.ngarud7/video/7636243643136757000,2026-05-05T03:25:29+00:00,3
TI-0824c82b7a,Tawid A Balitok at Panagbenga Festival 2025 Grand Street Parade #panagbenga #choreographer,https://www.tiktok.com/@angeloalfreds/video/7474289099076046087,2025-02-22T16:59:07+00:00,8520
TI-16f1558ba2,Panagbenga Festival 2026 Grand Opening Parade 🌸🌻🌼🌺🌹 #baguio #panagbenga #benguet #cityofpines,https://www.tiktok.com/@dexterestanique/video/7601717899438411024,2026-02-01T02:28:45+00:00,6942
TI-49cb788c8c,"Newest Attraction in Baguio City malapit na magopen

Baguio City is about to witness the rise of an extraordinary landmark—the Dragon Treasure Castle! 🐉🐲

🐉SOFT OPENING: February 10, 2025 at 6 oclock am- 6 oclock pm

REGISTRATION & PARKING sa GATE 1. 
📍 Location: DRAGON'S LAIR , BLOCK 8, JADE STREET, Irisville Subdivision Phase 2,  PUROK 20, Upper Irisan, Baguio City

Regular Ticket : Php 165.00
PWD/Seniors/Students : Php 132.00
Parking Fee: For Buses Php 100.00
Php 50.00 all types of vehicles except buses
For motorcycle: Php 30.00

#baguiocity #panagbenga #sabaguio #baguiofeels #baguio #seaofclouds #stonekingdom #newattraction #fyp #foryou",https://www.tiktok.com/@octagongaminghub/video/7467453497307434256,2025-02-04T06:53:58+00:00,10500
TI-8b0960a24a,#newyear #fyppppppppppppppppppppppp #viral #fyp #famous #views #fypdongggggggg #Panagbenga #viewsproblem😭,https://www.tiktok.com/@marzan.27/video/7332818916139339014,2024-02-07T11:22:31+00:00,15800
TI-1835db13a6,"Flowers and blooms all around Baguio 🌸🌼

Street Dance Parade at Panagbenga 2026 — where every step showed culture and every smile is truly contagious.

Third time attending and it still never fails to amaze me.

#panagbenga2026  #streetdance  #piliinmoangpilipinas",https://www.tiktok.com/@chymang/video/7612632146728996116,2026-03-02T12:20:51+00:00,17
TI-bd9378bb79,"champion🥇🏆 #panagbengafestival2025 
#festivaldance #fyp #fyppppppppppppppppppppppp",https://www.tiktok.com/@raynnn022/video/7467862763130522888,2025-02-05T09:21:39+00:00,351
TI-92ba0199da,"Grand Street Dance Parade 
#baguiofeels #panagbenga2025",https://www.tiktok.com/@johngwin_27/video/7474108078611320071,2025-02-22T05:16:40+00:00,120
TI-8821d844da,#baguio #baguiocity #panagbenga #fyp #fleamarket,https://www.tiktok.com/@thecityoffindss/video/7603981233600646408,2026-02-07T04:50:51+00:00,1521
TI-099c5b76e8,"- Best in Costume
- 3rd Place

Congrats guys, worth it yung pagod! 
#fyp #festival #buwanngwika #winner #makeitviral",https://www.tiktok.com/@aling_jamaiii/video/7541966539415702802,2025-08-24T02:02:10+00:00,168
TI-0b889d27cd,"Panagbenga market encounter 

#panagbenga
#panagbengamarketencounter2026 
#baguiocity 
#baguiofoodtrip 
#baguio",https://www.tiktok.com/@highlyfavoreddddddd/video/7610516674512522517,2026-02-24T19:31:56+00:00,19
TI-709b105e66,#panagbenga2025 #drumandlyre #flagdance #flag #doubleflags #drumandlyre2025 #doubleflags #fyp #fypシ #colorguard #baguiocity #baguio #baguiofeels #flowerfestival,https://www.tiktok.com/@reg191919/video/7459724737149684999,2025-01-14T11:01:56+00:00,32400
TI-d4bb31cde3,"If you want to save money! Rent na samin ❤️🏳️‍🌈
Costumes na mukang lagung bago!
Maayos at mabango!

#atiatihanfestival #nyugnyugan #costumeforrent #propsforrent #panagbenga",https://www.tiktok.com/@bhhrrentals/video/7628816300101389589,2026-04-15T03:03:36+00:00,10
TI-4b759d237b,kaya pala umaga ang #PanagbengaFloatParade2026 dahil may pa unli-pandesal naman pala hahaha #PanagbengaHunks #Panagbenga2026 #BaguioInBloom #TheChikkaness,https://www.tiktok.com/@thechikkaness/video/7612151790410157332,2026-03-01T05:16:53+00:00,126
TI-51211acbd9,"Replying to @Jane Uy  
#panagbenga2025 #pma #bini #squidgame",https://www.tiktok.com/@desiree.cstr/video/7474151500642569489,2025-02-22T08:05:33+00:00,57100
TI-92c2168078,First time celebrating Panagbenga in Baguio City. #panagbenga #baguiocity #cityofpines,https://www.tiktok.com/@jm030797/video/7611742195011341576,2026-02-28T02:47:23+00:00,212
TI-a93470f782,"Everything I ate at a food festival in the Philippines! 😍🔥 

📍Session Road in Bloom, Baguio City, Philippines 🇵🇭

This happens once a year during the Panagbenga Flower Festival in Feb/March 🌸 so fun!!

#philippines #streetfood #foodfestival #market #filipinofood",https://www.tiktok.com/@biteswithlily/video/7616362382389988628,2026-03-12T13:36:04+00:00,755700
TI-a9555aa6de,Panagbenga Festival 2023 - Grand Float Parade #panagbenga2023 #grandfloatparade2023 #flowerfestival2023,https://www.tiktok.com/@camouflage_hat/video/7204535484683439387,2023-02-26T18:37:32+00:00,574
TI-976bb391d9,"SLU Marching Band
#panagbenga2026 #baguiocity #panagbenga #festival",https://www.tiktok.com/@sojournpines/video/7611769999601995026,2026-02-28T04:35:12+00:00,225
TI-fd80598405,"nang asar pa matapos matalo HAHAH

#streetdancecompetition #artificialgrassinpanagbenga #artificialturfgrass 
#panagbenga2026 
#followerstiktok",https://www.tiktok.com/@cjvinluanbernese/video/7613767206043667720,2026-03-05T13:45:22+00:00,87
TI-cf796f1c7e,"Panagbenga Festival Donbelle🫶🏼🤍

#donbelle 
#belle 
#donny 
#donbelle 
#panagbengafestival",https://www.tiktok.com/@ikaw_ang_pahinga/video/7504176117205486856,2025-05-14T05:55:59+00:00,3504
TI-d06d302778,Hello Panagbenga 2025 🌻🌻🌻  that familiar sound again thou sheesh 🎶🎶🎼#CapCut #fypシ #baguiocity #panagbenga2025,https://www.tiktok.com/@yve.voni/video/7466290143348002064,2025-02-01T03:39:45+00:00,167
TI-864640bdcd,"Baguio, ano tara? 🌲

here’s what we got up to during our trip, exploring different spots around the city, trying good food, and enjoying Baguio weather!

thanks to Power All 99 from @Smart Communications, I’m always connected the whole time so I could share every moment along the way.

so, what’s our next adventure? ano tara?

#SmartPanagbenga",https://www.tiktok.com/@jacealibarbar/video/7616312637244116241,2026-03-12T10:23:43+00:00,5491
TI-d1dae9178c,"Beauty and Splendor of the Cordillera People highlighting the traditional attires, adornments and material culture of Kalinga.

👤 eBicas Cultural Group 
🗓 2026 Panagbenga Rhythm of the Highlands
📍Melvin Jones Football Grounds, Baguio City

30th Panagbenga-Baguio Flower Festival
""Blooming Without End""
🌻🌹🌸🌷🏵

#Panagbenga2026 #BaguioFlowerFestival #PanagbengaFestival #RhythmOfTheHighlands #TawidTiIgorotPH",https://www.tiktok.com/@hitch_philippines/video/7609162896806825238,2026-02-21T03:58:56+00:00,22
TI-5153e79e8d,"#Panagbenga #UnityDance
before announcing the winners of #CulturalDance competition - #BaguioCity #Cordillera Feb 8 2026",https://www.tiktok.com/@ry.d.apprentice/video/7627379386827705621,2026-04-11T06:07:45+00:00,46
TI-2ad4840c14,"As Panagbenga Festival paints Baguio City in full bloom, expect vibrant parades, heavier traffic, and thousands of happy festival goers filling the streets. 🌼✨

Here’s your quick guide before heading out:

🚧 Road Closures
Major roads like Session Road, Harrison Road, and Magsaysay Road will have early morning closures during parade days. Plan ahead and leave early.

🚶 Best Way Around the CBD
Once you’re in the city center, walking is your best friend. Wear comfy shoes, stay hydrated, and enjoy the street energy.

🧭 Pro Tip for Foodies
When the crowd gets overwhelming and your feet need a break, step away from the noise and recharge with a feast that’s just as festive.

At Myeongdong Jjigae, the flavors are blooming too. 🌸🔥 From unlimited samgyup (with unlimited cheese!) to comforting buffet options or hotpot, it’s the perfect pause between parades. Refuel, cool down, and get back to the celebration energized.

📍 2F City Hub, 92 Gen. Luna Rd (Corner Leonard Wood), Baguio City
🕥 10:30 AM – 9:00 PM

Celebrate the colors outside. Taste the bloom inside.
See you at Myeongdong Jjigae. 💛

#Panagbenga2026 #BaguioFlowerFestival #MyeongdongJjigae #BaguioEats #BaguioCity",https://www.tiktok.com/@myeongdongjjigae_baguio/video/7611806175386029333,2026-02-28T06:55:47+00:00,1764
TI-ac6bb96e28,"Rhythm Of Highlands Panagbenga 2026 CHAMPION🏆🏆
#kayawdiumili #panagbenga #panagbenga2026 #kalinga #panagbenga",https://www.tiktok.com/@lxxrnxy/video/7607426813266038034,2026-02-16T11:41:26+00:00,58
TI-c7f7732661,"It’s Panagbenga Season, and I know you’ve been waiting for this! 🌸

Here’s a sneak peek of Market Encounter 2026 at Burnham Park – Part 1! Explore a variety of stalls offering not just shawarma (iykyk 😋), but also delicious bites, refreshing drinks to quench your thirst after all the walking, and even dry goods like clothes, bed sheets, curtains, and more. 💫

You’ll also find beautiful jewelry and, of course, the classic Baguio pasalubongs! 🎁

Swipe right to see more! ➡️

#tourista #panagbenga #baguio #fyp #baguiocity",https://www.tiktok.com/@touristaph/video/7606215610929794311,2026-02-13T05:21:21+00:00,118
TI-6d3634be64,"Ating alamin ang makasaysayang istorya ng Panagbenga Festival! 

#culture #panagbenga #festival #facts #philippines",https://www.tiktok.com/@.jay.jay.16/video/7600200104703692052,2026-01-28T00:18:14+00:00,89
TI-ebddcf5f67,"Check you itinerary accordingly! ✅

If you like crowds & big events, follow the Official Panagbenga Calendar of Activities 📆

If you like to experience something local — go to a flea market! Bonus: unique pasalubongs! 

Only at the Komyuniti Flea Market 🤩
📆 February 20-21 ⏰ 11AM to 8PM
📍 4F ECCO One Bldg. Assumption Road

#baguio #fleamarket #fyp #panagbenga",https://www.tiktok.com/@bythepeople___/video/7608150952285048084,2026-02-18T10:31:31+00:00,272
TI-704b2e8879,"The streets of Baguio City came alive with rhythm, color, and unstoppable energy at the Grand Street Dancing Parade. From the echoing drumbeats to the jaw-dropping floral costumes, every performance was a celebration of culture, creativity, and community. 💃🔥

Grabe — this is not just a parade, it’s a whole floral fiesta of passion and pride! 🌼🌈

#CTTO of the pictures 💛🙏🏻

#Panagbenga2026 #BaguioInBloom #GrandStreetDancing #FestivalFeels #BloomWhereYourePlanted #flowerfestival #grandstreetdanceparade #streetdance #streetlaradebaguio #grandstreetlarade #baguiocity #2600 #flowerfestival2026 — at Session Rd. Baguio.",https://www.tiktok.com/@topzandkc/video/7611889015947545873,2026-02-28T12:17:36+00:00,39
TI-408abc3504,"Moonlettes🌙

We finally get to see Kolette Madelo perform again as she takes the stage at the Panagbenga Festival! She’s one of the featured performers at this beautiful celebration presented by ABS-CBN Studios, happening on March 7, 4PM at Melvin Jones Grandstand, Baguio City.

She’s about to give us another performance filled with joy, talent, and that undeniable stage presence we’re always so proud of. You already know she’s going to light up the stage and make us fall in love with her all over again!

Let’s cheer louder, support harder, and show everyone how proud we are to be Moonlettes. 

All for Kolette — always and in all ways. 

#KoletteMadelo
#kolette",https://www.tiktok.com/@josede368/video/7610713231765671175,2026-02-25T08:14:28+00:00,460
TI-877d5bdf1c,"Here are quick, must-know facts about the Panagbenga Festival 🌸✨

🌸Panagbenga means “season of blooming” in the Kankanaey language.
🌸It’s held every February in Baguio City, known as the Summer Capital of the Philippines.
🌸The festival started in 1995 as a way to lift spirits and revive tourism after the 1990 Luzon earthquake.
🌸It’s one of the longest-running flower festivals in the Philippines, lasting the whole month.

Highlights include:
🌹Grand Float Parade – massive floats decorated with fresh flowers 🌼
🌹Street Dancing Competition – dancers in colorful, flower-inspired costumes 💃
🌹Flowers commonly featured are roses, chrysanthemums, orchids, and anthuriums, many locally grown in Benguet.
🌹Panagbenga celebrates culture, resilience, creativity, and community pride.

And a LOT MORE 🤩🤩🤩
#panagebenga #flowerfestival #baguiocity #baguiocity #2600 #flowers #baguio #cityofpines",https://www.tiktok.com/@topzandkc/video/7603742869081410817,2026-02-06T13:26:26+00:00,25
TI-aea5901f07,"📌 Burnham Park, Baguio City

#panagbenga2026 #panagbengamarketencounter2026 #baguio #ginibii #panagbenga",https://www.tiktok.com/@ginibii/video/7601526836555681044,2026-01-31T14:06:30+00:00,1061
TI-964544d9e9,"Panagbenga 2026 Session Road in Bloom
#panagbenga2026 #baguio #sessionroad #food",https://www.tiktok.com/@jeff_ersonnnnn/video/7613396066205027605,2026-03-04T13:45:15+00:00,1471
TI-da1b9d50e8,#baguiocity #michaelsager #awrabriguela #kylinealcantara #heavenperalejo,https://www.tiktok.com/@nicoleeoodeonn/video/7612541322418752776,2026-03-02T06:28:24+00:00,261800
TI-bc1a2df57b,"here’s everything you can buy at market encounter! 👗🧸🛍️🎏🍓

#panagbenga #panagbengafestival #baguiocity #burnhampark #fyp #foryou #foryoupage #baguiomarketencounter #whattobuy #shopping #cardigan #fleece #plushies #pasalubong #luckycharms #abaccaslippers",https://www.tiktok.com/@hernameisvinia/video/7334137922951597318,2024-02-11T00:40:59+00:00,687
TI-3e112a5ab1,"We understand na safety should always be the priority, pero paano naman yung ibang contingents from different provinces who also gave so much effort, time, and sacrifice?
Tiniis namin yung sobrang haba ng parade at yung init ng grass. Sugat-sugat na yung tuhod at paa namin, puro paltos na, and sobrang sakit na ng katawan—but we still chose to continue and finish our performance. Hindi man namin na-perfect yung routine because super init na ng grass and it was already 12:00 PM, we still gave our 101%.

And why did we perform 4th when we were set to be 6th? The program was unorganized, and felt cooked. It was unacceptable and disappointing.

This is not about insecurity or anything. We just want to be enlightened kung ano talaga ang nangyari and how the title was awarded. We’re simply asking for a fair and clear explanation.

Still, thank you Panagbenga 2026. Despite the flaws, we enjoyed and celebrated.

Disappointed but grateful, we remain proud of our performance. ☝🏻✨

#panagbengafestival2026 
#streetdance",https://www.tiktok.com/@urfav_nickyyyy/video/7611859000367369480,2026-02-28T10:20:36+00:00,920
TI-e7ef2915ae,Ang galante nila sa mga drinks and premyo. Thank you🥰#panagbenga2026 #baguiocity #melvinjonesbaguiocity #fyp #panagbengafestival2026,https://www.tiktok.com/@yuzu.eclair/video/7612275555358035221,2026-03-01T13:17:05+00:00,42
TI-92f370dd84,Panagbenga Street Dancing #streetdancing #CapCut #cultural #igorotdance,https://www.tiktok.com/@ausbertglenn/video/7612202660841688340,2026-03-01T08:34:13+00:00,25
TI-76cfa25649,Panagbenga Festival Grand Street Dance 2026 #panagbenga2026 #panagbengafestival #baguio,https://www.tiktok.com/@dannlumayag/video/7611787250199842069,2026-02-28T05:42:18+00:00,58
TI-33ee1a4eb4,"Market Encounter at Panagbenga 2026 🌸
📍 Rose Garden, Burnham Park – Baguio City
Let’s go everyone! Celebrate the Baguio Flower Festival with vibrant blooms, local flavors, and unforgettable moments. See you at the Market Encounter! 🌺✨
#Panagbenga2026 #BaguioFlowerFestival #MarketEncounter #BurnhamPark #RoseGarden",https://www.tiktok.com/@whatsupdurbab/video/7611703374085475605,2026-02-28T00:16:53+00:00,12
TI-813951673b,"Pikachu mascot na kinagigiliwan sa Panagbenga Festival sa Baguio, hinimatay sa gitna ng parada! Ano nga ba ang nangyari at bakit siya nag-collapse sa kalsada? #KMJS",https://www.tiktok.com/@kmjs/video/7342928855570648322,2024-03-06T11:00:00+00:00,31900
TI-895bbfc118,"Happening Today: PANAGBENGA 2025 Grand Street Parade - Blossoms Beyond Boundaries!

Join us as the Grand Street Dance Parade kicks off at 8:00 AM today. Witness vibrant performances from the Drum & Lyre elementary category and the Festival Dance category, highlighting the lively celebration of Baguio’s culture and rhythm!

As we watch the parade, let’s all be responsible, respect each other, and keep the environment clean by disposing trash properly. Enjoy the festival! Happy Panagbenga!🌻  #PanagbengaFestival #BaguioFlowerFestival #BreatheBaguio #panagbenga2025 #panagbengafestival #panagbenga #panagbengafestival2025 #baguio #baguiocity #baguiofeels #baguio2025 #sabaguio #2600 #baguioinfluencers #contentcreatorsbaguio #wheninbaguio #whereinbaguio",https://www.tiktok.com/@justalleiea27/video/7474021400169188626,2025-02-21T23:40:30+00:00,1291
TI-3c380dbf21,"#FrontlineWeekend | Trip mo bang mag-Baguio? Pero bago pa man ang summer, makisaya muna tayo sa Panagbenga Festival. | via Laila Chikadora",https://www.tiktok.com/@news5everywhere/video/7611890347051896082,2026-02-28T12:22:15+00:00,1070
TI-ec4754a0fe,"History of Panagbenga Festival

#PanagbengaFestival #BaguioCity #FlowerFestival #SeasonOfBlooming #mindblownai",https://www.tiktok.com/@mindblownaiofficial/video/7605550189088132359,2026-02-11T10:19:10+00:00,3124
TI-7feecfd826,Paraparaan din para makanood at makakuha ng magandang video sa Panagbenga 🤣😂😅#panagbenga #baguio #baguioflowerfestival #meme #grandfloatparade #diytripod,https://www.tiktok.com/@gembaquiled/video/7474842042695257345,2025-02-24T04:44:56+00:00,102
TI-3613b37cc7,"Waking up to this unreal view! 🌄✨ 
📍@Sametnangshe_boutique 

#sametnangsheboutique #sametnangshe #เสม็ดนางชี #เสม็ดนางชีบูทีค #พังงา #phangnga #phangngabay #tiktokพาเที่ยว",https://www.tiktok.com/@sunny_rung/video/7482624042738928914,2025-03-17T04:02:58+00:00,442400
TI-0affd5f934,"If you are visiting Baguio for Panagbenga, these are the food spots you cannot afford to miss.

#baguiocity #baguioeats #baguio #panagbengafestival #baguiofoodtrip",https://www.tiktok.com/@foodloverph/video/7611153869757861141,2026-02-26T12:44:21+00:00,30
TI-d9968a9dcb,"Panagbenga Festival has officially started with their Grand Opening Parade 🌻❤️

#stephinbaguio #panagbengafestival #panagbenga2026 #baguiocity",https://www.tiktok.com/@stephanie_inbaguio/video/7601761372665351442,2026-02-01T05:16:37+00:00,1053
TI-afc4a9cc3b,#f #fyp #fypシ #for #foryou #foryoupage #life #love #tiktok #tiktokindia #flowers #xyzbca #viral,https://www.tiktok.com/@panagbenga/video/6858182535541804294,2020-08-07T10:11:06+00:00,8
TI-851aaeef15,Panagbenga Hymn by the Saint Louis University High School and College Marching Band | Panagbenga Festival #baguio #panagbenga #marchingband #parade #philippines,https://www.tiktok.com/@baguioheraldexpress/video/7332816825215962369,2024-02-07T11:14:23+00:00,294
TI-f07ec543c9,"Panagbenga Float Parade 2025 

#fyp #baguio #baguiocity #panagbenga #panagbenga2025 #floatparade #panagbengafloatparade2025",https://www.tiktok.com/@jeneree_/video/7474410417473735944,2025-02-23T00:50:01+00:00,3314
TI-1cb4037524,"Tinakbo ni Jollibee ung cp at nagselfie 🤣
#fypage #jolibee #parade #panagbenga #fyp",https://www.tiktok.com/@mama.cha414/video/7474615841263209735,2025-02-23T14:07:00+00:00,693
TI-27318079e8,"Where to eat in Baguio City? Panagbenga Edition 🎉

📍Oh My Gulay
5th Floor, 108 Session Rd, La Azotea Building, Baguio City, 2600 Benguet, Philippines

AGODA Discount Codes:
BOOKWITHJHAZ | Hotels
TRAVELJHAZ | Tours&Activities

#wheretoeatinbaguio #panagbengafestival2026 #ohmygulay #agodaambassador #agodacreatorcommunity",https://www.tiktok.com/@bookwithjhaz/video/7604145964877761800,2026-02-07T15:30:05+00:00,18
TI-5d7c63cd16,Explosive energy at the #Panagbenga Grand Street Dance! 🌼 Definitely brought Baguio’s color and energy to the streets. #Baguio #FlowerFestival #StreetDance #FYP #ForYou #sessionroad #panagbenga2025,https://www.tiktok.com/@gdclavel10/video/7474184659400789253,2025-02-22T10:13:53+00:00,529
TI-1bc8d724e8,#fy #fyp #fypage #fyppage #sakura #cherryblossoms #tiktok #tiktoklover #love #life #foryou #foryoupage,https://www.tiktok.com/@panagbenga/video/6860474834900634886,2020-08-13T14:26:19+00:00,8
TI-ac7caea379,Panagbenga Festival-Grade 9 Performance #festivaldance #panagbengafestival #panagbenga #grade9festivaldance,https://www.tiktok.com/@stewie9675/video/7593219315214650631,2026-01-09T04:49:04+00:00,2521
TI-cbf093f5a0,Panagbenga Festival Performance Task in MAPEH 9 #fypシ゚viral #fyp #foryoupageofficiall #trending,https://www.tiktok.com/@haroldpedrosa/video/7342309665851723014,2024-03-04T01:11:31+00:00,16700
TI-3c26192d9f,"PAPICTURE MUNA SILA BEFORE THE PARADE!🥰 PANAGBENGA'S 2026 HOTTIES! PANAGBENGA FESTIVAL 2026!🥰🔥💪

#PageantManila #SaBaguio #Panagbenga2026 #BloomingWithoutEnd #BaguioCity",https://www.tiktok.com/@pageantmanila/video/7611799034738658580,2026-02-28T06:28:02+00:00,355
TI-1576b2b055,"One of my bet this year itong Bibyun Lubuagan, Kalinga #Panagbenga2025 Street Dance Entry 🌼🌸💐

#BaguioCity #culturetiktok #panagbengafestival2025 #samyponz #samuelponsica #traveltiktok",https://www.tiktok.com/@samyponz/video/7474251869427240200,2025-02-22T14:34:36+00:00,7526
TI-e7186b11f2,Igorot cultural dance #Panagbenga2026 #panagbengahunks #igorotiktokers #igorothunk #baguio,https://www.tiktok.com/@markeegaviola/video/7612684075341499668,2026-03-02T15:42:20+00:00,597
TI-8c1b5003ce,masaya nga talaga mag-Panagbenga noh hahaha #Panagbenga2026 #GrandStreetDanceParade #Igorot #PanagbengaGrandParade #TheChikkaness,https://www.tiktok.com/@thechikkaness/video/7611955214635044116,2026-02-28T16:34:00+00:00,64400
TI-25f9a6b00d,"PANAGBENGA FESTIVAL!! 🌷💐🌼🌻||ROBLOX GROW A GARDEN EDIT! 🎉💙🌼💐#growagarden#festival #growagardenroblox
#foryoupage #robloxedit #rxhaniea3dits #bloxy_bee02 

MEMBERS: 🙈🤪✌
Lhayt, lhy, bxnny,nowarh ,hnzie
thankyou so much guys!! ✌🤪",https://www.tiktok.com/@bloxy_bee02/video/7513405055622483208,2025-06-08T02:49:00+00:00,93
TI-83bd76ffb2,ganito pala talaga ka-hottie ang mga Igorot men noh hahaha #Panagbenga2026 #GrandStreetDanceParade #Igorot #PanagbengaGrandParade #TheChikkaness,https://www.tiktok.com/@thechikkaness/video/7611953030199528725,2026-02-28T16:25:28+00:00,730
TI-62c353997e,Sa wakas natapos din! So proud of my idea. I used my son’s previous katipunero hat in this piece. Nahirapan ako mag manage ng time as I’ve been really busy this week pero buti nalang naisingit. Last week siya nagsabi na may ipapasa na ganyan pero deadline next year kasi for Panagbenga nga daw. Kaso after a week nakapag pasa na daw classmates niya kaya todo rush ang person haha. #panagbengacostume #sunflower #kidscostume #panagbengafestival,https://www.tiktok.com/@chefjusticemama/video/7541635243468508423,2025-08-23T04:36:33+00:00,2045
TI-2f851d0c86,Panagbenga 2026 float parade! #panagbenga #baguio,https://www.tiktok.com/@lesterlegacy/video/7612216328128335124,2026-03-01T09:27:16+00:00,167
TI-8ea0382071,"Panagbenga Festival 2026

Igorot Boys ❤️ 

#takido #fypviral #FloatParade #panagbengafestival2026 #IgorotBoys",https://www.tiktok.com/@takido/video/7613967485812903188,2026-03-06T02:42:50+00:00,183
TI-b4faa2c661,Performer Spotlight! A beautiful igorota of Uggayam Cultural Dancers during Panagbenga Grand Floral Float Parade 2026 #panagbengafestival2026 #baguiocity,https://www.tiktok.com/@jc.baguio14/video/7625277410262404372,2026-04-05T14:10:54+00:00,16
TI-26edeb6e88,"IU SUMULYAP NG TINGIN!🫣🥰 PANAGBENGA'S 2026 HOTTIES! PANAGBENGA FESTIVAL 2026!🥰🔥💪

#PageantManila #SaBaguio #Panagbenga2026 #BloomingWithoutEnd #BaguioCity",https://www.tiktok.com/@pageantmanila/video/7611802831598767380,2026-02-28T06:42:40+00:00,1889
TI-4c5793aa23,"FACE CARD NA MGA IGOROT!🫣🥰 GRAND FLOAT PARADE! PANAGBENGA FESTIVAL 2026!🔥💪🌲

#PageantManila #GrandFloatParade #viralreelsシ  #CityOfBaguio #SaBaguio",https://www.tiktok.com/@pageantmanila/video/7612231633005071636,2026-03-01T10:26:39+00:00,1067
TI-03a97eac77,Donbelle na yan teh😭😭😭 #baguio #baguiocity #panagbengafestival #fypシ #donbelle #bellemariano #donnypangilinan #tink #nato,https://www.tiktok.com/@.loviel/video/7342125259455352069,2024-03-03T13:15:54+00:00,68600
TI-288c0dba41,"ANG GALING NIYANG SUMAYAW! DURING CORDILLERA'S CULTURAL DANCE!🥰🔥💪 PANAGBENGA FESTIVAL 2026!🔥💪🌲

#PageantManila #SaBaguio #Panagbenga2026 #BloomingWithoutEnd #BaguioCity",https://www.tiktok.com/@pageantmanila/video/7611855327910300948,2026-02-28T10:06:23+00:00,312
TI-61096a154b,"Tribu Kanluran Jones during Panagbenga Festival 2026. 

#igorottiktokers #igorotak #baguiocity #panagbenga2026 #tiktokph",https://www.tiktok.com/@wawihban_/video/7629922935825911061,2026-04-18T02:37:59+00:00,10
TI-fae734c335,PMA Cadets 💂‍♀️💂‍♂️grabe SNAPPY !!#panagbenga2026 #pmac,https://www.tiktok.com/@yianne_17/video/7601742159179566343,2026-02-01T04:02:08+00:00,8729
TI-b1db3fb930,Akala ko lakbayaw! Panagbenga pala🤣💐🌻@Dan Dimaculangan,https://www.tiktok.com/@theprincedenver/video/7616620564106628370,2026-03-13T06:17:57+00:00,23500
TI-c83d25b4ae,"Hirap talagang sumingit sa siksikan during parade. Panagbenga crush, dahil sa inyo marami kayong napasigaw grabe yung tili ng mga besh. #fyp #Panagbenga2025",https://www.tiktok.com/@_mikaiiiii1/video/7474529058815102228,2025-02-23T08:30:25+00:00,301
TI-a43018e688,#fypシ゚this video is for you the culture of ifugau HAGGIYOO,https://www.tiktok.com/@m.r_joms/video/7607775038753770760,2026-02-17T10:12:45+00:00,75
TI-d83428dee6,"Panagbenga Grand Street Dance Parade 2026

#panagbenga2026 #baguio #flowerfestival",https://www.tiktok.com/@vontee1108/video/7611757402534219029,2026-02-28T03:46:21+00:00,241
TI-1d7586fa35,#panagbenga2026 #panagbengamarketencounter2026 #burnhampark #baguio #panagbenga,https://www.tiktok.com/@lucye045/video/7604367715268168980,2026-02-08T05:50:38+00:00,35
TI-6ab1ae7ad1,#champion #festival #festivaldance #panagbenga #relate,https://www.tiktok.com/@aia_ktyrh/video/7600916064230313236,2026-01-29T22:36:33+00:00,47900
TI-d75695c95e,"Finally! May schedule na! The Panagbenga 2026 Calendar of Event is out! 
#Panagbenga2026 #BaguioFlowerFestival #PanagbengaFestival #BaguioCity #fyppppppppppppppppppp",https://www.tiktok.com/@baguiocityguide/video/7594280827765148946,2026-01-12T01:28:20+00:00,265
TI-8df53a93ce,"The Panagbenga Festival, also known as the Baguio Flower Festival, is a month-long annual celebration held every February in Baguio City, Philippines. The term ""Panagbenga"" comes from a Kankanaey term meaning ""season of blooming"" or ""a time for flowering.""
 
The festival was conceptualized in 1995 to honor Baguio City's flowers and as a way to help the city recover from the devastation of the 1990 Luzon earthquake. It has since become a vibrant display of the rich cultural heritage of the Cordillera region, showcasing various events, exhibitions, and activities that promote the history, traditions, and values of Baguio and the Cordilleras.",https://www.tiktok.com/@hannahserasasis/video/7610172552320781575,2026-02-23T21:16:24+00:00,24
TI-3d74973fe9,"Kurt Rivera during his performances as part of the Bingo Plus celebration for Panagbenga Festival 2024. 

🗓 February 25, 2024 
📍Melvin Jones Grandstand, Baguio

#KurtRivera #AsteriskArtist 
#PanagbengaBP2024 
#kurt #thomasian #ruaño 
#fypシ #fy #fyp #panagbenga 
#panagbengafestival #baguio",https://www.tiktok.com/@kurtriveraofficial/video/7339918809672764678,2024-02-26T14:33:44+00:00,3347
TI-97a7a85b19,"PANABENGA FESTIVAL 2026 
#smugglaz 
#baguiocity 
#sonya6400 
#sonyphotography 
#camarografo",https://www.tiktok.com/@daymnyel/video/7614125130335178004,2026-03-06T12:54:23+00:00,6579
TI-cd0ebdeb60,"Panagbenga Market Encounter 2024 🌺🌻
.
.
.
.
.
.
.
.
.

#Baguio #baguiocity #baguioeats #baguiofoodtrip #baguiofoodie #baguiofood  #ugc #ugccreator #ugccontentcreator #baguiougc #baguiougccreator #ugcbaguio #ugccontent #ugccreators #baguiomusttry #musttry #musttryinbaguio #panagbenga #panagbengafestival #panagbenga2024 #marketencounter #baguiopanagbenga #burnhampark #burnhamparkbaguio",https://www.tiktok.com/@naliedixic/video/7333221032964164870,2024-02-08T13:22:57+00:00,269
TI-f41c44f566,Nasa Panagbenga arnis tournament daw ang true love sabi ni @Steph #fyp #panagbenga #arnis #inlove,https://www.tiktok.com/@mikeynastic/video/7614854460279475477,2026-03-08T12:04:34+00:00,455
TI-e11969c0e0,"Panagbenga Festival 🌸💐🌺

#panagbenga #tiktok",https://www.tiktok.com/@verjimin7/video/7612996126597188885,2026-03-03T11:53:17+00:00,17
TI-1ca3eb37b4,Panagbenga 2026,https://www.tiktok.com/@ecso_soliva/video/7612131519494245633,2026-03-01T03:59:03+00:00,23
TI-3894779727,HAPPY PANAGBENGA BAGUIO,https://www.tiktok.com/@emc.7424/video/7612217930268380424,2026-03-01T09:33:28+00:00,7
TI-2365e1b36a,"Panagbenga 2026
#nocopyrightinfringementintended #CapCut #Panagbenga2026 #BaguioCity #2600",https://www.tiktok.com/@aricadonica/video/7612080971399187733,2026-03-01T00:42:07+00:00,204
TI-7b817ef7cd,"Panagbenga 2025
Session in Bloom
#panagbenga2025 #sessioninbloom2025 #sessioninbloom #sessionroad #baguio #baguiocity #baguiofoodtrip #pagnagbenga #fyp #fypage #fy #fyppppppppppppppppppppppp #foryoupage #foryou",https://www.tiktok.com/@jessuhj/video/7475999638558887175,2025-02-27T07:36:52+00:00,562
TI-65b1293563,"Take out foods from Session in bloom 😁
#panagbenga2023 #panagbengafestival2023 #panagbengafestival #sessionroadinbloom #sessionroadinbloom2023",https://www.tiktok.com/@blankjemini/video/7205230070795963674,2023-02-28T15:32:42+00:00,56
TI-83f70c6aef,"Celebrity sightings during the Panagbenga 2024 Grand Float Parade.
#travel #baguiocity #baguio #flowers #floatparade #grandfloatparade #panagbenga #flowerfestival #panagbengagrandfloatparade #panagbenga2024 #batangquiapo #abscbn #gma",https://www.tiktok.com/@ralphmanalo18/video/7339348565442956550,2024-02-25T01:40:56+00:00,392
TI-244be25f0f,"BATANG REGASCO SA BAGUIO!

Kita kits po tayo sa SM Rose Garden, Burnham Park for BATANG REGASCO MEET AND GREET on February 24, 2024 at makakasama niyo din kami sa Panagbenga Parade Float on February 25, 2024.

Tara na't mag-saya at makisaya sa Baguio City mga ka-REGASCO!",https://www.tiktok.com/@whyhatemelvin/video/7337969965108153606,2024-02-21T08:31:15+00:00,44
TI-d2e3800a42,"With the Panagbenga Festival right around the corner, here’s a list of #Baguio restaurants worth trying. Check them out and tag your friends! 😋 #panagbengafestival #WindowSeatPH #BaguioFinds #BaguioCafes #baguioeats #fyp 

🎨 Ina Manto",https://www.tiktok.com/@windowseat.ph/video/7326922268410498310,2024-01-22T14:00:33+00:00,946
TI-0d41bda48a,"Only have one day in Baguio? Here’s how to make the most out of it! 🌲🍓

#panagbenga #panagbenga2025 #baguio #baguiocity #baguiofeels #baguiofoodtrip #baguiosessionroad #sabaguio #baguioitinerary #itinerary #baguionightmarket #nightmarket #baguiotransient #transienthouseinbaguio #transient #burnhampark #bencabmuseum #campjohnhay",https://www.tiktok.com/@snooze.baguio/video/7476302621163146504,2025-02-28T03:12:38+00:00,17800
TI-217fe56216,"OMYGOSH! ETO NA NGA!! Team Incognito for Panagbenga Festival Karavan this coming March 1, 2025 at Melvin Jones Grandstand Baguio City! 🫡🌻

Save the date and See you there, Kontraks!🫶🏻

#soliddjp #danielpadilla #djpupdates #DJPBestEra #SoliDsForever #INCOGNITO #WeSupportAsOne #fypage #fypシ゚viral",https://www.tiktok.com/@solidsxkainiel/video/7472669710153223432,2025-02-18T08:15:04+00:00,308
TI-5d9a72297f,"1st PLACE IN FESTIVAL DANCE💛
ALL THE HARD WORK, ALL THE SACRIFICES, ALL THE SLEEPLESS NIGHTS, STRUGGLES, DOWNFALLS, IT ALL PAYS OFF.
#panagbenga2024 
#1stplacewinner 
#1stplacequeen 
#bestincustome",https://www.tiktok.com/@ryi_ana/video/7346892241165667589,2024-03-16T09:34:14+00:00,22300
TI-80d2de80af,#baguiostaycation #baguioaccommodation #baguiotransient #baguio #baguiocity #baguiopanagbenga #fyp #fypage,https://www.tiktok.com/@highpinestays/video/7466070843727039751,2025-01-31T13:28:03+00:00,13800
TI-cf0c668bfd,"#BINI : #CokeStudioPanagbengaFestival Photo Series 

Watch our performance fancam here:
🎥 bit.ly/3OXtSfU

Keep listening to #BINI_Pantropiko:
🎧 http://spoti.fi/3SLjUky

 #CokeStudioPH #Panagbenga2024  #FebIbigWithBINI",https://www.tiktok.com/@bini_ph/video/7339439386066488581,2024-02-25T07:33:21+00:00,150500
TI-8635a8a4bc,#fyp #adddrrriiiiii #decemberavenue #illestmorena #reggaesetgo #panagbenga2025 #cokestudio,https://www.tiktok.com/@adddrrriiiiii/video/7476773005582961938,2025-03-01T09:37:56+00:00,9299
TI-cd73ea048d,"The Baguio Blooms: A Market Encounter opens its doors today, February 1, at Burnham Park in Baguio City and will remain open until March 2, 2025. #Panagbenga2025 #BaguioCity #BaguioBlooms #BurnhamPark",https://www.tiktok.com/@kar.g_/video/7466355235439545618,2025-02-01T07:51:41+00:00,44700
TI-a0a8713317,"My gwenny😍😍
@bini_gwen #binigwen #gwenapuli #gwen 
@BINI PH #bini #biniph #bloom #fyp",https://www.tiktok.com/@mikhaiah101/video/7395417346619362578,2024-07-25T03:56:26+00:00,24900
TI-671fb33e19,#philippines #timetovisitphilippines #travel #philippinestiktok,https://www.tiktok.com/@_the.travel.people_/video/7551870514843749633,2025-09-19T18:34:40+00:00,7525
TI-e05cb9e54f,"Ohh Wait Eyy KA Muna 🤙🤙
@bini_sheena #binisheena #sheenacatacutan #sheena 
@BINI PH #bini #biniph #bloom #fyp",https://www.tiktok.com/@mikhaiah101/video/7395472301875039495,2024-07-25T07:29:39+00:00,9497
TI-feb01c93cf,#Panagbenga #fypdongggggggg #newyear #fyppppppppppppppppppppppp #viral #fyp #famous #views,https://www.tiktok.com/@marzan.27/video/7332476411858455813,2024-02-06T13:13:25+00:00,7582
TI-e944fbd201,#panagbenga #panagbengafestival #2024 #flower #bloom #blooming #baguio #shawarma #traffic #tour #tourist #local #igorot #grand #festival  #fyp #foryoupage❤️❤️ #foryou,https://www.tiktok.com/@lin_fengran/video/7330443058485447941,2024-02-01T01:42:59+00:00,273
TI-53b65a9094,"AngGANDA MO @bini_stacey MY PRINCESS 😍😍 EYY KA MUNA 🤙 
#binistacey #stacey #binistaceysevilleja 
@BINI PH #bini #biniph #bloom #fyp",https://www.tiktok.com/@mikhaiah101/video/7395121545674231048,2024-07-24T08:48:33+00:00,11700
TI-7554fd0e23,"#sinulog #kadayawanfestival 
#festivaldance #dinagyangfestival #panagbengafestival",https://www.tiktok.com/@jysn_ampn/video/7589240146021633301,2025-12-29T11:27:55+00:00,8790
TI-4d9a0aa8e2,"Here are some of the stores you should check out when you visit Baguio Blooms! 🤍 There are a lot of choices, so you must visit it. It’s open until March 2, 2025, only.
#baguioblooms #panagbenga2025 #baguiocity #foodplacestovisit #baguiofeels #burnhampark #baguio #fyp #sessionroad #nightmarket",https://www.tiktok.com/@joycecbtbt_/video/7469815069942091016,2025-02-10T15:37:35+00:00,25300
TI-ed5db8515c,"Papi line na sila lahat 😩🖤 #bini #biniph #ppop #binimaloi #binicolet #biniaiah #binimikha #binistacey #binisheena #binijhoanna #binigwen #panagbenga2024 

crdt to kioku and hoshinofilm 🫶",https://www.tiktok.com/@dianeabinio15/video/7339062061193809158,2024-02-24T07:09:08+00:00,13400
TI-13f87377bd,Missing Baguio so much 😭 #baguiocity #baguiofeels #travel #fyp #cinematic,https://www.tiktok.com/@manmanilyn/video/7598221562696830216,2026-01-22T16:20:22+00:00,16300
TI-9cb808572a,"since 2020, he has his eyes locked on her. #donbelle #thelookoflove #fupage #donnypangilinan #bellemariano #DONBELLEMAGJOWA #hihs1 #donbelleendgame #panagbengafestival",https://www.tiktok.com/@doughnbil/video/7476841043200118024,2025-03-01T14:01:56+00:00,37300
TI-508fbbb84a,"non religious festivals 💛
#festival #fyp #foryou #fypシ゚viral #bangusfestival #masskarafestival #ibonibonfestival #panagbenga2024",https://www.tiktok.com/@adrian1067937/video/7375172586847620358,2024-05-31T14:36:24+00:00,19200
TI-efe1b99648,"Panagbenga Festival Float Parade 2026

#HungryByaheros #PanagbengaFestival2026 #AzaleaHotelBaguio #Baguio",https://www.tiktok.com/@hungrybyaheros/video/7612133211027606802,2026-03-01T04:04:44+00:00,100
TI-08bd323e09,"Baguio's South Korean sister cities during the Panagbenga Festival 2026 🇰🇷🌸 #Panagbenga2026 #WhenInBaguio
_
Thanks to @azaleabaguioph for hosting our stay! 🍓🌲🌺 #AzaleaBaguio",https://www.tiktok.com/@wheninmanila/video/7613344855598714129,2026-03-04T10:27:30+00:00,5305
TI-0204801eeb,"CUTE NG DIMPLE NI EMMANUEL BALTBAT JR.!🫣🥰 PANAGBENGA HUNKS!🥰 DURING PANAGBENGA FESTIVAL 2026!🔥💪🌲

#PageantManila #EmmanuelBalatbatJr. #PanagbengaHunks  #CityOfBaguio #SaBaguio",https://www.tiktok.com/@pageantmanila/video/7612564062332898580,2026-03-02T07:56:45+00:00,853
TI-365492ad62,"Panagbenga Festival 2026

#Panagbenga2026 #BaguioFlowerFestival #PanagbengaFestival2026 #Baguio #touristdestination",https://www.tiktok.com/@www.mommyandmoana0421/video/7594464350618815765,2026-01-12T13:20:34+00:00,10
TI-663b4ae452,"🤳🤳🤳🤳🤳🤳🤳🤳🤳
nandun irl pero sa screens nalang nila ako nakapanood 😭🤣#panagbenga #baguio #baguiocity #panagbenga2025",https://www.tiktok.com/@kiwijuixe/video/7477210657935363336,2025-03-02T13:56:15+00:00,45
TI-444c2bd31b,"STILL CONGRATS BARYO KAMAISAN BAWI TAYO NXT YEAR #Panagbenga2026
#artificialgrassinpanagbenga 
#followerstiktok 
#fypage",https://www.tiktok.com/@cjvinluanbernese/video/7612637977940036871,2026-03-02T12:43:28+00:00,154
TI-2018c5c257,"🍓🍓BAGUIO CITY TOUR with Panagbenga Festival 2025 🍓🍓

𝘼𝙧𝙖𝙬 𝙖𝙧𝙖𝙬 𝙢𝙖𝙮 𝘽𝙖𝙜𝙪𝙞𝙤 𝙏𝙤𝙪𝙧‼️

Option 1: 1499 DAYTOUR
Option 2: 2399 2D1N
Option 3: 3399 3D2N

Places to Visit:
🦁 Lion's head
🌈Colorful House
🔔Bell Church
🍓Strawberry Farm 
⛩️Mirador
🗿Lourdes Grotto
🏚️Diplomat Hotel
🏩The Mansion
🏞️Burnham Park
🌃Baguio Night Market
⛲Wright Park
🌅Mines View
🍝Good taste restaurant
🪶Tam-awan Village 
🛍️Good Shepherd
🌾Fruits and Veggies Market
🎏 Pasalubong
💐 Botanical Garden
🐼 Bamboo Sanctuary

Pick-up Points:
📍MOA
📍Greenfield
📍Centris
📍NLEX Exit

BOOK NOW! BOOK NOW!
‐--------------------------------------------
DTI REGISTERED 💯
📞 0975 532 9073
FB : Habla Ney",https://www.tiktok.com/@travelventure31/video/7466803099764657415,2025-02-02T12:49:36+00:00,7
TI-a05cf8822c,#baguiocity #baguiofoodtrip #session #trending #fyp #viral #panagbenga2025,https://www.tiktok.com/@mrjbntll/video/7478241283996142854,2025-03-05T08:35:38+00:00,5
TI-8c8a705758,"Panagbenga 2026 Calendar of Activities is out! 
Traffic nanaman? 😁 Kaya make sure na pumili ng accommodation na malapit sa town para sure na makauwi ng walang stress…. gaya samin 😁

Location: 16 DPS Compound, Baguio City

Few steps away kung saan nag sstart ang Grand Street Parade kaya naman di ka mahihirapan ☺️

Book now sa aming official FB page ❤️",https://www.tiktok.com/@jigzplacebaguiotransient/video/7594333945857117447,2026-01-12T04:54:27+00:00,905
TI-2f5c370b31,Panagbenga 2026. Baguio Flower Festival 2026 schedule of events #panagbenga #baguio #flowerfestival2026,https://www.tiktok.com/@boy.baguio074/video/7594400266967862546,2026-01-12T09:11:49+00:00,4
TI-904598d0c9,"Tutal every year niyo naman dino-dogshow yung design namin, oh ayan 😂
Baguio City Guide 
#PanagbengaFestival2025
#Panagbenga2025
#TrafficAdvisory 
#BaguioCity",https://www.tiktok.com/@mrs._g/video/7458646345092599058,2025-01-11T13:17:12+00:00,54
TI-11c674a1d8,"The Philippine Festival | 𝗣𝗔𝗡𝗔𝗚𝗕𝗨𝗡𝗚𝗔 𝗙𝗘𝗦𝗧𝗜𝗩𝗔𝗟 𝟮𝟬𝟮𝟱
𝑪𝒂𝒍𝒆𝒏𝒅𝒂𝒓 𝒐𝒇 𝑬𝒗𝒆𝒏𝒕𝒔
📍Conner, Apayao | 📅 October 7-9, 2025

🌾 CELEBRATING A DOZEN YEARS OF HARVEST, HERITAGE, AND HARMONY! 🎉

It’s that time of the year again when the community of Caglayan, Conner, Apayao bursts with color, rhythm, and flavor for the 12th Panagbunga Festival! 🍍🍌🌽

From October 7 to 9, 2025, join us as we honor the bounty of the land and the unity of its people — through vibrant dances, local delicacies, refreshing drinks, and live music that capture the true spirit of Apayao! 🎶💃

Let’s celebrate our harvest, heritage, and harmony — the heart of Panagbunga! ❤️💛💚

Save the dates, tag your family and friends, and support local talent and enterprises. Wear your brightest colors, join the activities, cheer on the performers, and capture the moments that make your city glow. See you at #PanagbungaFestival2025 Ka-Pista! 🎊🎉
________
Courtesy|
Provincial Government of Apayao
LGU-Conner Public Information Office
Conner Tourism
Hon.Jorico F. Bayaua
#PanagbungaFestival #ThePhilippineFestivals
#LoveThePhilippines #LoveThePhilippineFestivals",https://www.tiktok.com/@thephilippinefestivals/video/7557749078797405458,2025-10-05T14:46:27+00:00,5
TI-efce5f0a6a,"Akyat na tayo-namumulaklak na ang Baguio.
Baguio + Panagbenga + tayo = solid. 🫶🏻✨
#baguio #touristspot #baguiofeels #panagbengafestival2026 #fyp",https://www.tiktok.com/@cherriquefinds/video/7602482885626514696,2026-02-03T03:56:32+00:00,7
TI-d61f40c890,#panagbenga,https://www.tiktok.com/@wellaxtine/video/7505900705245351174,2025-05-18T21:28:19+00:00,1
TI-af29f89118,#fyp #pangea #brainrot,https://www.tiktok.com/@justmojo/video/7550701626185534734,2025-09-16T14:59:38+00:00,186
TI-7bda7a78f7,"Bagnet Festival Narvacan, Ilocos Sur ❤️
#panagbenga2024 #panagbenga #bagnetfestival #baguiocity #narvacanilocossur #festival #streetdancing",https://www.tiktok.com/@rocky.stone/video/7339688781248859394,2024-02-25T23:41:39+00:00,348
TI-fc8647312a,"ALL THE CONTNENTS WERE CONNECTED. Proof Pangea existed. Pangea is the idea that the world  was one big land mass. Understanding how the geography was arranged, explains the history of most world conflicts presently happening today. #fyp #conspiracytiktok",https://www.tiktok.com/@therealchannelzero/video/7305533573610687786,2023-11-25T22:41:41+00:00,19700
TI-17a11d6cdf,pangeia #pangea #continent #facts #foryou #fyp,https://www.tiktok.com/@dark.world89/video/7623035041576176904,2026-03-30T13:09:20+00:00,120300
TI-c272c6c7be,Pahinging malunggay ♣️😂🤣,https://www.tiktok.com/@byang256/video/7638000080745729288,2026-05-09T21:01:20+00:00,7
TI-6de3047e1f,"It’s the parents that fail their kids, not the teachers. | #pangea #techtonicplates #exvangelical #geology #ark | @Mike Malagies",https://www.tiktok.com/@_rad_alien/video/7626411046277827853,2026-04-08T15:30:07+00:00,61500
TI-12854ef061,"#pangya ngl best ugc dance

#pangyadance #roblox #fyp #dahood",https://www.tiktok.com/@tinabbz/video/7637414273530072327,2026-05-08T07:08:07+00:00,155
TI-14251edd24,#pangea #unity #dontmindmyhair,https://www.tiktok.com/@lamizshaa/video/7547736960849186078,2025-09-08T15:14:29+00:00,781
TI-3335a38717,you don't fw Pangaea? #highthoughts #appalachia,https://www.tiktok.com/@catherinelovesastrology/video/7636082298122718495,2026-05-04T16:59:43+00:00,231
TI-4f2964f1b0,DIY Panagbenga Costume #festivalcostume #festivalqueen #DIY,https://www.tiktok.com/@rh0wz/video/7608806972405730568,2026-02-20T04:57:13+00:00,10
TI-92e2a780bd,"My Master🤙🤙
@bini_jhoanna #binijhoanna #jhoannarobles #jhoanna 
@BINI PH #bini #biniph #bloom #fyp",https://www.tiktok.com/@mikhaiah101/video/7395445700726639880,2024-07-25T05:46:26+00:00,6600
TI-c8dda8a991,"Panagbenga always feels extra special — from the energy, the crowds, and all the little moments in between 🌸

Definitely one of the highlights for me this year was getting to experience the Globe 5G Pit
Stop.The 5G Energy made it so easy to stay connected and capture everything as it
happened. @Globe Telecom 💙

#GoForwardTogether #Globe5GEnergy
#GlobePanagbenga5GMissions #GlobePanagbenga2026 #Globe5GHypermoveBaguio",https://www.tiktok.com/@princess_umpad/video/7617828572501380370,2026-03-16T12:25:35+00:00,139
TI-1357970f76,JALOPEEEEENOOOO #panagbenga #baguio #foodtiktok,https://www.tiktok.com/@abdulyapusi/video/7613750085444242706,2026-03-05T12:38:59+00:00,12
TI-a76704977b,PANAGBENGA🌻@Althea Ablan,https://www.tiktok.com/@chaty_pie/video/7618196311849880852,2026-03-17T12:12:44+00:00,29
TI-b3601a2bde,Panagbenga Season #baguio #panagbenga #fyp,https://www.tiktok.com/@aureodusk/video/7612204999862390036,2026-03-01T08:43:20+00:00,17
TI-f3aa5e6a18,"relax ngani sa baguio hahahaha

#fyp #baguio #panagbenga #fyppppppppppppppppppppppp #issues",https://www.tiktok.com/@jem_is_raids_official_ph/video/7613816645802331400,2026-03-05T16:57:16+00:00,19700
TI-a441869faf,"PANAGBENGA 2026
#flowerfestival 
#food
#nepalifood 
#sessionroad 
#fyp",https://www.tiktok.com/@ashantheisla/video/7613062086033214740,2026-03-03T16:09:13+00:00,46
TI-6bad00867c,"Panagbenga 2026
#baguio  #panagbenga #fyp #trending #foryou",https://www.tiktok.com/@roseydarlingg/video/7602074026424438023,2026-02-02T01:29:57+00:00,24
TI-51e754946f,What’s your panagbenga parade experience ?#baguio #panagbenga #breathbaguio #festival,https://www.tiktok.com/@sonahsbibility/video/7601767871856807176,2026-02-01T05:41:51+00:00,205
TI-2ec7e09f19,Baguio City💚,https://www.tiktok.com/@n0_ice_please/video/7634426944532073749,2026-04-30T05:55:47+00:00,33
TI-e2f4c10521,"NATARAKI!🥰 DURING PANAGBENGA FESTIVAL 2026!🔥💪🌲

#PageantManila #PanagbengaHunks #Trending #CityOfBaguio #SaBaguio",https://www.tiktok.com/@pageantmanila/video/7616206069668285717,2026-03-12T03:29:34+00:00,247
TI-b14dc35f49,"Happy Panagbenga Fiesta! 🌸

Grabe, I really enjoyed the Panagbenga Festival float parade — the colors, the energy, and most of all, the people’s smiles. 💐✨

#BPxPanagbenga2026
#PanagbengaBP2026",https://www.tiktok.com/@imlancejustincarr/video/7613025778296474888,2026-03-03T13:48:18+00:00,3455
TI-ee51e884a4,"POV: You got to represent the Philippines at BYU–Hawaii Culture Night. 🇵🇭🔥#BYUHawaii #CultureNight2026 #PanagbengaFestival
CTTO",https://www.tiktok.com/@benj.martinezz/video/7616327450217205013,2026-03-12T11:20:31+00:00,253
TI-d7f1c670bd,I will miss you Panagbenga “we can be together but never forever” 😭😭#schoollife #memories #fyp,https://www.tiktok.com/@4_panagbenga/video/7628138313928412424,2026-04-13T07:12:40+00:00,25
TI-0124452c5e,"Panagbenga Grand Street Parade 2026
Baguio Central School Drum and Lyre Band and Street Dancing 🥰",https://www.tiktok.com/@136382deusmecumest31/video/7613228632437312789,2026-03-04T02:55:37+00:00,27
TI-6c13358098,"dati ako yung sumasayaw dito eh, ngayon taga video nalang 😫. Proud tita here!! 🫶💓 #fyp #foryoupage #fyppppppppppppppppppppppp #panagbenga #festival",https://www.tiktok.com/@yvancamilka/video/7616372518856838420,2026-03-12T14:15:27+00:00,92
TI-d8e593f9b3,"Mabini Elementary School
Panagbenga 2026
Drum & Lyre
and Street Dance Champs🌻🏆#fyppppppppppppppppppppppp #Panagbenga2026 #BaguioFlowerFestival #MabiniElementary #1stplace",https://www.tiktok.com/@bsraven7/video/7612667232082087188,2026-03-02T14:37:02+00:00,44
TI-45b02c84aa,Tara na sa Baguio 😍,https://www.tiktok.com/@zorellatravelandtours/video/7332677512247495941,2024-02-07T02:13:49+00:00,14
TI-c08ee9c550,"Flower Festival held at city of pines bagio city
ctto",https://www.tiktok.com/@cherrybalasaphotography/video/7205020526891257115,2023-02-28T01:59:32+00:00,517
TI-46e84bc718,#Panagbenga 2026,https://www.tiktok.com/@lib.estrada.ferna/video/7612193786646629640,2026-03-01T07:59:52+00:00,11
TI-8ec43af735,#capcut #CapCut #xuhuong #jollibee,https://www.tiktok.com/@oishi_tete036/video/7637858932412763413,2026-05-09T11:53:41+00:00,57
TI-1df1217582,bhieeee? #brownbear #greenman #baguio #launion #fyp #ph #panagbenga,https://www.tiktok.com/@karina.gandola/video/7473238685580807442,2025-02-19T21:03:02+00:00,64500
TI-d04bea2dba,"Panagbenga at Burnham!

Panagbenga 🌸
That’s the Baguio Flower Festival—a month-long celebration usually around February to early March. The name comes from the Kankanaey word for “season of blooming.”

#baguio 
#fyp 
#panagbenga",https://www.tiktok.com/@bambino..01/video/7604355960529751317,2026-02-08T05:04:59+00:00,8
TI-89348e43e0,Panagbenga festival 2026 #igorota,https://www.tiktok.com/@mansoyosoy.di.dag/video/7606464660363136277,2026-02-13T21:27:54+00:00,786
TI-5f4d0d3dd9,"Panagbenga Market Encounter

#panagbenga #burnhampark #rosegarden #panagbenga2026 #marketencounter @➺★✯͜͡ 𝑴𝙖𝘾𝙆𝙚𝙮 ͜͡✯★➻",https://www.tiktok.com/@makiperiii/video/7607834195104140551,2026-02-17T14:02:18+00:00,14
TI-adc9f588d8,"...Panagbenga..so pretty😌♡...
.
.
.
#baguiocity #panagbenga2026 #flowerfestival2026 #happeningnow",https://www.tiktok.com/@rose_white30/video/7613025563640384775,2026-03-03T13:47:29+00:00,24
TI-e4794ae2e2,#panagbenga2026 #baguiocity,https://www.tiktok.com/@alvindmax/video/7617380861343730951,2026-03-15T07:28:23+00:00,5
TI-66683932cb,"#panagbengafestival
#festivaldance
#sped
#generalsantoscity
#STE",https://www.tiktok.com/@rich.alv_/video/7438593271653453063,2024-11-18T12:21:04+00:00,90600
TI-28fc18011a,#Panagbenga2026 #panagbengahunks #Baguio #panagbengafloatparade2026 #igorot,https://www.tiktok.com/@markeegaviola/video/7612605691643137300,2026-03-02T10:38:11+00:00,104
TI-267429745c,hala papapasukin na ba? eme hahaha #Panagbenga2026 #GrandStreetDanceParade #Igorot #PanagbengaGrandParade #TheChikkaness,https://www.tiktok.com/@thechikkaness/video/7611744024474488085,2026-02-28T02:54:33+00:00,5270
TI-b4f67a6261,igorot culture panagbenga festival Baguio city #baguio #panagbenga #2026 #festival #tiktok,https://www.tiktok.com/@supsupmotovlog/video/7607715570720492821,2026-02-17T06:22:01+00:00,48
TI-818a8e51ef,At Panagbenga festival street dancing parade. So many joined the parade even from nearby town and provinces. Happy Panagbenga a flower festival in Baguio.#philippines #everyone #world,https://www.tiktok.com/@catalina.lictaoa/video/7611942823524355336,2026-02-28T15:45:52+00:00,8
TI-e6fcf7a7db,Panagbenga 2024#panagbenga2024 #igorot #hunk #fyp #trend,https://www.tiktok.com/@dell_gwy/video/7343151010866597126,2024-03-06T07:36:20+00:00,405
TI-083843e032,"Representing The University of the Cordilleras Center for Creative Productions featuring Saeng Ya Kasay, Dance Company, Dance Squad and Percussion and Orchestra #aliwanfiesta2024 #panagbengafestival #baguio #igorotak #tatakuc #ccpartists #yesucan",https://www.tiktok.com/@kenspacej/video/7387402132254657793,2024-07-03T13:33:20+00:00,192
TI-38cfad5e6c,"The Panagbenga  Festival, celebrated annually in February in Baguio City, Philippines. It is a month-long ""season of blooming""or ""time of blossoming"" that show cases the city's vibrant floral industry, culture, and resilience. Established in 1996 following the 1990 Luzon earthquake. It symbolizes rejuvenation, featuring grand flower-covered floats, street dancing, and community spirit.
#Panagbenga 
#FlowerFestival 
#floatparade 
#Flowers 
#fyp",https://www.tiktok.com/@ashantheisla/video/7612111378542906645,2026-03-01T02:40:03+00:00,41
TI-71aa3b3f6d,"Hari ng Kultura Pilipinas 2025🤴🏻
Panagbenga Costume

By: Jayar Talap | Jha jha Mallari

#hariatreynakulturapilipinastaiwan2025 
#Grandwinner2025",https://www.tiktok.com/@king_wrrn/video/7572509427299798280,2025-11-14T09:24:07+00:00,43
TI-ddcd0a191c,#festivaldancer #panagbenga2026 #costume  #4u,https://www.tiktok.com/@valutskie/video/7613806243781692680,2026-03-05T16:16:59+00:00,68
TI-fd9fa55fa0,#panagbengafestival #festival,https://www.tiktok.com/@takzumi_joy/video/7468256448254921991,2025-02-06T10:49:20+00:00,268
TI-f422b8d64b,🌻🌻🌻🌻Happy panagbenga 2024🌻🌻🌻 #panagbenga2024 #panagbenga2024 #baguio #fyp #ctto #pnp #procor #pulistiktoker,https://www.tiktok.com/@onetwofour24/video/7331321664774360325,2024-02-03T10:32:26+00:00,21
TI-de8923b291,CHAMPION SAMPAGUITA!#festival #Panagbengafestival #fyp #viral,https://www.tiktok.com/@seyrhamallare/video/7347710282858482949,2024-03-18T14:28:40+00:00,1300
TI-601ad71e37,"Panagbenga Calendar2026
#panagbenga2026 #touristattractionbenguet #baguiocity #everyonehighlightsfollowerseveryone #viralreelsシ",https://www.tiktok.com/@chris1.240/video/7595402830991658247,2026-01-15T02:02:17+00:00,13
TI-3161ecdc17,panagbenga2026. #panagbengafestival #streetdancing #festival #fy #fyp,https://www.tiktok.com/@notyour_jd16/video/7612994101750861064,2026-03-03T11:45:24+00:00,17
TI-7e92dc99d3,"Panagbenga Market Encounter
Rose Garden, Burnham Park, Baguio City #panagbenga #panagbengamarketencounter2026 #panagbenga2026 #burnhampark #baguio",https://www.tiktok.com/@ccs2601/video/7605571200344935701,2026-02-11T11:40:42+00:00,5
TI-31971863bf,Panagbenga Festival 2026 🌸🌼✨#panagbengafestival2026 #baguiocity #flowerfestival2026,https://www.tiktok.com/@jc.baguio14/video/7614521687903685908,2026-03-07T14:33:15+00:00,40
TI-0517ec1e1a,"Panagbenga Festival 2026 
Street Dance 💐🌻 1/n  #baguio #panagbengafestival",https://www.tiktok.com/@arveyy_16/video/7614342475578133780,2026-03-07T02:57:49+00:00,40
TI-7949f9d0d1,"#fypシ 
PANAGBENGA
FLOWER FESTIVAL
2026",https://www.tiktok.com/@cristinavelasco124/video/7613735752500841748,2026-03-05T11:43:37+00:00,14
TI-62b3f60696,The Look of @Heaven Peralejo -floral dress perfectly fits the Panagbenga float and she is teally gorgeous 👗#HeavenPrralejo#Panagbenga,https://www.tiktok.com/@marcoandheaven/video/7613375356694777106,2026-03-04T12:24:50+00:00,62
TI-0286359a9f,#CNY,https://www.tiktok.com/@princejayclyde042217.mps/video/7607848818247290119,2026-02-17T14:59:02+00:00,14
TI-f8b2bf3393,Panagbenga Dumpppp #fypシ゚  #follower,https://www.tiktok.com/@fintassss/video/7609264723065965844,2026-02-21T10:33:39+00:00,22
TI-c45b09e02e,"#SessionRoadinBloom
#PANAGBENGA2026🌼
#SRBendcelebration",https://www.tiktok.com/@sm.24.0/video/7614896993517243668,2026-03-08T14:49:41+00:00,12
TI-65a26a63dd,"panagbenga festival 
#bagioucity",https://www.tiktok.com/@charioufbx2/video/7613640532060900628,2026-03-05T05:33:57+00:00,3
TI-8234681abc,"Cultural Dance Parade | #panagbenga2026 #Baguio

#ibadoya #panagbenga",https://www.tiktok.com/@ibadoyagetaways/video/7611746932947438869,2026-02-28T03:05:47+00:00,3777
TI-31d3a60f71,Janella Salvador performs at the Panagbenga Kapamilya Karavan! 👏🏻 #janellasalvador #kapamilyakaravan #whatliesbeneath,https://www.tiktok.com/@nicoleuyxx/video/7614714928011676948,2026-03-08T03:03:11+00:00,8781
TI-9c6c6cb0c6,Drop your Panagbenga food tradition 👇 #empanada #filipinofood #foodtok #foodiefinds #panagbenga2026,https://www.tiktok.com/@dcyan26/video/7612364833916210453,2026-03-01T19:03:35+00:00,41
TI-fc18242504,"PANAGBENGA FESTIVAL 

#panagbengafestival #bestinfestivalqueen #fypシ #fyp #CBNHSGEORGETOWN",https://www.tiktok.com/@baeeyanggg/video/7599960880402468103,2026-01-27T08:49:52+00:00,791
TI-6d8eed8436,Baguio City 🍃 #panagbenga2026 #fyppppppppppppppppppppppp #viralvideo #baguiocity #summercapitalofphilippines,https://www.tiktok.com/@rhod1128/video/7613238850521025813,2026-03-04T03:35:19+00:00,11
TI-97052a5d1a,Panagbenga Closing,https://www.tiktok.com/@spanish_latte1023/video/7615025794196311312,2026-03-08T23:10:13+00:00,7
TI-e6d8d4117c,"Panagbenga landscape 😍🌺
#baguioity #tiktok #fypシ゚",https://www.tiktok.com/@dragonngani/video/7614864132843523348,2026-03-08T12:42:05+00:00,20
TI-bbb1a983a0,"Panagbenga decorations

#burnhampark #panagbenga2026 #panagbenga #rosegarden #flowers @➺★✯͜͡ 𝑴𝙖𝘾𝙆𝙚𝙮 ͜͡✯★➻",https://www.tiktok.com/@makiperiii/video/7608765132793007367,2026-02-20T02:14:49+00:00,18
TI-317d28d854,baguio city.🌼🌻,https://www.tiktok.com/@honeout/video/7615065948197866770,2026-03-09T01:45:15+00:00,5
TI-38d704f28e,Nostalgic Sounds of Panagbenga Festival. 🥰,https://www.tiktok.com/@itsmeshiewawose/video/7612420523808673044,2026-03-01T22:39:45+00:00,11
TI-7df5083327,"#BaguioCentralUniversity 
#Panagbenga2026 #GrandOpeningParade 
#Culturaldance
#Ethnicdance",https://www.tiktok.com/@ry.d.apprentice/video/7606133963278552341,2026-02-13T00:04:36+00:00,49
TI-d201919f62,"Today, February 1, 2026, is the official first day of Panagbenga 2026. I hope everyone will enjoy the events this year ☺☺ CTTO: Baguio PIO ☺

#panagbenga2026 #baguioflowerfestival #BaguioTourism #coldweather   #fyppppppppppppppppppppppp",https://www.tiktok.com/@zrjdigicraftycliq4/video/7601770390683225365,2026-02-01T05:51:42+00:00,163
TI-0a5613bf27,"46pcs done... 4 to go 

#PanagbengaFestival",https://www.tiktok.com/@lashmanilapring/video/7603231614499458322,2026-02-05T04:21:55+00:00,126
TI-ac86f0b613,"From backup dancer to Sunsilk endorser — proof that hard work pays off. Congrats, @_ashtineolviga !! 💕 #ashtineolviga #sunsilkph #fyp",https://www.tiktok.com/@nicsqlvrc/video/7607500120401120528,2026-02-16T16:26:28+00:00,183100
TI-3971c6b203,"Nakisaya ang mga kilalang artista, influencers and content creators sa PANAGBENGA FETSIVAL Grand Float Parade 2026! #PanagbengaFestival #BaguiCity #ExploringBenguet",https://www.tiktok.com/@exploringphilippines/video/7612297491219893525,2026-03-01T14:42:15+00:00,2920
TI-e587bf370b,"See you this Sunday, February 1, 2026, as Panagbenga blooms with its Grand Opening Day Parade! Join the celebration and experience the colors, music, and spirit of the Panagbenga Festival.
#panagbenga2026
#panagbengafestival #baguiocity",https://www.tiktok.com/@sojournpines/video/7601169658128911634,2026-01-30T15:00:27+00:00,10
TI-e37a689038,"Before coming here, we didn’t even know it was Panagbenga Festival 🌸 Pero siguro meant talaga na ma-experience namin.
Thank you for the colors and memories, Baguio. 🤍🥹#wheninbaguio #ChammytriesInBaguio #Panagbenga2026 #sessioninbloom",https://www.tiktok.com/@chammytries/video/7613022461185002773,2026-03-03T13:35:28+00:00,104
TI-118ae74f16,"Here is your #Panagbenga2026 Grand Floral Float Parade highlights! Witness all 30 floats from small, medium, and large float categories in celebration of 30 years of the Baguio Flower Festival! 🌻

#TuristaBoy #BreatheBaguio #FindYourselfintheCordilleras #BloomingWithoutEnd",https://www.tiktok.com/@turistaboy/video/7612599403043474708,2026-03-02T10:13:51+00:00,25
TI-0d2fc408b0,#CapCut #Panagbenga #TRIBUKANLURANJONES#highlight #Philippinefestival,https://www.tiktok.com/@bongkito27/video/7612908107022355732,2026-03-03T06:11:49+00:00,96
TI-3069a449c9,"My legs: 0
My appetite: 100

Walking through Session Road during Panagbenga is basically a workout, so I’ve earned this!

📍 City Hub, Upper Gen. Luna Rd (Corner Leonard Wood), Baguio City
𝟭𝟬:𝟯𝟬 𝗔𝗠 𝘁𝗼 9 𝗣𝗠 (𝗰𝘂𝘁𝗼𝗳𝗳).                           #panagbenga #koreanbbq #samgyupsal #baguio #samg",https://www.tiktok.com/@myeongdongjjigae_baguio/video/7612802105866276117,2026-03-02T23:20:30+00:00,20
TI-341ac913df,"the iconic Panagbenga Theme as performed by the Saint Louis University Marching Band during the 2026 Panagbenga Grand Floral Float Parade, simply astounding 😍 #panagbenga2026 #slu #baguiocity",https://www.tiktok.com/@kingjayrimandoxviii/video/7612510121192623367,2026-03-02T04:27:20+00:00,35
TI-c88ae09f18,"Where flowers dance and culture shines 🌺💃

This is Panagbenga magic! ✨

#PanagbengaFestival #BaguioCity #BloomSeason #GrandFloatParade #panagbenga2026",https://www.tiktok.com/@mikeramilbala1/video/7612293269304708372,2026-03-01T14:25:49+00:00,74
TI-343aa2b3b9,Tara hanap ng Ilocos Empanada sa Baguio 🤭🤣 #baguiocity #panagbenga2026 #panagbengafestival,https://www.tiktok.com/@kamilkteaa/video/7612286483868912904,2026-03-01T13:59:28+00:00,20
TI-d21e3659b1,"Panagbenga Festival 2026 | A Day in the City of Flowers 💐 
#panagbenga2026 #cityofpines #foryou #insta360",https://www.tiktok.com/@kj_artd/video/7612687585336380679,2026-03-02T15:55:56+00:00,18
TI-fb13214c1c,#Panagbenga2026 #GrandFloatParade2026 #Baguio #Panagbenga,https://www.tiktok.com/@gailvid/video/7612303860677496084,2026-03-01T15:06:56+00:00,133
TI-83c34121bd,on and off and on again 🙄idea cred: @kate! #pangea #geologyedit #messy #tectonics #wlw,https://www.tiktok.com/@432pa.hp/video/7589709166604864799,2025-12-30T17:48:16+00:00,328000
TI-2a87d076ac,"this pa ngwa wants to kill me because of small food 😂😂
#pangwa
#bamenda 
#buea 
#cameroontiktok🇨🇲 
#nigeriantiktok🇳🇬",https://www.tiktok.com/@_mommysboy/video/7338291051112762630,2024-02-22T05:17:13+00:00,2317
TI-1df41585fa,"we revived pangya but can we do the same for toram online? I loved this game when I was younger!! it's on steam and mobile :3
#animecore #cutecore #pangya #toramonline #mmorpg",https://www.tiktok.com/@kittykuma/video/7552728177026649399,2025-09-22T02:03:09+00:00,60400
TI-c8c663ffd9,"pangya on the 3ds ✩°｡⋆⸜(ू˙꒳ ˙ )
#pangya #pangyareborn #cutecore #animecore #3ds",https://www.tiktok.com/@kittykuma/video/7555287628233379086,2025-09-28T23:35:11+00:00,55800
TI-ad61467be9,#hantavius #tiktoklearningcampaign #switzlerland #cruiseship #virus,https://www.tiktok.com/@user6004810768527/video/7639078510056852750,2026-05-12T18:47:00+00:00,138
TI-1864c777ae,Si has querido buscar esta música para tus videos o animaciones aquí está: hecho por Vivu video música hecha por Kevin MacLeod #fnaf #music #fyp #jerletts #infancia,https://www.tiktok.com/@jerletts_fan/video/7632114239724997906,2026-04-24T00:21:19+00:00,25
TI-165119724b,Handsss uppp,https://www.tiktok.com/@secrtsofia/video/7583358848694553887,2025-12-13T15:05:49+00:00,23600
TI-acb54435e9,ARE THEY SPITTING 🗣️🗣️⁉️⁉️🔥🔥💯 #xqc #adinross #thebigbang #thebigbangtheory #tbbt #pangea #pangrea #fiberoptic #fiberopticcable #fiberopticcablecore #tdokeyproductions #ytp #fyp #viral #trending @vz @𝕬𝖓𝖈𝖍𝖔𝖗.𝖆𝖊 @arch,https://www.tiktok.com/@tdokey/video/7349648818104732970,2024-03-23T19:51:25+00:00,282000
TI-966c94f37f,"Panagbenga 2026 memories 🌸💞🌸🌺💗🪻🌻

posting it here 💗

#panagbenga2026 #sessionroadinbloom #baguio #baguiocity #panagbenga",https://www.tiktok.com/@bbbyyyaaaaaa/video/7615131606155660564,2026-03-09T06:00:05+00:00,17
TI-eeba0ef76c,Panagbenga Festival #fypシ゚viral #fyp #trending #panagbenga #festival,https://www.tiktok.com/@juan_alasssss/video/7612187883193109778,2026-03-01T07:36:52+00:00,25
TI-c3d068309c,Panagbenga 2026 fireworks display ##fireworks  #panagbenga2026  #burnhampark  #fyp,https://www.tiktok.com/@ms.jhona_rie/video/7614887221816003847,2026-03-08T14:11:37+00:00,34
TI-58b0b58fdf,"Thank you for free picking to all Panagbenga flower floats after the event... 💮🌸🪷🌺🌹🪻

#happypanagbenga 
#fyppppppppppppppppppppppp 
#xybca 
#fyp",https://www.tiktok.com/@jenngen_/video/7612289138229890325,2026-03-01T14:09:47+00:00,9
TI-86c9eba920,"Panagbenga closing night🎇🎆
#panagbenga2026",https://www.tiktok.com/@protegepardieu/video/7614956262257741063,2026-03-08T18:39:39+00:00,5010
TI-5aebbdfa13,Kyline Alcantara in Baguio 🥰 #panagbengafestival  #panagbenga2026,https://www.tiktok.com/@lifewithwynvi/video/7612444018596728085,2026-03-02T00:10:56+00:00,1101
TI-962878bc15,Panagbenga Festival 2026 🌺🌹🌼          #panagbenga2026 #panagbenga #fyp #highlight #everyoneシ゚,https://www.tiktok.com/@teacherzon/video/7612232602287672597,2026-03-01T10:30:22+00:00,44
TI-adb1509ab0,Panagbenga Festival #panagbenga2026 #fypシ゚viral🖤tiktok☆♡🦋myvideo❤️❤️🥰🥰 #fypageシforyoupageシ💞 #fypシ゚viral🖤tiktok☆♡🦋myvideo❤️❤️🥰🥰 #CapCut,https://www.tiktok.com/@indiefilmactor15/video/7612213866436627732,2026-03-01T09:17:46+00:00,30
TI-ff6ad88d5e,"had a great day in my life with @Globe Telecom & their activities during the Panagbenga season ⋆.ೃ࿔🌸*:･

can't wait to know what's in store for next year, but for now let me recollect my memories with Globe by my side 💙

#GoForwardTogether #GlobePanagbenga2026 #Globe5GEnergy #foryou #diml",https://www.tiktok.com/@jelzzzie/video/7615981177186290965,2026-03-11T12:56:44+00:00,2571
TI-150bfaa28a,"#benga #bengaremix #luo #viral
#trending",https://www.tiktok.com/@ombidhotv/video/7284165980920564997,2023-09-29T08:44:18+00:00,991
TI-ceac1fd6bd,"our own Kabataan has lost for our Motherland 
#PHILIPPINES #KATIPUNAN 
#MAGDALO #KABATAAN #PILIPINAS",https://www.tiktok.com/@yahayashaisgod06/video/7632398763805379847,2026-04-24T18:45:23+00:00,3892
TI-acca0db0bc,Panga ou Pangasios!!#piscicultura #natureza #peixe,https://www.tiktok.com/@aquaminas.piscicu/video/7491450550962130231,2025-04-09T22:54:19+00:00,8139
TI-11076591a5,Wend panga#ouagadougou🇧🇫 #burkinatiktok🇧🇫,https://www.tiktok.com/@dglalegende226/video/7272820371466833157,2023-08-29T18:57:32+00:00,98
TI-ab0f4f31b5,"I've been playing this for quite a while, ⁡I'm surprised I haven't discovered the pc version sooner 😞 // #pangya ⁡#pangyareborn #psp #golfgame ⁡#kawaii",https://www.tiktok.com/@zanmbiie/video/7556409373254339858,2025-10-02T00:07:52+00:00,863
TI-95c7a5300c,life on panjia #pangea #fyp #viral #rareaesthetic #viralvideo,https://www.tiktok.com/@rue2geeked/video/7613615752288963871,2026-03-05T03:57:47+00:00,894
TI-ff9a8ba280,Man this guy was harddd bro 7 attempts #reshiram #fyp #pokemonblack #pokemonplatinum #pokemon,https://www.tiktok.com/@thetone65/video/7610208209470606623,2026-02-23T23:34:55+00:00,1482
TI-ac99c489ae,#f #fy #fyp #fypシ #foryou #foryoupage #tiktok #life #regentspark #london #videoleap #flowers #garden,https://www.tiktok.com/@panagbenga/video/6845201271733996806,2020-07-03T10:37:01+00:00,8
TI-b575280553,#2020Wrapped #tiktok #foryou #fyppage #fyp #fy #richmond  #xyzbca #trees #winter #uk,https://www.tiktok.com/@panagbenga/video/6903791680181259521,2020-12-08T07:57:43+00:00,11
TI-99e035b59a,#uk #MerryBOSSmas #xyzbca #fyp #foryou #huaweiphotography#tiktoklover #love #life #flowers,https://www.tiktok.com/@panagbenga/video/6906075065226448129,2020-12-14T11:38:25+00:00,9
TI-e41040bb59,Pangea was a bad MF,https://www.tiktok.com/@mrgldnbrwn/video/7616235154608098573,2026-03-12T05:23:03+00:00,108
TI-ac08dfc95c,Serious question… #fyp #foryou #pangea #bible #america,https://www.tiktok.com/@msybe72/video/7586985652529532215,2025-12-23T09:39:32+00:00,1936
TI-7f46c12727,#pangea #pangaea #evolutionisalie #educatedqueens👑 #educatedblackwomen #educatedblackman #blackcommunity #blackhistory #blacklivesmatter #blacks #blackpeople #blackeducators #iuic #blackwomeninluxury #cogicpreacher #blackcommunitytiktok #blackandproud #blackwomen #blackladies #hamfatherofafricans #evolutionfits #blacktiktok #blackhebrewisraelites #blackjew #hamfatherofafricans #panthalassa,https://www.tiktok.com/@blacksinthebible/video/7291278900737363230,2023-10-18T12:46:08+00:00,2196
TI-3c9610d93f,#panagbenga2026,https://www.tiktok.com/@themegatower/video/7611761737028603154,2026-02-28T04:03:12+00:00,7
TI-0475893869,PMA Marching Band Dancing #fypシ  #viraltiktok #panagbenga2026,https://www.tiktok.com/@juanpaulobautista11/video/7611935062589820181,2026-02-28T15:15:47+00:00,1051
TI-51e315ce29,Panagbenga costume at Rhiniel collection#panagbengafestival #panagbenga2025 #RhinielCollection #rent @rhinielapparel @Rhian Orain,https://www.tiktok.com/@jnnlmrno19/video/7506509083978075400,2025-05-20T12:49:07+00:00,22
TI-65ff635ac4,#flowers #xyzbca #xybca #fy #fyp #fypシ #for #foryou #foryoupage #tiktok #life #love,https://www.tiktok.com/@panagbenga/video/6855339813705469189,2020-07-30T18:19:43+00:00,8
TI-946729fda9,Kolette Madelo performs at the Panagbenga Kapamilya Karavan! 👏🏻 #kolettemadelo #kapamilyakaravan #whatliesbeneath,https://www.tiktok.com/@nicoleuyxx/video/7614592833147784468,2026-03-07T19:09:20+00:00,2706
TI-93988d95be,"Panagbenga 2026 
Baguio City",https://www.tiktok.com/@deb.mi.pab/video/7613660514475855112,2026-03-05T06:51:25+00:00,35
TI-522e857a39,Session Rd.#fyp #fypシ゚viral #panagbengafestival2026 #baguio #baguiobenguet,https://www.tiktok.com/@m4gicflakes/video/7613360577892650261,2026-03-04T11:27:32+00:00,22
TI-c8f9077e5b,#panagbengafestival2026,https://www.tiktok.com/@znernacionales/video/7614790013380807956,2026-03-08T07:54:34+00:00,12
TI-cbefa434ac,"thank you 
a well spend day 
#panagbenga2026 
#fyppppppppppppppppppppppp",https://www.tiktok.com/@pitchie120/video/7614471536434597140,2026-03-07T11:18:40+00:00,9
TI-3c1771eb10,"PANAGBENGA FESTIVAL 
2026

#breathe #baguio  #panagbenga2026",https://www.tiktok.com/@alyssaptiu06/video/7614399555748121876,2026-03-07T06:39:21+00:00,8
TI-ecff21ca08,PANAGBENGA 2026#marikinamade #marikinaartisans ##jasmrkna #jasmineshoes,https://www.tiktok.com/@jasmrkn/video/7614767470309559570,2026-03-08T06:26:57+00:00,10
TI-1c0384e005,"Panagbenga Landscape displays🪴🌳🌿🎋

#panagbenga2026 #rosegarden #burnhampark #panagbenga #landscapedesign @➷✯͜͡ 𝑴𝙖𝘾𝙆𝙚𝙮 ͜͡✯",https://www.tiktok.com/@makiperiii/video/7606889318795218194,2026-02-15T00:55:48+00:00,34
TI-9c25d61390,"#panagbenga2026 
#baguiocity",https://www.tiktok.com/@grace.padilla_14/video/7614890853945101588,2026-03-08T14:25:50+00:00,11
TI-443f7513cb,"Panagbenga 2026 with @Globe Telecom 💙

So grateful for this experience—my first event! Thank you, Globe, for inviting me!

Make sure to drop by their booth before the Session in Bloom ends and have your own 5G Pit Stop experience! The Globe 5G Energy Jam is also happening this March 5 & 6 at Hot Cat and Rebel Bakehouse so see you guys there! #GoForIt

#GoForwardTogether #GlobePanagbenga2026 #Globe5GEnergy #Globe5GEnergyJam",https://www.tiktok.com/@yiry.dmd/video/7613338980448259349,2026-03-04T10:03:46+00:00,81
TI-632fd37a3f,"Honored to be Rumi for Baguio Country Club’s Float at the Panagbenga Grand Floral Float Parade 2026! 🌸🌺🌷🌻🌼🌹

#Panagbenga #Baguio #FloatParade #KpopDemonHunters",https://www.tiktok.com/@anjalicpk/video/7613397445027908882,2026-03-04T13:50:32+00:00,109
TI-832e438416,"Panagbenga Festival 2025
Grand Floral Float Parade  

#fyp #baguio #baguiocity #panagbenga #panagbenga2025 #panagbenga2025 #floatparade #panagbengafloatparade2025",https://www.tiktok.com/@jeneree_/video/7474482405475192072,2025-02-23T05:29:16+00:00,2305
TI-c431b21e86,"#festivaldance VII-MAGALANG VERSION 
#mapeh 
#panagbengafestival 
#atiatihanfestival",https://www.tiktok.com/@2platinum_reyna_3cver1.5/video/7484538068398066951,2025-03-22T07:50:23+00:00,8
TI-8c6dcd764a,"Tawid A Balitok! Panagbenga Festival 2025 2nd Runner-up, Best in Costume and Props #Panagbenga #choreographer",https://www.tiktok.com/@angeloalfreds/video/7474424874111388936,2025-02-23T01:46:01+00:00,914
TI-2ea75653f8,the song,https://www.tiktok.com/@pang.a95/video/7632614881660767506,2026-04-25T08:44:00+00:00,213
TI-6bbcc62b59,#Panagbenga2026 #Baguio  #fyp,https://www.tiktok.com/@gelicacos/video/7611783419541916948,2026-02-28T05:27:22+00:00,334
TI-4ab7c414ec,PANAGBENGA FESTIVAL!🌸🌺#festival #foryoupage #4upage #fyppppppppppppppppppppppp #fypシ゚viral,https://www.tiktok.com/@seyiee_syeon/video/7600380371083005204,2026-01-28T11:57:41+00:00,337
TI-67ea75a0f7,"The Pagbana-ag Festival of the Municipality of Hinoba-an during the 28th Panaad sa Negros Festival Best of Festival Dance Competition 2024 held at the Panaad Stadium, Negros Occidental. 

The word ""pagbana-ag"" depicts a hopeful and faithful Hinoba-an struggling to overcome the challenges of economic and global instability. The festival's identity is a rising sun with 13 rays that represent the 13 barangays of the Municipality uniting to make Hinoba-an a more sustainable and liveable community. 

#28thPanaadsaNegrosFestival 
#livingthepromise 
#panaadsanegros2024 
#abansenegrense 
#hinobaan 
#pagbanaagfestival",https://www.tiktok.com/@dagyang_photography/video/7358780818191420678,2024-04-17T10:27:57+00:00,24
TI-a84bfba51a,"sobrang nag-enjoy ako sa baguio! 😊

#BPxPanagbenga2026
#PanagbengaBP2026
#BloomWithBP",https://www.tiktok.com/@.redbedonia/video/7617734516974701845,2026-03-16T06:20:47+00:00,8034
TI-ea016326c9,"Experience the vibrant Say-am Naya Apayao, featuring Rambak ni Mannalon of Luna, Apayao — a powerful celebration of chants, dances, and timeless traditions that honor the province’s heritage and spirit.

Post Office Park, Upper Session Road, Baguio City
October 24, 2025 | 8 AM

#FestivalofFestivals2025 #IndigenousPeoplesMonth2025 #FindYourselfintheCordilleras #LovethePhilippines 
#baguiocity",https://www.tiktok.com/@sojournpines/video/7563641737391000840,2025-10-21T11:52:59+00:00,8
TI-e5d86929ea,"🌻 Panagbenga festival 🌻
#gag #roblox #sunflower @𐙚 デニス₍ᐢ. .ᐢ₎",https://www.tiktok.com/@clark.2nma8/video/7513788361572764936,2025-06-09T03:36:26+00:00,64
TI-5aca17d027,Nagulat yung mga kabayo buti hindi tumayo🤦‍♀️ #Panagbenga2026 #gellgadianovlogs #SaBaguio #baguiocity #Baguio,https://www.tiktok.com/@gellgadianovlogs/video/7602150380469865735,2026-02-02T06:26:10+00:00,106
TI-ff30ef2ca9,Panagbenga2026 with Bioderm 🧼 #panagbenga2026 #fyp,https://www.tiktok.com/@lindselabat/video/7615481426510613778,2026-03-10T04:37:30+00:00,226
TI-30aac55beb,"This will always feel like home. 🌸 If you’ve never seen a Cordillera dance in person… this is your sign. ✨

#B#BaguioCityC#CordilleraC#CulturalDanceP#Panagbenga2026P#PhilippineCulture",https://www.tiktok.com/@hustinaguide/video/7611770285938756884,2026-02-28T04:36:26+00:00,28
TI-d6cd307725,"Panagbenga Float Parade UNLOCKED 
#onthisday #happeningnow
#panagbenga2026 
#wheninbaguio #sessioninbloom #sabaguio",https://www.tiktok.com/@mcreyna.abyado/video/7611970584485858578,2026-02-28T17:33:35+00:00,83
TI-f8a849a2c2,panagbenga is calling 🤙🏻#baguio #baguiocity #panagbenga #sessionroad,https://www.tiktok.com/@ganggangchicken/video/7611509065168227602,2026-02-27T11:42:40+00:00,10
TI-a22ec4a7be,one for the books- panagbenga 2024. bulag na lang kayo kung di niyo pa nakikita #donbelle #cantbuymelove #donnypangilinan #bellemariano #fyp #foryou #donbellempire #panagbenga,https://www.tiktok.com/@doughnbil/video/7341727863965502725,2024-03-02T11:33:48+00:00,6642
TI-e5e7c4692e,#baguio #panagbenga,https://www.tiktok.com/@nii_kkoo/video/7612615119079542034,2026-03-02T11:14:43+00:00,10
TI-f0b2513375,Balik kana sa Baguio habang napakalamig pa #baguio #baguiofeels #stairs #fypシ #panagbenga2026,https://www.tiktok.com/@jcilagan17/video/7601292192505777429,2026-01-30T22:56:04+00:00,27600
TI-7d7cabc1e2,Hello @Michael Sager 🫶🏻#panagbenga2026 #fyp #viral #michaelsager,https://www.tiktok.com/@evangelinegarcilian11/video/7612231375743225108,2026-03-01T10:25:38+00:00,57
TI-a51a278adc,"#BINI_STACEY (@Stacey Sevilleja ) 
Speaking in Ilocano 🫶🏼
BINI in Panagbenga 2024 
#biniph #BINIxCokeStudio #bini",https://www.tiktok.com/@jilyanclp/video/7338981294430260485,2024-02-24T01:55:42+00:00,61100
TI-1b96074fb7,SM BAGUIO,https://www.tiktok.com/@jefersondulnuan/video/7612285483128786183,2026-03-01T13:55:33+00:00,21
TI-ba03c8efe4,"Panagbenga 2026

#highlights #highligthseveryone #tiktokeveryone #viraltiktok",https://www.tiktok.com/@eekznahd31/video/7602260637741370632,2026-02-02T13:34:00+00:00,106
TI-18860835fa,"Panagbenga hunks, for the free foods…. #igorotiktokers",https://www.tiktok.com/@therealkik0/video/7612055491899919634,2026-02-28T23:03:11+00:00,8442
TI-2449f1e45f,"""Mingle"" song from Squid Game Season 2 performed by the Philippine Military Academy Band during the Panagbenga Grand Street Dance Parade in Baguio City on February 22, 2025.
@squidgamenetlfix 
 #Panagbenga2025 #philippines #baguio #mingle #squidgame #philippinemilitaryacademy",https://www.tiktok.com/@baguioheraldexpress/video/7474134937323441409,2025-02-22T07:01:22+00:00,499
TI-d957cf55fd,"Congratulations another successful regional event, Iñigo! We’re so proud of you, more milestones ahead 🙏 Happy Panagbenga Festival Baguio! 🤍 @Iñigo",https://www.tiktok.com/@erlenemuena/video/7614524337323887880,2026-03-07T14:43:27+00:00,3138
TI-dfbbfd02b7,Come and join the Panagbenga Festival. 🌺🌸🌼🌷 #festival #philippines #tourism #baguio #baguiocity #panagbengafestival #panagbenga #panagbenga2024 #kultura #kasaysayan #phtravel,https://www.tiktok.com/@historyafilipinas/video/7331082083990899973,2024-02-02T19:02:44+00:00,119
TI-f788a33197,Happy Panagbenga 2026! #panagbenga2026 #panagbengaopeningparade #baguiocity #panagbenga #baguio,https://www.tiktok.com/@emczeee/video/7601792303971290388,2026-02-01T07:16:42+00:00,40
TI-840af00a94,"Another Igorot spotted sa Panangbenga Fluvial parade
#panagbenga 
#panagbengafestival 
#baguio",https://www.tiktok.com/@jonainjapan/video/7477915150427671816,2025-03-04T11:30:02+00:00,82
TI-f3f336fc08,"#PANAGBENGA 
#festival 
#philippinesfestival 
#unakaya 
#kantapilipinas 
#flowerfestival 
#grade4 
#performancetask",https://www.tiktok.com/@justvhieme/video/7416653409194970375,2024-09-20T09:23:11+00:00,11
